"EntityNumber","ActivityGroup","NaceVersion","NaceCode","Classification"
"0211.264.614","006","2025","94910","MAIN"
"0405.404.273","006","2025","49320","MAIN"
"0405.404.273","006","2003","60230","MAIN"
"0405.404.273","001","2003","60230","MAIN"
"0405.404.273","001","2025","49320","MAIN"
"0405.404.273","001","2025","49330","SECO"
"0405.404.273","006","2008","49390","MAIN"
"0405.404.273","001","2008","49390","MAIN"
"0405.404.273","001","2008","49320","SECO"
"0413.970.660","001","2025","71111","SECO"
"0413.970.660","001","2025","68203","SECO"
"0413.970.660","001","2025","68201","MAIN"
"0413.970.660","001","2025","68110","SECO"
"0413.970.660","001","2003","70201","MAIN"
"0413.970.660","001","2008","68100","SECO"
"0413.970.660","001","2008","68203","SECO"
"0413.970.660","001","2008","71111","SECO"
"0413.970.660","001","2008","68201","MAIN"
"0417.398.324","006","2025","93191","MAIN"
"0417.398.324","006","2003","92621","MAIN"
"0417.398.324","001","2025","85510","SECO"
"0417.398.324","001","2025","93191","MAIN"
"0417.398.324","006","2008","93191","MAIN"
"0425.146.644","006","2025","47120","MAIN"
"0425.146.644","006","2003","52122","MAIN"
"0425.146.644","001","2025","47521","MAIN"
"0425.146.644","001","2025","47120","SECO"
"0425.146.644","001","2025","47527","SECO"
"0425.146.644","001","2025","47783","SECO"
"0425.146.644","001","2025","47525","SECO"
"0425.146.644","001","2025","47551","SECO"
"0425.146.644","001","2025","47526","SECO"
"0425.146.644","001","2003","52461","MAIN"
"0425.146.644","006","2008","47191","MAIN"
"0425.146.644","001","2008","47521","MAIN"
"0425.279.177","006","2025","52250","MAIN"
"0425.279.177","001","2025","70200","SECO"
"0425.279.177","001","2025","78200","SECO"
"0425.279.177","001","2025","63920","MAIN"
"0425.279.177","001","2008","70220","SECO"
"0425.279.177","001","2008","78300","SECO"
"0425.279.177","001","2008","63990","MAIN"
"0430.505.794","006","2025","46460","MAIN"
"0430.505.794","006","2003","51460","MAIN"
"0430.505.794","001","2003","85141","SECO"
"0430.505.794","001","2003","51550","MAIN"
"0430.505.794","001","2025","86910","SECO"
"0430.505.794","001","2025","46851","MAIN"
"0430.505.794","006","2008","46460","MAIN"
"0430.505.794","001","2008","86901","SECO"
"0430.505.794","001","2008","46751","MAIN"
"0434.779.338","006","2025","33110","MAIN"
"0434.779.338","006","2003","34201","MAIN"
"0434.779.338","001","2025","95314","MAIN"
"0434.779.338","001","2025","29320","SECO"
"0434.779.338","001","2025","95311","SECO"
"0434.779.338","001","2025","29201","SECO"
"0434.779.338","001","2025","95319","SECO"
"0434.779.338","001","2025","47811","SECO"
"0434.779.338","001","2025","95313","SECO"
"0434.779.338","006","2008","33110","MAIN"
"0434.779.338","001","2008","29201","SECO"
"0434.779.338","001","2008","45201","SECO"
"0434.779.338","001","2008","45209","SECO"
"0434.779.338","001","2008","45113","SECO"
"0434.779.338","001","2008","45204","MAIN"
"0439.722.873","001","2025","47552","SECO"
"0439.722.873","001","2025","46431","MAIN"
"0439.722.873","001","2025","47540","SECO"
"0439.722.873","001","2025","47770","SECO"
"0439.722.873","001","2025","47400","SECO"
"0439.759.891","001","2025","94110","SECO"
"0439.759.891","001","2003","91110","MAIN"
"0439.759.891","001","2008","94110","SECO"
"0444.937.713","001","2025","85204","MAIN"
"0451.095.035","006","2025","56301","MAIN"
"0451.095.035","001","2025","56301","MAIN"
"0451.095.035","001","2025","56111","SECO"
"0451.095.035","001","2025","56302","SECO"
"0451.095.035","001","2003","55402","SECO"
"0451.095.035","001","2003","55401","MAIN"
"0451.095.035","006","2008","56301","MAIN"
"0451.095.035","001","2008","56302","SECO"
"0451.095.035","001","2008","56301","MAIN"
"0453.405.813","001","2025","94999","SECO"
"0453.405.813","001","2025","72109","MAIN"
"0453.405.813","001","2025","85599","SECO"
"0453.405.813","001","2025","63910","SECO"
"0453.405.813","001","2025","74999","SECO"
"0460.849.473","001","2025","73110","MAIN"
"0460.849.473","001","2025","90120","SECO"
"0460.849.473","001","2025","82990","SECO"
"0460.849.473","001","2025","90399","SECO"
"0465.369.871","001","2025","14210","SECO"
"0465.369.871","001","2025","85599","SECO"
"0465.369.871","001","2025","47920","MAIN"
"0465.369.871","001","2025","69201","SECO"
"0466.829.524","006","2025","56111","MAIN"
"0466.829.524","001","2025","56111","MAIN"
"0466.829.524","001","2008","56101","MAIN"
"0474.168.860","001","2025","70100","MAIN"
"0475.154.696","006","2025","90202","MAIN"
"0475.154.696","006","2008","90012","MAIN"
"0475.551.111","003","2008","69101","MAIN"
"0475.551.111","003","2025","69101","MAIN"
"0475.551.111","003","2003","74111","MAIN"
"0479.029.154","001","2025","85599","SECO"
"0479.029.154","001","2025","14210","MAIN"
"0479.029.154","001","2025","82300","SECO"
"0480.101.203","001","2025","86220","MAIN"
"0502.318.458","001","2025","96210","MAIN"
"0504.850.950","001","2025","81300","SECO"
"0504.850.950","001","2025","82990","SECO"
"0504.850.950","001","2025","42212","SECO"
"0504.850.950","001","2025","43120","MAIN"
"0505.928.541","001","2025","01480","MAIN"
"0505.984.365","001","2025","68122","SECO"
"0505.984.365","001","2008","41102","SECO"
"0508.545.561","001","2025","31004","SECO"
"0508.545.561","001","2025","31002","SECO"
"0508.545.561","001","2025","31001","SECO"
"0508.545.561","001","2025","43990","SECO"
"0508.545.561","001","2025","43320","MAIN"
"0508.545.561","001","2008","43320","MAIN"
"0508.545.561","001","2008","31010","SECO"
"0508.545.561","001","2008","31091","SECO"
"0508.545.561","001","2008","31020","SECO"
"0526.776.811","001","2025","74120","MAIN"
"0533.891.166","001","2025","46389","MAIN"
"0533.891.166","001","2025","85599","SECO"
"0534.437.435","001","2025","70200","SECO"
"0534.437.435","001","2025","73110","SECO"
"0534.437.435","001","2025","82990","MAIN"
"0534.437.435","001","2025","70100","SECO"
"0534.437.435","001","2025","73300","SECO"
"0536.655.765","001","2025","49500","MAIN"
"0536.655.765","001","2025","82990","SECO"
"0536.655.765","001","2025","47551","SECO"
"0536.655.765","001","2025","49420","SECO"
"0536.655.765","001","2025","31001","SECO"
"0537.288.839","006","2025","46851","MAIN"
"0537.288.839","001","2025","47120","MAIN"
"0537.288.839","006","2008","46751","MAIN"
"0541.486.365","001","2025","81300","SECO"
"0541.486.365","001","2025","55204","MAIN"
"0541.486.365","001","2025","86995","SECO"
"0541.486.365","001","2008","86909","SECO"
"0541.486.365","001","2008","55204","MAIN"
"0546.974.981","001","2025","85599","SECO"
"0546.974.981","001","2025","96999","MAIN"
"0546.974.981","001","2025","82990","SECO"
"0546.974.981","001","2025","70200","SECO"
"0549.800.750","001","2025","43341","MAIN"
"0553.807.246","001","2025","43910","SECO"
"0553.807.246","001","2025","82990","SECO"
"0553.807.246","001","2025","43230","SECO"
"0553.807.246","001","2025","43990","SECO"
"0553.807.246","001","2025","43422","SECO"
"0553.807.246","001","2025","43120","MAIN"
"0558.952.996","001","2025","82990","SECO"
"0558.952.996","001","2025","68310","MAIN"
"0565.852.963","001","2025","56220","SECO"
"0565.852.963","001","2025","56112","MAIN"
"0565.852.963","001","2025","56210","SECO"
"0565.852.963","001","2025","82300","SECO"
"0573.590.890","001","2025","47770","MAIN"
"0573.590.890","001","2025","32122","SECO"
"0573.590.890","001","2025","74111","SECO"
"0597.620.760","006","2025","81220","MAIN"
"0597.620.760","006","2008","81220","MAIN"
"0627.836.755","001","2025","95290","SECO"
"0627.836.755","001","2025","74201","MAIN"
"0627.836.755","001","2025","18120","SECO"
"0627.836.755","001","2025","32990","SECO"
"0627.836.755","001","2025","74112","SECO"
"0627.940.584","001","2025","62100","SECO"
"0627.940.584","001","2025","62900","SECO"
"0627.940.584","001","2025","70200","MAIN"
"0627.940.584","001","2025","62200","SECO"
"0629.927.205","001","2025","82100","SECO"
"0629.927.205","001","2025","74111","SECO"
"0629.927.205","001","2025","47784","MAIN"
"0629.927.205","001","2025","85599","SECO"
"0629.927.205","001","2025","32130","SECO"
"0629.927.205","001","2025","74120","SECO"
"0629.927.205","001","2008","85599","SECO"
"0631.689.140","006","2025","97000","MAIN"
"0642.827.017","001","2025","70200","SECO"
"0642.827.017","001","2025","71121","MAIN"
"0642.827.017","001","2025","71209","SECO"
"0642.827.017","001","2025","73300","SECO"
"0642.827.017","001","2008","71121","MAIN"
"0643.736.243","001","2025","96230","SECO"
"0643.736.243","001","2025","86940","MAIN"
"0643.736.243","001","2025","86999","SECO"
"0644.648.439","006","2025","86220","MAIN"
"0644.648.439","001","2025","86220","MAIN"
"0644.648.439","001","2008","86220","MAIN"
"0648.498.250","001","2025","33150","MAIN"
"0648.498.250","001","2025","82990","SECO"
"0648.498.250","001","2025","81230","SECO"
"0649.730.249","001","2025","01500","SECO"
"0649.730.249","001","2025","01610","SECO"
"0649.730.249","001","2025","01630","MAIN"
"0649.730.249","001","2025","52210","SECO"
"0649.730.249","001","2025","52250","SECO"
"0652.812.077","001","2025","56112","MAIN"
"0656.348.025","001","2025","01500","SECO"
"0656.348.025","001","2025","01610","SECO"
"0656.348.025","001","2025","01630","MAIN"
"0656.348.025","001","2025","52210","SECO"
"0656.348.025","001","2025","52250","SECO"
"0660.579.403","001","2025","49330","MAIN"
"0661.254.641","006","2025","47770","MAIN"
"0661.254.641","006","2003","52484","MAIN"
"0661.254.641","006","2008","47770","MAIN"
"0661.715.786","001","2025","46872","MAIN"
"0661.715.786","001","2025","43990","SECO"
"0661.715.786","001","2025","43341","SECO"
"0661.715.786","001","2025","46711","SECO"
"0661.715.786","001","2008","46772","MAIN"
"0661.715.786","001","2008","45111","SECO"
"0661.825.951","001","2025","01430","SECO"
"0661.825.951","001","2025","96995","SECO"
"0661.825.951","001","2025","93127","SECO"
"0661.825.951","001","2025","96993","SECO"
"0661.825.951","001","2025","86995","SECO"
"0661.825.951","001","2025","86999","SECO"
"0661.825.951","001","2025","85510","SECO"
"0661.825.951","001","2025","96230","SECO"
"0661.825.951","001","2025","88999","SECO"
"0661.825.951","001","2025","86939","MAIN"
"0661.825.951","001","2008","96093","SECO"
"0661.825.951","001","2008","86909","SECO"
"0661.825.951","001","2008","96095","SECO"
"0661.825.951","001","2008","96040","SECO"
"0661.825.951","001","2008","93127","SECO"
"0667.280.222","001","2025","47784","SECO"
"0667.280.222","001","2025","47750","SECO"
"0667.280.222","001","2025","96210","MAIN"
"0671.722.426","006","2025","56120","MAIN"
"0671.722.426","001","2025","56120","MAIN"
"0671.722.426","001","2025","56210","SECO"
"0675.405.456","001","2025","95311","SECO"
"0675.405.456","001","2025","95313","SECO"
"0675.405.456","001","2025","95315","SECO"
"0675.405.456","001","2025","46720","SECO"
"0675.405.456","001","2025","95319","MAIN"
"0676.288.948","001","2025","82100","MAIN"
"0676.947.261","001","2025","70200","SECO"
"0676.947.261","001","2025","71121","MAIN"
"0676.947.261","001","2025","73300","SECO"
"0678.663.567","006","2025","46644","MAIN"
"0685.368.148","001","2025","82100","SECO"
"0685.368.148","001","2025","85510","SECO"
"0685.368.148","001","2025","55203","SECO"
"0685.368.148","001","2025","01430","MAIN"
"0685.368.148","001","2025","93127","SECO"
"0685.586.694","001","2025","77393","SECO"
"0685.586.694","001","2025","71121","SECO"
"0685.586.694","001","2025","71111","MAIN"
"0685.586.694","001","2008","71111","MAIN"
"0685.586.694","001","2008","71121","SECO"
"0692.443.111","001","2025","56112","SECO"
"0692.443.111","001","2025","56301","MAIN"
"0694.853.461","001","2025","56210","MAIN"
"0697.602.224","001","2025","85510","MAIN"
"0700.843.311","001","2025","42220","SECO"
"0700.843.311","001","2025","43211","MAIN"
"0702.473.802","001","2025","82100","SECO"
"0702.473.802","001","2025","33120","SECO"
"0702.473.802","001","2025","82990","SECO"
"0702.473.802","001","2025","68203","MAIN"
"0705.944.818","001","2025","47279","SECO"
"0705.944.818","001","2025","73200","SECO"
"0705.944.818","001","2025","96999","SECO"
"0705.944.818","001","2025","47715","SECO"
"0705.944.818","001","2025","47716","SECO"
"0705.944.818","001","2025","47781","SECO"
"0705.944.818","001","2025","47120","SECO"
"0705.944.818","001","2025","96220","SECO"
"0705.944.818","001","2025","47712","SECO"
"0705.944.818","001","2025","47711","SECO"
"0705.944.818","001","2025","47714","SECO"
"0705.944.818","001","2025","86995","SECO"
"0705.944.818","001","2025","96230","SECO"
"0705.944.818","001","2025","73110","MAIN"
"0705.944.818","001","2008","73200","SECO"
"0705.944.818","001","2008","73110","MAIN"
"0705.944.818","001","2008","47716","SECO"
"0705.944.818","001","2008","86909","SECO"
"0705.944.818","001","2008","47910","SECO"
"0705.944.818","001","2008","96040","SECO"
"0705.944.818","001","2008","47299","SECO"
"0705.944.818","001","2008","96022","SECO"
"0705.944.818","001","2008","47712","SECO"
"0705.944.818","001","2008","47711","SECO"
"0705.944.818","001","2008","47990","SECO"
"0705.944.818","001","2008","47714","SECO"
"0705.944.818","001","2008","47715","SECO"
"0705.944.818","001","2008","96099","SECO"
"0707.627.371","001","2025","42911","SECO"
"0707.627.371","001","2025","81300","SECO"
"0707.627.371","001","2025","01610","SECO"
"0707.627.371","001","2025","43120","MAIN"
"0707.627.371","001","2025","37000","SECO"
"0707.946.679","001","2025","01500","SECO"
"0707.946.679","001","2025","01610","SECO"
"0707.946.679","001","2025","01630","SECO"
"0707.946.679","001","2025","43120","MAIN"
"0707.946.679","001","2008","43120","MAIN"
"0707.946.679","001","2008","01610","SECO"
"0707.946.679","001","2008","01630","SECO"
"0708.923.609","001","2025","71121","SECO"
"0708.923.609","001","2025","74201","MAIN"
"0708.923.609","001","2025","59113","SECO"
"0708.923.609","001","2025","71209","SECO"
"0715.660.555","006","2025","70200","MAIN"
"0715.660.555","001","2025","47811","SECO"
"0715.660.555","001","2025","81210","SECO"
"0715.660.555","001","2025","81220","MAIN"
"0716.174.061","001","2025","71111","MAIN"
"0716.174.061","001","2003","74201","MAIN"
"0716.174.061","001","2008","71111","MAIN"
"0716.174.061","003","2008","71111","MAIN"
"0716.174.061","003","2003","74201","MAIN"
"0716.174.061","003","2025","71111","MAIN"
"0721.837.772","006","2025","56112","MAIN"
"0721.837.772","006","2008","56102","MAIN"
"0722.821.036","001","2025","46311","SECO"
"0722.821.036","001","2025","46319","SECO"
"0722.821.036","001","2025","47210","MAIN"
"0723.989.489","001","2025","59113","MAIN"
"0723.989.489","001","2025","74201","SECO"
"0723.989.489","001","2025","59120","SECO"
"0723.989.489","001","2025","60390","SECO"
"0723.989.489","001","2025","90201","SECO"
"0726.816.842","001","2025","82990","SECO"
"0728.199.883","001","2025","82990","SECO"
"0728.199.883","001","2025","85599","MAIN"
"0728.199.883","001","2025","71119","SECO"
"0729.717.637","001","2025","93130","SECO"
"0729.717.637","001","2025","47716","SECO"
"0729.717.637","001","2025","85510","MAIN"
"0734.954.746","001","2025","68204","SECO"
"0734.954.746","001","2025","68201","MAIN"
"0734.954.746","001","2025","68203","SECO"
"0736.743.407","006","2025","47221","MAIN"
"0736.743.407","001","2025","47221","MAIN"
"0736.743.407","001","2025","56210","SECO"
"0736.743.407","001","2025","47222","SECO"
"0736.743.407","001","2025","47110","SECO"
"0736.743.407","001","2025","47279","SECO"
"0736.743.407","001","2025","47241","SECO"
"0736.743.407","001","2025","10850","SECO"
"0736.743.407","006","2008","47221","MAIN"
"0736.743.407","001","2008","10850","SECO"
"0736.743.407","001","2008","47221","MAIN"
"0736.743.407","001","2008","47222","SECO"
"0743.577.749","001","2025","47811","SECO"
"0743.577.749","001","2025","95319","SECO"
"0743.577.749","001","2025","47812","SECO"
"0743.577.749","001","2025","95314","MAIN"
"0744.189.641","001","2025","62900","MAIN"
"0746.623.747","001","2025","68201","SECO"
"0746.623.747","001","2025","52100","SECO"
"0746.623.747","001","2025","68204","SECO"
"0746.623.747","001","2025","68203","MAIN"
"0747.318.979","001","2025","73110","SECO"
"0747.318.979","001","2025","70200","MAIN"
"0748.331.937","001","2025","63100","SECO"
"0748.331.937","001","2025","62900","SECO"
"0748.331.937","001","2025","63910","SECO"
"0748.331.937","001","2025","62200","MAIN"
"0748.331.937","001","2025","62100","SECO"
"0749.775.653","001","2025","68201","MAIN"
"0750.825.134","001","2025","82990","SECO"
"0750.825.134","001","2025","16230","SECO"
"0750.825.134","001","2025","46831","SECO"
"0750.825.134","001","2025","68204","SECO"
"0750.825.134","001","2008","68204","SECO"
"0750.832.062","001","2025","49410","MAIN"
"0754.524.297","001","2025","85510","MAIN"
"0754.524.297","001","2025","74991","SECO"
"0754.524.297","001","2025","59203","SECO"
"0754.524.297","001","2008","59203","SECO"
"0754.524.297","001","2008","74901","SECO"
"0754.620.111","001","2025","82990","SECO"
"0754.620.111","001","2025","60390","MAIN"
"0754.620.111","001","2025","96220","SECO"
"0754.620.111","001","2025","73110","SECO"
"0755.415.610","001","2025","86997","MAIN"
"0755.438.275","001","2025","85599","MAIN"
"0755.438.275","001","2025","86995","SECO"
"0755.438.275","001","2025","96999","SECO"
"0755.438.275","001","2025","47784","SECO"
"0755.438.275","001","2025","56210","SECO"
"0755.438.275","001","2025","47120","SECO"
"0755.438.275","001","2008","96099","SECO"
"0755.438.275","001","2008","85599","MAIN"
"0755.484.993","001","2025","43331","MAIN"
"0755.484.993","001","2025","43230","SECO"
"0755.484.993","001","2025","81230","SECO"
"0755.484.993","001","2025","43120","SECO"
"0755.484.993","001","2025","43910","SECO"
"0755.484.993","001","2025","43990","SECO"
"0755.484.993","001","2008","43331","MAIN"
"0755.484.993","001","2008","43999","SECO"
"0755.484.993","001","2008","81290","SECO"
"0755.484.993","001","2008","43390","SECO"
"0755.484.993","001","2008","43291","SECO"
"0758.591.270","001","2025","27510","SECO"
"0758.591.270","001","2025","43350","SECO"
"0758.591.270","001","2025","28250","SECO"
"0758.591.270","001","2025","43221","MAIN"
"0758.591.270","001","2025","43410","SECO"
"0758.591.270","001","2025","63920","SECO"
"0758.591.270","001","2025","43223","SECO"
"0758.591.270","001","2025","43222","SECO"
"0758.937.896","001","2025","41001","MAIN"
"0758.937.896","001","2025","41002","SECO"
"0758.937.896","001","2025","41003","SECO"
"0763.353.871","001","2025","82990","SECO"
"0763.353.871","001","2025","73300","SECO"
"0763.353.871","001","2025","70200","MAIN"
"0763.873.218","001","2025","68121","MAIN"
"0763.873.218","001","2025","68321","SECO"
"0763.873.218","001","2025","41001","SECO"
"0763.873.218","001","2025","71121","SECO"
"0763.873.218","001","2008","68321","SECO"
"0763.873.218","001","2008","68322","SECO"
"0763.873.218","001","2008","71121","SECO"
"0763.873.218","001","2008","41101","MAIN"
"0763.873.218","001","2008","41201","SECO"
"0764.795.609","001","2025","47811","MAIN"
"0765.564.679","001","2025","71121","MAIN"
"0765.564.679","001","2025","74112","SECO"
"0765.564.679","001","2025","74140","SECO"
"0765.564.679","001","2025","70200","SECO"
"0765.564.679","001","2025","62200","SECO"
"0766.388.387","001","2025","82990","SECO"
"0766.388.387","001","2025","86951","MAIN"
"0771.489.203","001","2025","86220","MAIN"
"0771.869.481","006","2025","56111","MAIN"
"0771.869.481","001","2025","56111","MAIN"
"0771.869.481","001","2025","56112","SECO"
"0771.869.481","001","2025","55203","SECO"
"0771.869.481","006","2008","56101","MAIN"
"0771.869.481","001","2008","56101","MAIN"
"0771.869.481","001","2008","56102","SECO"
"0771.999.145","001","2025","49330","SECO"
"0771.999.145","001","2025","49410","MAIN"
"0773.905.194","001","2025","62100","MAIN"
"0773.905.194","001","2025","90120","SECO"
"0776.531.619","001","2025","46180","SECO"
"0776.531.619","001","2025","77110","SECO"
"0776.531.619","001","2025","47811","MAIN"
"0776.531.619","001","2025","47820","SECO"
"0776.531.619","001","2025","47812","SECO"
"0776.531.619","001","2025","95312","SECO"
"0776.531.619","001","2008","45202","SECO"
"0776.531.619","001","2008","45112","SECO"
"0776.531.619","001","2008","77110","SECO"
"0776.531.619","001","2008","45193","SECO"
"0776.531.619","001","2008","45113","MAIN"
"0776.531.619","001","2008","45320","SECO"
"0777.559.126","001","2025","43410","SECO"
"0777.559.126","001","2025","43320","MAIN"
"0777.559.126","001","2025","16281","SECO"
"0777.559.126","001","2025","95240","SECO"
"0778.662.451","001","2025","68329","MAIN"
"0779.712.724","001","2025","53200","MAIN"
"0779.760.531","001","2025","41001","MAIN"
"0779.760.531","001","2025","71121","SECO"
"0779.760.531","001","2025","68122","SECO"
"0779.760.531","001","2025","68121","SECO"
"0783.454.944","001","2025","95316","MAIN"
"0783.706.055","001","2025","25999","SECO"
"0783.706.055","001","2025","16281","MAIN"
"0783.706.055","001","2025","47690","SECO"
"0783.706.055","001","2025","90130","SECO"
"0785.540.939","001","2025","63910","SECO"
"0785.540.939","001","2025","62200","MAIN"
"0785.540.939","001","2025","62100","SECO"
"0785.540.939","001","2025","47716","SECO"
"0785.719.004","006","2025","70200","MAIN"
"0785.719.004","001","2025","70200","SECO"
"0785.719.004","001","2025","68201","SECO"
"0785.719.004","001","2025","96999","SECO"
"0785.719.004","001","2025","66199","SECO"
"0785.719.004","001","2025","64999","MAIN"
"0785.719.004","001","2008","96099","SECO"
"0785.719.004","001","2008","66199","SECO"
"0785.719.004","001","2008","64999","MAIN"
"0785.719.004","001","2008","70220","SECO"
"0787.382.355","001","2025","43410","MAIN"
"0787.382.355","001","2025","43230","SECO"
"0787.382.355","001","2025","43320","SECO"
"0787.382.355","001","2025","43332","SECO"
"0787.382.355","001","2008","43910","MAIN"
"0787.382.355","001","2008","43320","SECO"
"0787.382.355","001","2008","43332","SECO"
"0789.274.251","006","2025","56111","MAIN"
"0789.274.251","001","2025","56111","SECO"
"0789.274.251","001","2025","56301","MAIN"
"0789.274.251","001","2008","56101","SECO"
"0789.274.251","001","2008","56301","MAIN"
"0791.807.337","006","2025","41001","MAIN"
"0791.917.007","001","2025","96210","MAIN"
"0793.137.227","001","2025","47750","SECO"
"0793.137.227","001","2025","96220","MAIN"
"0793.137.227","001","2025","74120","SECO"
"0793.137.227","001","2025","82990","SECO"
"0793.137.227","001","2008","74103","SECO"
"0793.137.227","001","2008","82990","SECO"
"0793.818.405","001","2025","64210","SECO"
"0793.818.405","001","2025","70200","SECO"
"0793.818.405","001","2025","63920","MAIN"
"0793.818.405","001","2025","82990","SECO"
"0793.818.405","001","2025","73300","SECO"
"0793.818.405","001","2008","70210","SECO"
"0793.818.405","001","2008","82990","SECO"
"0793.818.405","001","2008","70220","SECO"
"0793.818.405","001","2008","64200","SECO"
"0793.818.405","001","2008","63990","MAIN"
"0793.987.164","001","2025","29310","SECO"
"0793.987.164","001","2025","95311","SECO"
"0793.987.164","001","2025","95313","SECO"
"0793.987.164","001","2025","95312","SECO"
"0793.987.164","001","2025","62100","SECO"
"0793.987.164","001","2025","43211","SECO"
"0794.766.134","006","2025","46180","MAIN"
"0794.766.134","001","2025","46496","SECO"
"0794.766.134","001","2025","46499","SECO"
"0794.766.134","001","2025","47639","SECO"
"0794.766.134","001","2025","46180","MAIN"
"0794.766.134","001","2008","46496","SECO"
"0794.766.134","001","2008","46499","SECO"
"0794.766.134","001","2008","46180","MAIN"
"0794.766.134","001","2008","47640","SECO"
"0797.113.732","001","2025","90399","SECO"
"0797.113.732","001","2025","90393","SECO"
"0797.113.732","001","2025","90201","MAIN"
"0798.126.292","001","2025","66199","MAIN"
"0798.126.292","001","2025","82400","SECO"
"0799.339.782","001","2025","74209","SECO"
"0799.339.782","001","2025","62100","MAIN"
"0799.339.782","001","2025","74120","SECO"
"0800.072.034","001","2025","93299","SECO"
"0800.072.034","001","2025","85599","SECO"
"0800.072.034","001","2025","43211","SECO"
"0800.072.034","001","2025","86995","SECO"
"0800.072.034","001","2025","71209","MAIN"
"0800.072.034","001","2008","85599","SECO"
"0800.072.034","001","2008","93299","SECO"
"0800.072.034","001","2008","43211","SECO"
"0800.314.039","001","2025","82100","SECO"
"0800.314.039","001","2025","96999","SECO"
"0800.314.039","001","2025","85599","SECO"
"0800.314.039","001","2025","82990","MAIN"
"0800.314.039","001","2025","47910","SECO"
"0800.314.039","001","2008","96099","SECO"
"0800.314.039","001","2008","85599","SECO"
"0800.314.039","001","2008","82990","MAIN"
"0800.314.039","001","2008","82110","SECO"
"0801.781.709","006","2025","56112","MAIN"
"0801.781.709","001","2025","46180","SECO"
"0801.781.709","001","2025","56112","SECO"
"0801.781.709","001","2025","43211","MAIN"
"0801.781.709","001","2025","43240","SECO"
"0801.781.709","001","2025","95311","SECO"
"0801.781.709","001","2025","47811","SECO"
"0801.781.709","001","2025","43222","SECO"
"0801.781.709","001","2008","43299","SECO"
"0801.781.709","001","2008","45112","SECO"
"0801.781.709","001","2008","45113","SECO"
"0801.781.709","001","2008","43222","SECO"
"0801.781.709","001","2008","45201","SECO"
"0801.781.709","001","2008","43211","MAIN"
"0803.578.583","006","2025","43211","MAIN"
"0803.578.583","001","2025","81220","SECO"
"0803.578.583","001","2025","43222","MAIN"
"0803.578.583","001","2025","43212","SECO"
"0803.578.583","006","2008","43211","MAIN"
"0803.867.605","001","2025","56111","MAIN"
"0805.328.939","001","2025","86994","SECO"
"0805.328.939","001","2025","86951","MAIN"
"0811.619.388","006","2025","47721","MAIN"
"0811.619.388","006","2008","47721","MAIN"
"0815.622.916","001","2025","85510","MAIN"
"0815.622.916","001","2025","86961","SECO"
"0816.539.862","003","2008","69101","MAIN"
"0816.539.862","003","2025","69101","MAIN"
"0816.539.862","003","2003","74111","MAIN"
"0816.878.570","001","2025","47721","SECO"
"0816.878.570","001","2025","86994","MAIN"
"0816.878.570","001","2025","20420","SECO"
"0816.878.570","001","2025","47750","SECO"
"0816.878.570","001","2025","85592","SECO"
"0816.878.570","001","2025","96230","SECO"
"0816.878.570","001","2025","85599","SECO"
"0816.878.570","001","2025","47741","SECO"
"0816.878.570","001","2025","74999","SECO"
"0816.878.570","001","2008","86905","SECO"
"0816.878.570","001","2008","47750","SECO"
"0816.878.570","001","2008","47740","SECO"
"0816.878.570","001","2008","20420","SECO"
"0816.878.570","001","2008","47721","SECO"
"0816.878.570","001","2008","96040","MAIN"
"0820.897.439","001","2025","85599","SECO"
"0820.897.439","001","2025","96999","MAIN"
"0820.897.439","001","2025","70200","SECO"
"0830.254.474","001","2025","10890","SECO"
"0830.254.474","001","2025","01480","SECO"
"0830.254.474","001","2025","90120","MAIN"
"0830.254.474","001","2025","90399","SECO"
"0830.254.474","001","2025","90391","SECO"
"0830.254.474","001","2008","90029","SECO"
"0830.254.474","001","2008","90032","MAIN"
"0830.254.474","001","2008","90021","SECO"
"0843.953.547","001","2025","96230","MAIN"
"0847.511.962","001","2025","74120","SECO"
"0847.511.962","001","2025","62200","SECO"
"0847.511.962","001","2025","82990","SECO"
"0847.511.962","001","2025","63100","SECO"
"0847.511.962","001","2025","62100","MAIN"
"0847.511.962","001","2025","62900","SECO"
"0847.924.510","001","2025","43120","MAIN"
"0847.924.510","001","2025","82990","SECO"
"0847.924.510","001","2025","81300","SECO"
"0848.125.735","001","2025","82100","SECO"
"0848.125.735","001","2025","70200","SECO"
"0848.125.735","001","2025","47210","SECO"
"0848.125.735","001","2025","46492","SECO"
"0848.125.735","001","2025","46319","SECO"
"0848.125.735","001","2025","82990","MAIN"
"0848.125.735","001","2025","47789","SECO"
"0848.125.735","001","2025","73300","SECO"
"0848.125.735","001","2008","70220","SECO"
"0848.125.735","001","2008","47789","SECO"
"0848.125.735","001","2008","70210","SECO"
"0848.125.735","001","2008","82110","SECO"
"0848.125.735","001","2008","82990","MAIN"
"0848.125.735","001","2008","46492","SECO"
"0849.183.827","006","2025","56112","MAIN"
"0849.183.827","001","2025","70200","MAIN"
"0849.183.827","006","2008","56102","MAIN"
"0855.584.441","006","2025","56301","MAIN"
"0855.584.441","001","2025","56111","SECO"
"0855.584.441","001","2025","56301","MAIN"
"0859.701.201","006","2025","56301","MAIN"
"0859.701.201","006","2008","56301","MAIN"
"0865.478.342","001","2025","93299","SECO"
"0865.478.342","001","2025","82100","SECO"
"0865.478.342","001","2025","86999","SECO"
"0865.478.342","001","2025","32990","MAIN"
"0865.478.342","001","2025","47750","SECO"
"0865.478.342","001","2025","90130","SECO"
"0870.508.088","001","2025","81230","SECO"
"0870.508.088","001","2025","86995","SECO"
"0870.508.088","001","2025","81220","SECO"
"0870.508.088","001","2025","85510","MAIN"
"0870.508.088","001","2025","96230","SECO"
"0870.508.088","001","2025","81210","SECO"
"0870.508.088","001","2003","85146","SECO"
"0870.508.088","001","2003","93040","SECO"
"0870.508.088","001","2008","86909","SECO"
"0870.508.088","001","2008","96040","SECO"
"0873.832.715","006","2025","71201","MAIN"
"0873.832.715","006","2003","74301","MAIN"
"0873.832.715","001","2025","66210","MAIN"
"0873.832.715","001","2025","95311","SECO"
"0873.832.715","001","2003","50200","MAIN"
"0873.832.715","006","2008","71201","MAIN"
"0873.832.715","001","2008","45201","SECO"
"0876.641.755","001","2025","56301","MAIN"
"0880.663.889","001","2025","74999","MAIN"
"0882.143.635","001","2025","82300","MAIN"
"0882.678.818","001","2025","56210","MAIN"
"0882.678.818","001","2025","02200","SECO"
"0882.678.818","001","2025","43410","SECO"
"0882.678.818","001","2025","43320","SECO"
"0888.438.143","006","2025","01500","MAIN"
"0888.438.143","006","2008","01500","MAIN"
"0888.665.894","001","2025","85599","MAIN"
"0888.665.894","001","2025","47789","SECO"
"0888.665.894","001","2025","47784","SECO"
"0888.665.894","001","2025","86999","SECO"
"0888.665.894","001","2025","14299","SECO"
"0888.665.894","001","2025","32990","SECO"
"0888.665.894","001","2025","74111","SECO"
"0888.665.894","001","2025","90120","SECO"
"0889.264.227","001","2025","47400","SECO"
"0889.264.227","001","2025","47715","SECO"
"0889.264.227","001","2025","53200","SECO"
"0889.264.227","001","2025","47716","MAIN"
"0889.264.227","001","2025","47640","SECO"
"0889.264.227","001","2025","47722","SECO"
"0891.985.373","001","2025","86961","MAIN"
"0891.985.373","001","2025","47120","SECO"
"0892.190.954","001","2025","70200","MAIN"
"0892.190.954","001","2025","85592","SECO"
"0892.190.954","001","2025","49320","SECO"
"0892.190.954","001","2025","77229","SECO"
"0893.634.472","006","2025","43350","MAIN"
"0895.492.716","006","2025","86210","MAIN"
"0895.492.716","001","2025","86220","MAIN"
"0895.492.716","006","2008","86210","MAIN"
"0896.773.512","001","2025","82990","SECO"
"0896.773.512","001","2025","70200","MAIN"
"1000.289.041","001","2025","86997","MAIN"
"1000.289.041","001","2025","86999","SECO"
"1002.373.947","006","2025","88105","MAIN"
"1002.373.947","006","2008","88991","MAIN"
"1003.422.240","001","2025","86220","MAIN"
"1003.672.163","001","2025","43221","MAIN"
"1003.672.163","001","2025","43223","SECO"
"1003.672.163","001","2025","43222","SECO"
"1003.672.163","001","2008","43221","MAIN"
"1003.694.632","001","2025","43350","SECO"
"1003.694.632","001","2025","43120","SECO"
"1003.694.632","001","2025","42110","MAIN"
"1003.694.632","001","2025","43341","SECO"
"1003.694.632","001","2025","31002","SECO"
"1004.289.005","001","2025","82200","SECO"
"1004.289.005","001","2025","43350","MAIN"
"1004.289.005","001","2025","41003","SECO"
"1004.289.005","001","2025","46190","SECO"
"1004.289.005","001","2025","47910","SECO"
"1004.289.005","001","2025","62900","SECO"
"1004.289.005","001","2025","47920","SECO"
"1004.289.005","001","2025","70200","SECO"
"1004.289.005","001","2008","41203","SECO"
"1004.593.267","001","2025","70200","SECO"
"1004.593.267","001","2025","47120","SECO"
"1004.593.267","001","2025","73200","SECO"
"1004.593.267","001","2025","73300","MAIN"
"1004.593.267","001","2025","63920","SECO"
"1004.593.267","001","2025","85599","SECO"
"1004.593.267","001","2025","62200","SECO"
"1004.593.267","001","2008","73200","SECO"
"1004.593.267","001","2008","62020","SECO"
"1004.593.267","001","2008","47910","SECO"
"1004.593.267","001","2008","70220","SECO"
"1004.593.267","001","2008","70210","MAIN"
"1004.593.267","001","2008","63990","SECO"
"1006.048.366","006","2025","49410","MAIN"
"1006.048.366","001","2025","49410","MAIN"
"1006.048.366","001","2025","52250","SECO"
"1006.048.366","001","2025","53200","SECO"
"1006.272.753","001","2025","52250","SECO"
"1006.272.753","001","2025","43990","SECO"
"1006.272.753","001","2025","82990","SECO"
"1006.272.753","001","2025","43120","MAIN"
"1006.272.753","001","2008","52290","MAIN"
"1006.272.753","001","2008","43999","SECO"
"1006.654.914","006","2025","46832","MAIN"
"1006.654.914","006","2008","46732","MAIN"
"1007.646.589","001","2025","47721","SECO"
"1007.646.589","001","2025","47120","SECO"
"1007.646.589","001","2025","47722","SECO"
"1007.646.589","001","2025","47711","MAIN"
"1007.646.589","001","2025","47714","SECO"
"1007.646.589","001","2025","47715","SECO"
"1007.735.374","006","2025","41001","MAIN"
"1007.735.374","001","2025","43120","SECO"
"1007.735.374","001","2025","43230","SECO"
"1007.735.374","001","2025","41002","MAIN"
"1007.735.374","001","2025","43110","SECO"
"1007.735.374","001","2025","43221","SECO"
"1007.735.374","001","2008","43221","SECO"
"1007.735.374","001","2008","43291","SECO"
"1007.735.374","001","2008","43110","SECO"
"1007.735.374","001","2008","43120","SECO"
"1008.333.113","001","2025","86996","MAIN"
"1008.333.113","001","2025","74999","SECO"
"1009.405.754","001","2025","64210","SECO"
"1009.405.754","001","2025","77399","MAIN"
"1009.405.754","001","2025","52260","SECO"
"1009.405.754","001","2025","52250","SECO"
"1009.405.754","001","2025","82990","SECO"
"1009.405.754","001","2025","70200","SECO"
"1009.405.754","001","2008","64200","SECO"
"1009.990.229","001","2025","47120","MAIN"
"1009.990.229","001","2025","47279","SECO"
"1009.990.229","001","2025","47252","SECO"
"1010.045.954","001","2025","70200","SECO"
"1010.045.954","001","2025","56112","MAIN"
"1010.045.954","001","2025","56210","SECO"
"1010.045.954","001","2025","82300","SECO"
"1010.045.954","001","2008","56210","SECO"
"1010.045.954","001","2008","56102","MAIN"
"1010.569.853","001","2025","49410","MAIN"
"1010.569.853","001","2025","49390","SECO"
"1010.569.853","001","2025","49330","SECO"
"1010.569.853","001","2025","53200","SECO"
"1011.802.941","001","2025","68201","MAIN"
"1011.802.941","001","2025","68203","SECO"
"1011.930.130","001","2025","86230","MAIN"
"1012.191.040","001","2025","59113","SECO"
"1012.191.040","001","2025","96999","SECO"
"1012.191.040","001","2025","47716","SECO"
"1012.191.040","001","2025","85510","MAIN"
"1012.191.040","001","2008","96099","SECO"
"1013.973.662","001","2025","43350","SECO"
"1013.973.662","001","2025","43120","SECO"
"1013.973.662","001","2025","43230","SECO"
"1013.973.662","001","2025","81100","SECO"
"1013.973.662","001","2025","53200","MAIN"
"1014.093.923","001","2025","85593","MAIN"
"1014.093.923","001","2025","73300","SECO"
"1014.093.923","001","2008","70210","SECO"
"1014.093.923","001","2008","85593","MAIN"
"1014.319.397","006","2025","43350","MAIN"
"1014.319.397","001","2025","41002","SECO"
"1014.319.397","001","2025","41003","SECO"
"1014.319.397","001","2025","43331","SECO"
"1014.319.397","001","2025","43350","MAIN"
"1014.319.397","001","2008","43331","SECO"
"1014.319.397","001","2008","41203","SECO"
"1014.319.397","001","2008","41202","SECO"
"1014.646.823","001","2025","82990","SECO"
"1014.646.823","001","2025","73300","SECO"
"1014.646.823","001","2025","70200","MAIN"
"1015.351.557","001","2025","82990","SECO"
"1015.351.557","001","2025","82100","SECO"
"1015.351.557","001","2025","73200","SECO"
"1015.351.557","001","2025","73300","SECO"
"1015.351.557","001","2025","70200","MAIN"
"1016.414.696","001","2025","47260","MAIN"
"1016.414.696","001","2025","47279","SECO"
"1016.414.696","001","2025","47252","SECO"
"1016.414.696","001","2025","47110","SECO"
"1016.707.973","001","2025","93130","SECO"
"1016.707.973","001","2025","68203","SECO"
"1016.707.973","001","2025","85510","SECO"
"1016.707.973","001","2025","86999","MAIN"
"1017.685.594","006","2025","41001","MAIN"
"1019.191.866","001","2025","85599","MAIN"
"1019.701.414","001","2025","56301","MAIN"
"1020.401.396","001","2025","81300","MAIN"
"1020.551.351","006","2025","96999","MAIN"
"1020.551.351","001","2025","96999","MAIN"
"1020.551.351","001","2025","96991","SECO"
"1020.689.527","001","2025","47910","MAIN"
"1020.689.527","001","2025","47920","SECO"
"1021.127.017","001","2025","90111","SECO"
"1021.127.017","001","2025","59113","SECO"
"1021.127.017","001","2025","90120","MAIN"
"1021.516.601","001","2025","70200","MAIN"
"1021.516.601","001","2025","82990","SECO"
"1021.607.463","001","2025","49330","MAIN"
"1021.639.731","001","2025","82990","SECO"
"1021.639.731","001","2025","46130","SECO"
"1021.639.731","001","2025","63100","SECO"
"1021.639.731","001","2025","46180","SECO"
"1021.639.731","001","2025","47120","MAIN"
"1021.804.037","001","2025","70200","MAIN"
"1022.059.108","001","2025","33190","SECO"
"1022.059.108","001","2025","22260","SECO"
"1022.059.108","001","2025","47120","SECO"
"1022.059.108","001","2025","93129","MAIN"
"1022.490.658","001","2025","47120","SECO"
"1022.490.658","001","2025","59113","SECO"
"1022.490.658","001","2025","96220","MAIN"
"1022.490.658","001","2025","73110","SECO"
"1022.694.259","001","2025","82990","SECO"
"1022.694.259","001","2025","59113","SECO"
"1022.694.259","001","2025","47279","SECO"
"1022.694.259","001","2025","47920","MAIN"
"1022.694.259","001","2025","85599","SECO"
"1022.694.259","001","2025","63910","SECO"
"1023.022.475","006","2025","47110","MAIN"
"1024.005.442","001","2025","47812","SECO"
"1024.005.442","001","2025","95311","SECO"
"1024.005.442","001","2025","47811","SECO"
"1024.005.442","001","2025","62100","SECO"
"1024.005.442","001","2025","62200","MAIN"
"1024.005.442","001","2025","82990","SECO"
"1024.005.442","001","2025","52210","SECO"
"1024.013.360","001","2025","13929","SECO"
"1024.013.360","001","2025","62100","SECO"
"1024.013.360","001","2025","73300","SECO"
"1024.013.360","001","2025","47512","SECO"
"1024.501.231","001","2025","94110","MAIN"
"1024.515.780","001","2025","58130","SECO"
"1024.515.780","001","2025","47690","SECO"
"1024.515.780","001","2025","74120","SECO"
"1024.515.780","001","2025","90120","MAIN"
"1024.576.356","001","2025","86230","MAIN"
"1024.650.095","001","2025","46190","MAIN"
"1025.253.475","001","2025","43990","SECO"
"1025.253.475","001","2025","25110","SECO"
"1025.253.475","001","2025","43429","SECO"
"1025.253.475","001","2025","33120","MAIN"
"1025.684.730","001","2025","49330","MAIN"
"1025.684.730","001","2025","47120","SECO"
"1025.684.730","001","2025","96210","SECO"
"1025.684.730","001","2025","46471","SECO"
"1025.684.730","001","2025","79901","SECO"
"1025.684.730","001","2025","81210","SECO"
"1025.684.730","001","2025","43990","SECO"
"1026.168.542","001","2025","43211","SECO"
"1026.168.542","001","2025","43221","SECO"
"1026.168.542","001","2025","41003","SECO"
"1026.168.542","001","2025","93130","SECO"
"1026.168.542","001","2025","41002","SECO"
"1026.168.542","001","2025","41001","SECO"
"1026.168.542","001","2025","43350","SECO"
"1026.168.542","001","2025","43341","SECO"
"1026.168.542","001","2025","15120","SECO"
"1026.168.542","001","2025","43990","SECO"
"1026.168.542","001","2025","85510","MAIN"
"1026.168.542","001","2025","31004","SECO"
"1026.168.542","001","2025","13929","SECO"
"1027.093.408","001","2025","70200","SECO"
"1027.093.408","001","2025","82990","SECO"
"1027.093.408","001","2025","68110","MAIN"
"1027.093.408","001","2025","68203","SECO"
"1027.093.408","001","2025","68201","SECO"
"1027.346.893","001","2025","66220","MAIN"
"1027.346.893","001","2025","79110","SECO"
"1028.302.146","001","2025","43230","SECO"
"1028.302.146","001","2025","43120","SECO"
"1028.302.146","001","2025","81230","SECO"
"1028.302.146","001","2025","43341","SECO"
"1028.302.146","001","2025","43211","MAIN"
"1028.357.475","001","2025","93129","MAIN"
"1028.745.178","001","2025","47730","SECO"
"1028.745.178","001","2025","86220","MAIN"
"1029.487.625","001","2025","86210","MAIN"
"1029.510.488","001","2025","47716","MAIN"
"1029.996.775","001","2025","43990","SECO"
"1029.996.775","001","2025","68121","SECO"
"1029.996.775","001","2025","43211","SECO"
"1029.996.775","001","2025","68122","MAIN"
"1029.996.775","001","2025","35120","SECO"
"1029.996.775","001","2025","68110","SECO"
"1029.996.775","001","2025","43221","SECO"
"1030.064.972","001","2025","82990","MAIN"
"1030.108.029","001","2025","47251","MAIN"
"1030.108.029","001","2025","47252","SECO"
"1030.108.029","001","2025","46323","SECO"
"1030.138.812","001","2025","95316","MAIN"
"1030.138.812","001","2025","29201","SECO"
"1030.138.812","001","2025","62900","SECO"
"1030.138.812","001","2025","81220","SECO"
"1030.138.812","001","2025","81210","SECO"
"1030.138.812","001","2025","73110","SECO"
"1030.138.812","001","2025","70200","SECO"
"1030.244.225","006","2025","56112","MAIN"
"1030.244.225","001","2025","56112","MAIN"
"1030.244.225","001","2025","47920","SECO"
"1030.446.638","001","2025","95316","MAIN"
"1030.446.638","001","2025","81300","SECO"
"1030.446.638","001","2025","81220","SECO"
"1030.446.638","001","2025","81230","SECO"
"1030.660.533","006","2025","73110","MAIN"
"1030.660.533","001","2025","82990","MAIN"
"1030.807.617","001","2025","56111","MAIN"
"1031.458.507","006","2025","66220","MAIN"
"1031.927.570","001","2025","36000","SECO"
"1031.927.570","001","2025","35150","SECO"
"1031.927.570","001","2025","35140","SECO"
"1031.927.570","001","2025","35120","MAIN"
"1031.927.570","001","2025","35300","SECO"
"1032.034.567","001","2025","70200","SECO"
"1032.034.567","001","2025","65300","MAIN"
"1032.704.659","001","2025","73120","MAIN"
"1032.759.196","001","2025","47640","SECO"
"1032.759.196","001","2025","47784","SECO"
"1032.759.196","001","2025","47770","MAIN"
"1032.906.577","001","2025","47716","SECO"
"1032.906.577","001","2025","90391","MAIN"
"1033.085.632","001","2025","70200","MAIN"
"1033.133.340","006","2025","96210","MAIN"
"1033.133.340","001","2025","96210","MAIN"
"1033.133.340","001","2025","47750","SECO"
"1033.207.079","001","2025","86951","MAIN"
"1033.646.054","006","2025","47279","MAIN"
"1033.646.054","001","2025","47279","MAIN"
"1034.220.334","001","2025","43600","SECO"
"1034.220.334","001","2025","47910","MAIN"
"1034.571.217","001","2025","47730","MAIN"
"1034.808.569","001","2025","49320","MAIN"
"1034.808.569","001","2025","70200","SECO"
"1034.808.569","001","2025","77110","SECO"
"1034.808.569","001","2025","49330","SECO"
"1034.835.491","001","2025","64210","SECO"
"1034.835.491","001","2025","70100","MAIN"
"1035.079.476","006","2025","14210","MAIN"
"1035.079.476","001","2025","14210","MAIN"
"1035.079.476","001","2025","14220","SECO"
"1035.079.476","001","2025","14299","SECO"
"1035.079.476","001","2025","47519","SECO"
"1035.079.476","001","2025","82990","SECO"
"1035.079.476","001","2025","46160","SECO"
"1035.145.297","001","2025","96992","MAIN"
"1035.265.657","001","2025","90201","SECO"
"1035.265.657","001","2025","70200","MAIN"
"1035.318.711","001","2025","90391","MAIN"
"1035.490.440","001","2025","59201","MAIN"
"1035.490.440","001","2025","93299","SECO"
"1035.490.440","001","2025","59202","SECO"
"1035.490.440","001","2025","59209","SECO"
"1035.490.440","001","2025","90130","SECO"
"1035.492.915","001","2025","82990","MAIN"
"1035.492.915","001","2025","70200","SECO"
"1035.610.996","001","2025","86951","MAIN"
"1035.845.875","001","2025","81300","MAIN"
"1035.905.362","001","2025","95315","SECO"
"1035.905.362","001","2025","95313","SECO"
"1035.905.362","001","2025","95312","SECO"
"1035.905.362","001","2025","47811","SECO"
"1035.905.362","001","2025","47812","MAIN"
"1035.967.819","001","2025","71111","MAIN"
"1036.071.648","001","2025","55203","MAIN"
"1036.230.016","001","2025","81230","MAIN"
"1036.230.016","001","2025","81210","SECO"
"1036.310.386","001","2025","82990","SECO"
"1036.310.386","001","2025","81300","MAIN"
"1036.310.386","001","2025","81210","SECO"
"1036.310.386","001","2025","18120","SECO"
"1036.346.911","001","2025","70200","SECO"
"1036.346.911","001","2025","74130","SECO"
"1036.346.911","001","2025","71112","MAIN"
"1036.346.911","001","2025","73300","SECO"
"1036.419.363","001","2025","95316","MAIN"
"1036.554.371","001","2025","71111","MAIN"
"1036.843.787","001","2025","62100","MAIN"
"1036.843.787","001","2025","63100","SECO"
"1036.843.787","001","2025","66199","SECO"
"1036.843.787","001","2025","62200","SECO"
"1036.878.332","001","2025","64210","MAIN"
"1036.878.332","001","2025","70200","SECO"
"1036.967.810","001","2025","81210","MAIN"
"1036.967.810","001","2025","81220","SECO"
"1036.972.461","001","2025","46130","SECO"
"1036.972.461","001","2025","82990","SECO"
"1036.972.461","001","2025","46190","SECO"
"1036.972.461","001","2025","46180","MAIN"
"1036.972.461","001","2025","46140","SECO"
"1036.975.035","006","2025","10712","MAIN"
"1036.975.035","001","2025","10712","MAIN"
"1036.975.035","001","2025","46389","SECO"
"1036.975.035","001","2025","10711","SECO"
"1036.975.035","001","2025","56112","SECO"
"1036.975.035","001","2025","56111","SECO"
"1036.999.680","001","2025","82990","MAIN"
"1036.999.680","001","2025","78100","SECO"
"1037.018.486","001","2025","47639","SECO"
"1037.018.486","001","2025","85510","SECO"
"1037.018.486","001","2025","56309","SECO"
"1037.018.486","001","2025","47279","SECO"
"1037.018.486","001","2025","93130","MAIN"
"1037.018.486","001","2025","93299","SECO"
"1037.025.713","001","2025","77393","SECO"
"1037.025.713","001","2025","79909","SECO"
"1037.025.713","001","2025","77520","SECO"
"1037.025.713","001","2025","77510","MAIN"
"1037.025.713","001","2025","77392","SECO"
"1037.067.778","001","2025","81300","SECO"
"1037.067.778","001","2025","81210","MAIN"
"1037.067.778","001","2025","47521","SECO"
"1037.067.778","001","2025","81220","SECO"
"1037.067.778","001","2025","85592","SECO"
"1037.103.709","001","2025","56111","MAIN"
"1037.197.343","001","2025","70200","MAIN"
"1037.243.665","001","2025","43230","SECO"
"1037.243.665","001","2025","68201","SECO"
"1037.243.665","001","2025","43110","SECO"
"1037.243.665","001","2025","43910","MAIN"
"1037.243.665","001","2025","41003","SECO"
"1037.243.665","001","2025","41001","SECO"
"1037.266.629","001","2025","70100","MAIN"
"1037.266.629","001","2025","92000","SECO"
"1037.266.629","001","2025","47621","SECO"
"1037.271.973","001","2025","70200","SECO"
"1037.271.973","001","2025","46216","SECO"
"1037.271.973","001","2025","01110","SECO"
"1037.271.973","001","2025","01472","MAIN"
"1037.271.973","001","2025","46214","SECO"
"1037.271.973","001","2025","10910","SECO"
"1037.297.808","001","2025","56112","MAIN"
"1037.297.808","001","2025","73300","SECO"
"1037.354.325","001","2025","47789","SECO"
"1037.354.325","001","2025","46190","SECO"
"1037.354.325","001","2025","47910","SECO"
"1037.354.325","001","2025","49330","MAIN"
"1037.361.253","001","2025","86995","MAIN"
"1037.361.253","001","2025","86939","SECO"
"1037.388.571","001","2025","81210","MAIN"
"1037.388.967","001","2025","95311","SECO"
"1037.388.967","001","2025","82990","SECO"
"1037.388.967","001","2025","95312","MAIN"
"1037.388.967","001","2025","81300","SECO"
"1037.388.967","001","2025","33120","SECO"
"1037.399.558","006","2025","47242","MAIN"
"1037.399.558","001","2025","47279","SECO"
"1037.399.558","001","2025","47242","MAIN"
"1037.420.641","006","2025","96210","MAIN"
"1037.420.641","001","2025","96210","MAIN"
"1037.425.490","001","2025","56112","SECO"
"1037.425.490","001","2025","56111","MAIN"
"1037.487.353","001","2025","81210","SECO"
"1037.487.353","001","2025","43240","MAIN"
"1037.487.353","001","2025","47789","SECO"
"1037.487.353","001","2025","82990","SECO"
"1037.492.994","001","2025","74999","MAIN"
"1037.506.654","001","2025","43350","MAIN"
"1037.506.654","001","2025","43120","SECO"
"1037.550.996","001","2025","41001","MAIN"
"1037.550.996","001","2025","41003","SECO"
"1037.550.996","001","2025","41002","SECO"
"1037.550.996","001","2025","43211","SECO"
"1037.555.946","001","2025","43350","SECO"
"1037.555.946","001","2025","43230","SECO"
"1037.555.946","001","2025","81220","SECO"
"1037.555.946","001","2025","81210","SECO"
"1037.555.946","001","2025","43120","MAIN"
"1037.555.946","001","2025","43130","SECO"
"1037.625.727","001","2025","43230","SECO"
"1037.625.727","001","2025","43910","SECO"
"1037.625.727","001","2025","81300","SECO"
"1037.625.727","001","2025","43240","MAIN"
"1037.625.727","001","2025","43120","SECO"
"1037.625.727","001","2025","43350","SECO"
"1037.696.397","001","2025","56309","SECO"
"1037.696.397","001","2025","55900","MAIN"
"1037.696.397","001","2025","56400","SECO"
"1037.718.965","001","2025","47812","SECO"
"1037.718.965","001","2025","81210","SECO"
"1037.718.965","001","2025","47811","MAIN"
"1037.718.965","001","2025","46130","SECO"
"1037.718.965","001","2025","43341","SECO"
"1037.718.965","001","2025","81300","SECO"
"1037.720.846","001","2025","68203","MAIN"
"1037.753.609","001","2025","82990","SECO"
"1037.753.609","001","2025","62900","MAIN"
"1037.753.609","001","2025","62200","SECO"
"1037.753.609","001","2025","47400","SECO"
"1037.792.607","001","2025","43120","MAIN"
"1037.792.607","001","2025","43240","SECO"
"1037.792.607","001","2025","43350","SECO"
"1037.792.607","001","2025","43230","SECO"
"1037.795.278","001","2025","43222","SECO"
"1037.795.278","001","2025","43422","SECO"
"1037.795.278","001","2025","43341","SECO"
"1037.795.278","001","2025","43211","SECO"
"1037.795.278","001","2025","43310","MAIN"
"1037.796.268","006","2025","53200","MAIN"
"1037.796.268","001","2025","53200","MAIN"
"1037.821.806","001","2025","79120","MAIN"
"1037.821.806","001","2025","79901","SECO"
"1037.833.484","001","2025","95311","MAIN"
"1037.856.052","001","2025","68121","MAIN"
"1037.856.052","001","2025","68122","SECO"
"1037.866.346","001","2025","74202","SECO"
"1037.866.346","001","2025","74201","SECO"
"1037.866.346","001","2025","74209","SECO"
"1037.866.346","001","2025","90111","SECO"
"1037.866.346","001","2025","73300","MAIN"
"1037.917.618","001","2025","70200","MAIN"
"1037.918.806","001","2025","47221","MAIN"
"1037.918.806","001","2025","47110","SECO"
"1037.921.576","001","2025","70200","MAIN"
"1037.921.576","001","2025","85592","SECO"
"1037.955.230","001","2025","68203","MAIN"
"1038.110.925","001","2025","71121","SECO"
"1038.110.925","001","2025","70200","SECO"
"1038.110.925","001","2025","30310","MAIN"
"1038.110.925","001","2025","27110","SECO"
"1038.110.925","001","2025","33160","SECO"
"1038.140.619","001","2025","74201","SECO"
"1038.140.619","001","2025","73110","SECO"
"1038.140.619","001","2025","85599","SECO"
"1038.140.619","001","2025","82990","MAIN"
"1038.140.619","001","2025","47716","SECO"
"1038.140.619","001","2025","73300","SECO"
"1038.141.906","006","2025","90202","MAIN"
"1038.141.906","001","2025","84120","SECO"
"1038.141.906","001","2025","90201","SECO"
"1038.141.906","001","2025","90391","MAIN"
"1038.141.906","001","2025","90130","SECO"
"1038.150.517","001","2025","10830","MAIN"
"1038.150.517","001","2025","46370","SECO"
"1038.152.002","001","2025","47910","SECO"
"1038.152.002","001","2025","81220","SECO"
"1038.152.002","001","2025","47783","SECO"
"1038.152.002","001","2025","47120","SECO"
"1038.152.002","001","2025","47559","SECO"
"1038.152.002","001","2025","47551","SECO"
"1038.152.002","001","2025","81210","SECO"
"1038.152.002","001","2025","47553","MAIN"
"1038.167.343","001","2025","82990","SECO"
"1038.167.343","001","2025","64210","MAIN"
"1038.189.416","001","2025","46190","SECO"
"1038.189.416","001","2025","73110","SECO"
"1038.189.416","001","2025","70200","SECO"
"1038.189.416","001","2025","85592","SECO"
"1038.189.416","001","2025","46150","MAIN"
"1038.189.416","001","2025","73300","SECO"
"1038.211.586","001","2025","69101","MAIN"
"1038.245.339","001","2025","86963","SECO"
"1038.245.339","001","2025","74201","SECO"
"1038.245.339","001","2025","68110","SECO"
"1038.245.339","001","2025","47741","SECO"
"1038.245.339","001","2025","86999","SECO"
"1038.245.339","001","2025","86951","MAIN"
"1038.320.464","001","2025","62200","MAIN"
"1038.327.392","001","2025","71111","MAIN"
"1038.364.016","001","2025","47640","MAIN"
"1038.365.994","001","2025","93299","SECO"
"1038.365.994","001","2025","55204","MAIN"
"1038.429.045","001","2025","49330","MAIN"
"1038.448.544","001","2025","68122","SECO"
"1038.448.544","001","2025","68203","MAIN"
"1038.448.544","001","2025","68121","SECO"
"1038.465.865","001","2025","82100","SECO"
"1038.465.865","001","2025","82990","SECO"
"1038.465.865","001","2025","70200","MAIN"
"1038.465.865","001","2025","85592","SECO"
"1038.465.865","001","2025","73200","SECO"
"1038.475.367","001","2025","77229","MAIN"
"1038.475.367","001","2025","77223","SECO"
"1038.475.367","001","2025","77392","SECO"
"1038.475.367","001","2025","77224","SECO"
"1038.499.717","001","2025","53100","MAIN"
"1038.499.717","001","2025","82990","SECO"
"1038.499.717","001","2025","53200","SECO"
"1038.570.684","001","2025","82990","SECO"
"1038.570.684","001","2025","70200","MAIN"
"1038.579.394","001","2025","43211","SECO"
"1038.579.394","001","2025","42220","SECO"
"1038.579.394","001","2025","42110","MAIN"
"1038.584.938","001","2025","56120","MAIN"
"1038.635.517","001","2025","49410","MAIN"
"1038.646.306","001","2025","43230","SECO"
"1038.646.306","001","2025","43332","SECO"
"1038.646.306","001","2025","43310","SECO"
"1038.646.306","001","2025","43320","SECO"
"1038.646.306","001","2025","43331","SECO"
"1038.646.306","001","2025","43110","MAIN"
"1038.672.238","001","2025","71111","MAIN"
"1038.672.832","001","2025","43429","MAIN"
"1038.742.811","001","2025","73120","MAIN"
"1038.742.811","001","2025","93299","SECO"
"1038.762.211","001","2025","43350","MAIN"
"1038.762.211","001","2025","43310","SECO"
"1038.762.211","001","2025","43341","SECO"
"1038.762.211","001","2025","43331","SECO"
"1038.769.139","001","2025","47722","SECO"
"1038.769.139","001","2025","15120","MAIN"
"1038.774.780","001","2025","70100","MAIN"
"1038.778.146","001","2025","90201","MAIN"
"1038.781.215","001","2025","56111","MAIN"
"1038.789.430","001","2025","47120","SECO"
"1038.789.430","001","2025","74120","SECO"
"1038.789.430","001","2025","90201","SECO"
"1038.789.430","001","2025","90120","MAIN"
"1038.789.529","001","2025","69101","MAIN"
"1038.789.529","001","2025","69209","SECO"
"1038.802.197","001","2025","81300","MAIN"
"1038.802.197","001","2025","71113","SECO"
"1038.836.148","001","2025","56301","MAIN"
"1038.838.722","001","2025","68110","SECO"
"1038.838.722","001","2025","70200","SECO"
"1038.838.722","001","2025","64210","MAIN"
"1038.838.722","001","2025","68201","SECO"
"1038.838.722","001","2025","68203","SECO"
"1038.851.588","001","2025","47789","SECO"
"1038.851.588","001","2025","82990","SECO"
"1038.851.588","001","2025","85520","MAIN"
"1038.851.588","001","2025","85599","SECO"
"1038.851.588","001","2025","47610","SECO"
"1038.851.588","001","2025","58110","SECO"
"1038.863.664","001","2025","32990","MAIN"
"1038.881.084","006","2025","91120","MAIN"
"1038.881.084","001","2025","82990","MAIN"
"1038.881.183","001","2025","62100","MAIN"
"1038.887.123","001","2025","63100","SECO"
"1038.887.123","001","2025","62100","MAIN"
"1038.899.890","001","2025","56112","SECO"
"1038.899.890","001","2025","56220","SECO"
"1038.899.890","001","2025","56111","MAIN"
"1038.899.890","001","2025","56400","SECO"
"1038.899.989","006","2025","96220","MAIN"
"1038.899.989","001","2025","86994","MAIN"
"1038.899.989","001","2025","93130","SECO"
"1038.899.989","001","2025","47120","SECO"
"1038.899.989","001","2025","86995","SECO"
"1038.899.989","001","2025","86959","SECO"
"1038.904.147","001","2025","43214","SECO"
"1038.904.147","001","2025","35150","SECO"
"1038.904.147","001","2025","43211","MAIN"
"1038.904.147","001","2025","35140","SECO"
"1038.904.147","001","2025","43212","SECO"
"1038.904.147","001","2025","43240","SECO"
"1038.945.224","001","2025","53200","SECO"
"1038.945.224","001","2025","49410","MAIN"
"1038.945.917","001","2025","82990","MAIN"
"1038.951.261","001","2025","43211","MAIN"
"1038.953.043","001","2025","68203","MAIN"
"1038.956.805","001","2025","10712","SECO"
"1038.956.805","001","2025","10720","SECO"
"1038.956.805","001","2025","47241","MAIN"
"1038.966.505","001","2025","86951","MAIN"
"1038.966.505","001","2025","86995","SECO"
"1038.966.505","001","2025","85510","SECO"
"1038.992.932","001","2025","69101","MAIN"
"1039.008.273","001","2025","62200","MAIN"
"1039.008.273","001","2025","63910","SECO"
"1039.024.507","001","2025","56301","MAIN"
"1039.042.818","001","2025","81300","MAIN"
"1039.060.337","001","2025","46450","MAIN"
"1039.068.255","001","2025","43410","SECO"
"1039.068.255","001","2025","16230","MAIN"
"1039.068.255","001","2025","81230","SECO"
"1039.068.255","001","2025","81300","SECO"
"1039.068.255","001","2025","43230","SECO"
"1039.068.255","001","2025","43120","SECO"
"1039.088.447","001","2025","81210","MAIN"
"1039.089.437","001","2025","95319","SECO"
"1039.089.437","001","2025","47812","SECO"
"1039.089.437","001","2025","95311","SECO"
"1039.089.437","001","2025","46180","MAIN"
"1039.089.437","001","2025","95316","SECO"
"1039.089.437","001","2025","47811","SECO"
"1039.089.437","001","2025","46711","SECO"
"1039.107.847","001","2025","62100","MAIN"
"1039.107.847","001","2025","62900","SECO"
"1039.107.847","001","2025","63100","SECO"
"1039.107.847","001","2025","62200","SECO"
"1039.107.847","001","2025","58290","SECO"
"1039.107.847","001","2025","47400","SECO"
"1039.110.817","001","2025","64999","MAIN"
"1039.110.817","001","2025","73110","SECO"
"1039.146.053","001","2025","74201","SECO"
"1039.146.053","001","2025","59113","SECO"
"1039.146.053","001","2025","96910","MAIN"
"1039.146.053","001","2025","85510","SECO"
"1039.146.053","001","2025","60390","SECO"
"1039.154.367","001","2025","68203","SECO"
"1039.154.367","001","2025","41003","SECO"
"1039.154.367","001","2025","68201","SECO"
"1039.154.367","001","2025","41002","SECO"
"1039.154.367","001","2025","41001","MAIN"
"1039.154.367","001","2025","68110","SECO"
"1039.154.961","001","2025","56111","MAIN"
"1039.154.961","001","2025","56309","SECO"
"1039.154.961","001","2025","56112","SECO"
"1039.154.961","001","2025","56210","SECO"
"1039.154.961","001","2025","82300","SECO"
"1039.163.473","001","2025","56210","MAIN"
"1039.164.463","001","2025","41001","MAIN"
"1039.164.463","001","2025","81220","SECO"
"1039.186.338","001","2025","81210","MAIN"
"1039.186.338","001","2025","81300","SECO"
"1039.186.338","001","2025","81220","SECO"
"1039.186.338","001","2025","81230","SECO"
"1039.207.421","001","2025","68322","MAIN"
"1039.208.807","001","2025","66199","SECO"
"1039.208.807","001","2025","82990","SECO"
"1039.208.807","001","2025","68201","SECO"
"1039.208.807","001","2025","96999","SECO"
"1039.208.807","001","2025","66300","MAIN"
"1039.208.807","001","2025","70200","SECO"
"1039.211.082","001","2025","56210","SECO"
"1039.211.082","001","2025","56111","MAIN"
"1039.211.082","001","2025","56112","SECO"
"1039.211.379","001","2025","47120","SECO"
"1039.211.379","001","2025","70200","SECO"
"1039.211.379","001","2025","46900","SECO"
"1039.211.379","001","2025","47750","SECO"
"1039.211.379","001","2025","46450","MAIN"
"1039.214.745","001","2025","62100","SECO"
"1039.214.745","001","2025","62200","SECO"
"1039.214.745","001","2025","62900","SECO"
"1039.214.745","001","2025","47120","SECO"
"1039.214.745","001","2025","63100","MAIN"
"1039.225.039","001","2025","94110","MAIN"
"1039.233.254","001","2025","95319","SECO"
"1039.233.254","001","2025","95240","MAIN"
"1039.254.634","001","2025","46720","SECO"
"1039.254.634","001","2025","47820","SECO"
"1039.254.634","001","2025","46180","SECO"
"1039.254.634","001","2025","33130","MAIN"
"1039.265.423","001","2025","43240","MAIN"
"1039.278.586","001","2025","85510","MAIN"
"1039.287.692","001","2025","32990","SECO"
"1039.287.692","001","2025","47784","MAIN"
"1039.304.718","001","2025","43350","SECO"
"1039.304.718","001","2025","43120","MAIN"
"1039.305.114","001","2025","74999","MAIN"
"1039.305.114","001","2025","71121","SECO"
"1039.307.785","001","2025","41001","MAIN"
"1039.307.785","001","2025","43222","SECO"
"1039.307.785","001","2025","43230","SECO"
"1039.307.785","001","2025","43221","SECO"
"1039.307.785","001","2025","43410","SECO"
"1039.307.785","001","2025","43320","SECO"
"1039.310.260","001","2025","43230","MAIN"
"1039.310.260","001","2025","43240","SECO"
"1039.310.260","001","2025","43350","SECO"
"1039.310.260","001","2025","81100","SECO"
"1039.317.584","001","2025","18120","MAIN"
"1039.317.584","001","2025","22260","SECO"
"1039.328.571","001","2025","82100","SECO"
"1039.328.571","001","2025","46890","MAIN"
"1039.328.571","001","2025","68203","SECO"
"1039.328.571","001","2025","77399","SECO"
"1039.328.769","001","2025","68201","MAIN"
"1039.329.165","001","2025","96210","MAIN"
"1039.329.165","001","2025","47750","SECO"
"1039.337.875","001","2025","82100","SECO"
"1039.337.875","001","2025","82990","SECO"
"1039.337.875","001","2025","70200","MAIN"
"1039.337.875","001","2025","73300","SECO"
"1039.346.882","001","2025","47713","SECO"
"1039.346.882","001","2025","47712","SECO"
"1039.346.882","001","2025","47711","MAIN"
"1039.346.882","001","2025","47716","SECO"
"1039.346.882","001","2025","47715","SECO"
"1039.355.691","001","2025","59201","SECO"
"1039.355.691","001","2025","59202","SECO"
"1039.355.691","001","2025","90112","SECO"
"1039.355.691","001","2025","90120","MAIN"
"1039.355.691","001","2025","59203","SECO"
"1039.362.621","001","2025","70200","MAIN"
"1039.374.992","001","2025","47761","MAIN"
"1039.374.992","001","2025","43211","SECO"
"1039.389.642","001","2025","82990","MAIN"
"1039.404.191","001","2025","96220","MAIN"
"1039.404.191","001","2025","47750","SECO"
"1039.406.072","001","2025","43120","SECO"
"1039.406.072","001","2025","43350","SECO"
"1039.406.072","001","2025","41001","MAIN"
"1039.406.072","001","2025","43230","SECO"
"1039.406.072","001","2025","43910","SECO"
"1039.406.072","001","2025","43110","SECO"
"1039.431.610","001","2025","85599","MAIN"
"1039.433.489","001","2025","64210","SECO"
"1039.433.489","001","2025","82100","SECO"
"1039.433.489","001","2025","82990","SECO"
"1039.433.489","001","2025","68110","SECO"
"1039.433.489","001","2025","70200","MAIN"
"1039.433.489","001","2025","70100","SECO"
"1039.434.380","001","2025","93299","MAIN"
"1039.440.815","001","2025","43120","SECO"
"1039.440.815","001","2025","81300","SECO"
"1039.440.815","001","2025","43230","SECO"
"1039.440.815","001","2025","43910","SECO"
"1039.440.815","001","2025","43990","SECO"
"1039.440.815","001","2025","82990","MAIN"
"1039.449.327","001","2025","68203","SECO"
"1039.449.327","001","2025","68201","MAIN"
"1039.449.426","001","2025","68122","SECO"
"1039.449.426","001","2025","68203","SECO"
"1039.449.426","001","2025","68201","SECO"
"1039.449.426","001","2025","68121","SECO"
"1039.449.426","001","2025","56112","MAIN"
"1039.453.483","001","2025","64210","MAIN"
"1039.466.945","001","2025","70200","MAIN"
"1039.468.331","001","2025","56112","SECO"
"1039.468.331","001","2025","56301","MAIN"
"1039.478.229","001","2025","70200","SECO"
"1039.478.229","001","2025","82100","MAIN"
"1039.485.850","001","2025","82990","SECO"
"1039.485.850","001","2025","82100","MAIN"
"1039.488.622","001","2025","82990","MAIN"
"1039.498.817","001","2025","47762","SECO"
"1039.498.817","001","2025","85599","SECO"
"1039.498.817","001","2025","75000","MAIN"
"1039.507.032","001","2025","56112","SECO"
"1039.507.032","001","2025","70200","SECO"
"1039.507.032","001","2025","46389","SECO"
"1039.507.032","001","2025","46349","SECO"
"1039.507.032","001","2025","47279","MAIN"
"1039.507.032","001","2025","56210","SECO"
"1039.519.801","001","2025","95240","MAIN"
"1039.519.801","001","2025","47551","SECO"
"1039.519.801","001","2025","31009","SECO"
"1039.520.294","001","2025","43222","SECO"
"1039.520.294","001","2025","43213","MAIN"
"1039.520.294","001","2025","95320","SECO"
"1039.522.967","001","2025","47716","MAIN"
"1039.524.056","001","2025","62200","MAIN"
"1039.524.056","001","2025","62100","SECO"
"1039.524.056","001","2025","62900","SECO"
"1039.524.551","001","2025","62900","SECO"
"1039.524.551","001","2025","63100","SECO"
"1039.524.551","001","2025","70200","SECO"
"1039.524.551","001","2025","82990","SECO"
"1039.524.551","001","2025","62200","MAIN"
"1039.524.551","001","2025","62100","SECO"
"1039.530.291","001","2025","46180","MAIN"
"1039.530.291","001","2025","21209","SECO"
"1039.539.201","001","2025","79120","MAIN"
"1039.543.753","001","2025","46833","MAIN"
"1039.543.753","001","2025","52100","SECO"
"1039.545.931","001","2025","23130","SECO"
"1039.545.931","001","2025","16281","SECO"
"1039.545.931","001","2025","16270","MAIN"
"1039.545.931","001","2025","74111","SECO"
"1039.548.109","001","2025","46649","MAIN"
"1039.558.106","001","2025","96210","MAIN"
"1039.564.044","001","2025","86940","MAIN"
"1039.564.044","001","2025","47741","SECO"
"1039.568.497","001","2025","85599","SECO"
"1039.568.497","001","2025","69109","SECO"
"1039.568.497","001","2025","85699","MAIN"
"1039.568.497","001","2025","82100","SECO"
"1039.581.959","001","2025","70200","SECO"
"1039.581.959","001","2025","82990","SECO"
"1039.581.959","001","2025","70100","MAIN"
"1039.581.959","001","2025","73300","SECO"
"1039.589.481","001","2025","82400","SECO"
"1039.589.481","001","2025","71121","SECO"
"1039.589.481","001","2025","70200","MAIN"
"1039.589.877","001","2025","70200","SECO"
"1039.589.877","001","2025","77210","SECO"
"1039.589.877","001","2025","85510","SECO"
"1039.589.877","001","2025","47632","SECO"
"1039.589.877","001","2025","95290","MAIN"
"1039.589.877","001","2025","46495","SECO"
"1039.593.441","001","2025","86995","MAIN"
"1039.593.441","001","2025","47279","SECO"
"1039.595.421","001","2025","86951","MAIN"
"1039.595.619","001","2025","46861","SECO"
"1039.595.619","001","2025","32123","MAIN"
"1039.595.718","001","2025","18130","SECO"
"1039.595.718","001","2025","49410","SECO"
"1039.595.718","001","2025","52250","MAIN"
"1039.595.718","001","2025","52100","SECO"
"1039.595.718","001","2025","52210","SECO"
"1039.602.151","001","2025","46900","SECO"
"1039.602.151","001","2025","47820","MAIN"
"1039.603.438","001","2025","82100","MAIN"
"1039.603.438","001","2025","70200","SECO"
"1039.620.957","001","2025","10860","SECO"
"1039.620.957","001","2025","77225","MAIN"
"1039.620.957","001","2025","46460","SECO"
"1039.620.957","001","2025","47741","SECO"
"1039.620.957","001","2025","21201","SECO"
"1039.620.957","001","2025","21209","SECO"
"1039.632.835","001","2025","47552","MAIN"
"1039.632.835","001","2025","47551","SECO"
"1039.633.231","001","2025","70100","MAIN"
"1039.636.991","001","2025","70200","MAIN"
"1039.638.674","001","2025","85592","SECO"
"1039.638.674","001","2025","70200","MAIN"
"1039.647.681","001","2025","52250","MAIN"
"1039.647.681","001","2025","93199","SECO"
"1039.647.681","001","2025","74140","SECO"
"1039.647.879","001","2025","01309","SECO"
"1039.647.879","001","2025","01290","SECO"
"1039.647.879","001","2025","81230","SECO"
"1039.647.879","001","2025","81220","SECO"
"1039.647.879","001","2025","81300","MAIN"
"1039.647.879","001","2025","71113","SECO"
"1039.653.225","001","2025","71112","SECO"
"1039.653.225","001","2025","71111","MAIN"
"1039.653.324","001","2025","10610","MAIN"
"1039.653.324","001","2025","47279","SECO"
"1039.653.324","001","2025","55209","SECO"
"1039.653.324","001","2025","55204","SECO"
"1039.653.324","001","2025","46212","SECO"
"1039.654.215","001","2025","41001","MAIN"
"1039.654.215","001","2025","43221","SECO"
"1039.654.215","001","2025","43110","SECO"
"1039.654.215","001","2025","43240","SECO"
"1039.654.215","001","2025","43211","SECO"
"1039.656.391","001","2025","47811","MAIN"
"1039.657.777","001","2025","96210","MAIN"
"1039.687.372","001","2025","47792","SECO"
"1039.687.372","001","2025","85593","SECO"
"1039.687.372","001","2025","86999","MAIN"
"1039.687.372","001","2025","47793","SECO"
"1039.705.683","001","2025","63100","MAIN"
"1039.710.732","001","2025","42110","MAIN"
"1039.710.732","001","2025","53200","SECO"
"1039.716.868","001","2025","43222","SECO"
"1039.716.868","001","2025","43221","MAIN"
"1039.722.709","001","2025","90201","SECO"
"1039.722.709","001","2025","93299","SECO"
"1039.722.709","001","2025","56111","MAIN"
"1039.732.112","001","2025","62900","SECO"
"1039.732.112","001","2025","62200","SECO"
"1039.732.112","001","2025","70200","MAIN"
"1039.732.112","001","2025","85592","SECO"
"1039.732.112","001","2025","82300","SECO"
"1039.732.310","001","2025","46180","SECO"
"1039.732.310","001","2025","46713","SECO"
"1039.732.310","001","2025","46711","SECO"
"1039.732.310","001","2025","47811","MAIN"
"1039.732.310","001","2025","46720","SECO"
"1039.736.763","001","2025","93199","SECO"
"1039.736.763","001","2025","85510","MAIN"
"1039.736.862","001","2025","69101","MAIN"
"1039.741.119","001","2025","85510","SECO"
"1039.741.119","001","2025","86995","MAIN"
"1039.746.067","001","2025","73110","MAIN"
"1039.748.047","001","2025","71209","SECO"
"1039.748.047","001","2025","71121","MAIN"
"1039.748.047","001","2025","72109","SECO"
"1039.748.047","001","2025","33120","SECO"
"1039.748.047","001","2025","33200","SECO"
"1039.748.047","001","2025","62200","SECO"
"1039.749.433","001","2025","43212","SECO"
"1039.749.433","001","2025","43213","SECO"
"1039.749.433","001","2025","43211","MAIN"
"1039.749.433","001","2025","33140","SECO"
"1039.751.215","001","2025","10113","SECO"
"1039.751.215","001","2025","10112","SECO"
"1039.751.215","001","2025","10111","MAIN"
"1039.755.767","001","2025","70200","MAIN"
"1039.755.767","001","2025","70100","SECO"
"1039.755.767","001","2025","68110","SECO"
"1039.755.767","001","2025","68203","SECO"
"1039.755.767","001","2025","68201","SECO"
"1039.759.331","001","2025","52210","MAIN"
"1039.767.546","001","2025","82100","SECO"
"1039.767.546","001","2025","82990","SECO"
"1039.767.546","001","2025","71121","SECO"
"1039.767.546","001","2025","71113","MAIN"
"1039.767.546","001","2025","59120","SECO"
"1039.770.021","001","2025","81210","MAIN"
"1039.770.021","001","2025","81220","SECO"
"1039.776.355","001","2025","74999","MAIN"
"1039.776.355","001","2025","85599","SECO"
"1039.776.355","001","2025","72109","SECO"
"1039.779.820","006","2025","10712","MAIN"
"1039.779.820","001","2025","47241","MAIN"
"1039.801.495","001","2025","70200","MAIN"
"1039.802.386","001","2025","70200","MAIN"
"1039.802.386","001","2025","85592","SECO"
"1039.802.386","001","2025","78100","SECO"
"1039.802.386","001","2025","78200","SECO"
"1039.802.386","001","2025","64210","SECO"
"1039.805.455","001","2025","01610","MAIN"
"1039.805.455","001","2025","01620","SECO"
"1039.809.811","001","2025","43410","SECO"
"1039.809.811","001","2025","43341","SECO"
"1039.809.811","001","2025","43230","SECO"
"1039.809.811","001","2025","43331","MAIN"
"1039.809.811","001","2025","43221","SECO"
"1039.809.811","001","2025","43310","SECO"
"1039.811.591","001","2025","49410","SECO"
"1039.811.591","001","2025","01610","MAIN"
"1039.811.591","001","2025","01620","SECO"
"1039.811.591","001","2025","62100","SECO"
"1039.811.591","001","2025","43211","SECO"
"1039.812.977","001","2025","43240","MAIN"
"1039.813.868","001","2025","43320","SECO"
"1039.813.868","001","2025","43211","SECO"
"1039.813.868","001","2025","43910","SECO"
"1039.813.868","001","2025","43990","SECO"
"1039.813.868","001","2025","43310","SECO"
"1039.813.868","001","2025","43410","MAIN"
"1039.813.967","001","2025","70200","MAIN"
"1039.813.967","001","2025","82990","SECO"
"1039.814.264","001","2025","56120","MAIN"
"1039.814.561","001","2025","70200","MAIN"
"1039.819.115","001","2025","43333","SECO"
"1039.819.115","001","2025","43230","SECO"
"1039.819.115","001","2025","43341","MAIN"
"1039.824.063","001","2025","90391","SECO"
"1039.824.063","001","2025","93299","SECO"
"1039.824.063","001","2025","56112","MAIN"
"1039.824.954","001","2025","82100","SECO"
"1039.824.954","001","2025","73110","SECO"
"1039.824.954","001","2025","93199","SECO"
"1039.824.954","001","2025","74201","MAIN"
"1039.826.241","001","2025","43341","MAIN"
"1039.840.691","001","2025","74999","MAIN"
"1039.841.582","001","2025","93299","SECO"
"1039.841.582","001","2025","85592","SECO"
"1039.841.582","001","2025","63920","SECO"
"1039.841.582","001","2025","85599","MAIN"
"1039.842.671","001","2025","62900","MAIN"
"1039.844.453","001","2025","56112","MAIN"
"1039.849.502","001","2025","68201","SECO"
"1039.849.502","001","2025","82990","SECO"
"1039.849.502","001","2025","68110","SECO"
"1039.849.502","001","2025","64210","SECO"
"1039.849.502","001","2025","70200","MAIN"
"1039.853.064","001","2025","53200","SECO"
"1039.853.064","001","2025","52250","MAIN"
"1039.853.856","001","2025","62900","SECO"
"1039.853.856","001","2025","70200","SECO"
"1039.853.856","001","2025","74120","SECO"
"1039.853.856","001","2025","73300","SECO"
"1039.853.856","001","2025","63100","MAIN"
"1039.854.846","001","2025","47793","MAIN"
"1039.854.846","001","2025","47792","SECO"
"1039.856.925","001","2025","82990","SECO"
"1039.856.925","001","2025","70200","MAIN"
"1039.858.212","001","2025","82990","SECO"
"1039.858.212","001","2025","43222","MAIN"
"1039.859.202","001","2025","33120","SECO"
"1039.859.202","001","2025","43350","MAIN"
"1039.859.202","001","2025","43212","SECO"
"1039.859.202","001","2025","43320","SECO"
"1039.867.021","001","2025","62200","MAIN"
"1039.867.021","001","2025","73110","SECO"
"1039.868.704","001","2025","95316","SECO"
"1039.868.704","001","2025","47811","SECO"
"1039.868.704","001","2025","43221","MAIN"
"1039.868.704","001","2025","43211","SECO"
"1039.869.494","001","2025","70200","MAIN"
"1039.869.890","001","2025","47110","MAIN"
"1039.870.979","001","2025","43350","SECO"
"1039.870.979","001","2025","43429","SECO"
"1039.870.979","001","2025","49410","MAIN"
"1039.872.068","001","2025","85699","SECO"
"1039.872.068","001","2025","68110","MAIN"
"1039.877.909","001","2025","77330","SECO"
"1039.877.909","001","2025","68203","MAIN"
"1039.877.909","001","2025","77229","SECO"
"1039.884.045","001","2025","81210","MAIN"
"1039.884.045","001","2025","81220","SECO"
"1039.887.312","001","2025","59113","MAIN"
"1039.887.807","001","2025","47722","SECO"
"1039.887.807","001","2025","15120","MAIN"
"1039.887.807","001","2025","46498","SECO"
"1039.897.507","001","2025","90392","SECO"
"1039.897.507","001","2025","95320","SECO"
"1039.897.507","001","2025","47830","MAIN"
"1039.897.507","001","2025","95311","SECO"
"1039.897.507","001","2025","49410","SECO"
"1039.897.507","001","2025","82990","SECO"
"1039.899.584","001","2025","96993","MAIN"
"1039.899.584","001","2025","96994","SECO"
"1039.899.584","001","2025","96995","SECO"
"1039.899.584","001","2025","93199","SECO"
"1039.900.277","001","2025","85520","SECO"
"1039.900.277","001","2025","90201","MAIN"
"1039.900.277","001","2025","90111","SECO"
"1039.900.277","001","2025","74201","SECO"
"1039.905.821","001","2025","95290","SECO"
"1039.905.821","001","2025","14220","SECO"
"1039.905.821","001","2025","14210","MAIN"
"1039.905.821","001","2025","14299","SECO"
"1039.906.514","001","2025","42219","SECO"
"1039.906.514","001","2025","43222","MAIN"
"1039.915.521","001","2025","43221","MAIN"
"1039.915.521","001","2025","43350","SECO"
"1039.915.521","001","2025","43230","SECO"
"1039.915.521","001","2025","81220","SECO"
"1039.915.521","001","2025","82990","SECO"
"1039.915.521","001","2025","43223","SECO"
"1039.923.538","001","2025","68121","SECO"
"1039.923.538","001","2025","55203","MAIN"
"1039.923.538","001","2025","82990","SECO"
"1039.923.637","001","2025","68204","SECO"
"1039.923.637","001","2025","68201","MAIN"
"1039.923.637","001","2025","93127","SECO"
"1039.923.637","001","2025","68203","SECO"
"1039.923.637","001","2025","85510","SECO"
"1039.932.248","001","2025","46424","SECO"
"1039.932.248","001","2025","96210","MAIN"
"1039.932.248","001","2025","47750","SECO"
"1039.933.436","001","2025","96993","MAIN"
"1039.933.634","001","2025","81300","MAIN"
"1039.933.634","001","2025","43341","SECO"
"1039.933.634","001","2025","43110","SECO"
"1039.933.634","001","2025","43990","SECO"
"1039.938.384","001","2025","95316","MAIN"
"1039.940.661","001","2025","63100","SECO"
"1039.940.661","001","2025","62900","SECO"
"1039.940.661","001","2025","62100","MAIN"
"1039.940.661","001","2025","62200","SECO"
"1039.940.859","001","2025","41002","SECO"
"1039.940.859","001","2025","47120","SECO"
"1039.940.859","001","2025","81300","SECO"
"1039.940.859","001","2025","71113","MAIN"
"1039.942.146","001","2025","41001","SECO"
"1039.942.146","001","2025","16220","SECO"
"1039.942.146","001","2025","16230","SECO"
"1039.942.146","001","2025","43320","MAIN"
"1039.944.621","001","2025","93299","MAIN"
"1039.944.621","001","2025","85599","SECO"
"1039.944.621","001","2025","96999","SECO"
"1039.944.621","001","2025","85593","SECO"
"1039.952.341","001","2025","71121","MAIN"
"1039.952.341","001","2025","70200","SECO"
"1039.952.341","001","2025","62200","SECO"
"1039.953.034","001","2025","68121","SECO"
"1039.953.034","001","2025","68110","MAIN"
"1039.953.034","001","2025","70200","SECO"
"1039.953.034","001","2025","68201","SECO"
"1039.955.410","001","2025","82990","MAIN"
"1039.955.410","001","2025","46890","SECO"
"1039.955.410","001","2025","46140","SECO"
"1039.955.410","001","2025","71121","SECO"
"1039.961.447","001","2025","79120","SECO"
"1039.961.447","001","2025","79110","MAIN"
"1039.961.645","001","2025","47640","SECO"
"1039.961.645","001","2025","47621","SECO"
"1039.961.645","001","2025","47551","SECO"
"1039.961.645","001","2025","47610","MAIN"
"1039.961.645","001","2025","47793","SECO"
"1039.963.229","001","2025","43331","SECO"
"1039.963.229","001","2025","43350","SECO"
"1039.963.229","001","2025","43990","MAIN"
"1039.965.308","001","2025","71121","MAIN"
"1039.965.308","001","2025","72109","SECO"
"1039.965.308","001","2025","74999","SECO"
"1039.981.540","006","2025","47730","MAIN"
"1039.981.540","001","2025","47279","SECO"
"1039.981.540","001","2025","47730","MAIN"
"1039.981.540","001","2025","01480","SECO"
"1039.988.171","001","2025","68310","MAIN"
"1039.988.765","001","2025","47716","MAIN"
"1039.988.765","001","2025","74111","SECO"
"1039.988.963","001","2025","68201","SECO"
"1039.988.963","001","2025","68203","SECO"
"1039.988.963","001","2025","71121","SECO"
"1039.988.963","001","2025","41001","MAIN"
"1040.003.019","001","2025","53200","MAIN"
"1040.006.977","001","2025","71112","SECO"
"1040.006.977","001","2025","74120","MAIN"
"1040.008.264","001","2025","33140","MAIN"
"1040.008.264","001","2025","43211","SECO"
"1040.008.264","001","2025","82990","SECO"
"1040.008.858","001","2025","56111","SECO"
"1040.008.858","001","2025","56112","SECO"
"1040.008.858","001","2025","56301","MAIN"
"1040.009.551","001","2025","62100","MAIN"
"1040.011.234","001","2025","46170","SECO"
"1040.011.234","001","2025","52250","MAIN"
"1040.011.234","001","2025","46180","SECO"
"1040.020.934","001","2025","74201","MAIN"
"1040.020.934","001","2025","59113","SECO"
"1040.020.934","001","2025","74209","SECO"
"1040.028.159","001","2025","62200","SECO"
"1040.028.159","001","2025","70200","MAIN"
"1040.028.159","001","2025","72101","SECO"
"1040.028.159","001","2025","85699","SECO"
"1040.030.634","001","2025","62100","SECO"
"1040.030.634","001","2025","62200","MAIN"
"1040.030.634","001","2025","63910","SECO"
"1040.030.634","001","2025","62900","SECO"
"1040.030.634","001","2025","85599","SECO"
"1040.030.733","001","2025","47784","MAIN"
"1040.038.750","001","2025","43990","MAIN"
"1040.039.938","001","2025","79901","MAIN"
"1040.039.938","001","2025","90120","SECO"
"1040.039.938","001","2025","90201","SECO"
"1040.039.938","001","2025","82400","SECO"
"1040.039.938","001","2025","85599","SECO"
"1040.042.908","001","2025","71111","MAIN"
"1040.057.061","001","2025","49340","SECO"
"1040.057.061","001","2025","49310","MAIN"
"1040.057.061","001","2025","49320","SECO"
"1040.057.061","001","2025","49390","SECO"
"1040.057.061","001","2025","49330","SECO"
"1040.058.843","001","2025","70200","SECO"
"1040.058.843","001","2025","82990","MAIN"
"1040.058.843","001","2025","82400","SECO"
"1040.060.724","001","2025","69101","MAIN"
"1040.060.823","001","2025","82990","MAIN"
"1040.060.823","001","2025","86995","SECO"
"1040.062.902","001","2025","55204","SECO"
"1040.062.902","001","2025","96220","SECO"
"1040.062.902","001","2025","56112","SECO"
"1040.062.902","001","2025","96230","MAIN"
"1040.062.902","001","2025","56301","SECO"
"1040.064.583","001","2025","74999","MAIN"
"1040.069.533","001","2025","58190","SECO"
"1040.069.533","001","2025","85510","MAIN"
"1040.069.533","001","2025","47910","SECO"
"1040.069.533","001","2025","47120","SECO"
"1040.069.533","001","2025","86995","SECO"
"1040.069.533","001","2025","59113","SECO"
"1040.069.731","001","2025","47120","MAIN"
"1040.072.897","001","2025","62100","MAIN"
"1040.072.897","001","2025","63100","SECO"
"1040.072.897","001","2025","70200","SECO"
"1040.072.897","001","2025","62200","SECO"
"1040.072.897","001","2025","96999","SECO"
"1040.072.897","001","2025","85592","SECO"
"1040.075.669","001","2025","70200","MAIN"
"1040.075.669","001","2025","43350","SECO"
"1040.075.669","001","2025","47910","SECO"
"1040.075.669","001","2025","82990","SECO"
"1040.075.669","001","2025","47920","SECO"
"1040.075.669","001","2025","71121","SECO"
"1040.075.768","001","2025","47715","SECO"
"1040.075.768","001","2025","47770","SECO"
"1040.075.768","001","2025","47722","SECO"
"1040.075.768","001","2025","47716","MAIN"
"1040.077.649","001","2025","43211","MAIN"
"1040.077.649","001","2025","43212","SECO"
"1040.077.649","001","2025","43222","SECO"
"1040.084.973","001","2025","70200","MAIN"
"1040.086.953","001","2025","71121","MAIN"
"1040.088.240","001","2025","43350","SECO"
"1040.088.240","001","2025","41001","MAIN"
"1040.088.240","001","2025","81220","SECO"
"1040.088.240","001","2025","43230","SECO"
"1040.088.240","001","2025","81210","SECO"
"1040.088.240","001","2025","43410","SECO"
"1040.088.933","001","2025","64210","SECO"
"1040.088.933","001","2025","77320","MAIN"
"1040.088.933","001","2025","82100","SECO"
"1040.095.267","001","2025","90201","MAIN"
"1040.103.284","001","2025","43332","SECO"
"1040.103.284","001","2025","43230","SECO"
"1040.103.284","001","2025","43320","MAIN"
"1040.103.284","001","2025","16281","SECO"
"1040.103.284","001","2025","43350","SECO"
"1040.104.868","001","2025","74111","SECO"
"1040.104.868","001","2025","62900","SECO"
"1040.104.868","001","2025","62100","MAIN"
"1040.104.868","001","2025","72109","SECO"
"1040.104.868","001","2025","70200","SECO"
"1040.105.264","001","2025","82990","SECO"
"1040.105.264","001","2025","74120","SECO"
"1040.105.264","001","2025","73110","SECO"
"1040.105.264","001","2025","70200","SECO"
"1040.105.264","001","2025","46190","MAIN"
"1040.105.264","001","2025","73120","SECO"
"1040.110.016","001","2025","41003","SECO"
"1040.110.016","001","2025","41002","SECO"
"1040.110.016","001","2025","43421","SECO"
"1040.110.016","001","2025","41001","MAIN"
"1040.110.016","001","2025","43310","SECO"
"1040.110.016","001","2025","43910","SECO"
"1040.113.677","001","2025","62100","MAIN"
"1040.116.647","001","2025","81220","MAIN"
"1040.122.090","001","2025","33200","SECO"
"1040.122.090","001","2025","25999","SECO"
"1040.122.090","001","2025","25530","MAIN"
"1040.127.535","001","2025","53300","SECO"
"1040.127.535","001","2025","53200","MAIN"
"1040.127.931","001","2025","56210","SECO"
"1040.127.931","001","2025","56112","MAIN"
"1040.128.030","001","2025","43341","SECO"
"1040.128.030","001","2025","43320","SECO"
"1040.128.030","001","2025","43310","MAIN"
"1040.129.416","001","2025","70200","MAIN"
"1040.132.681","001","2025","68201","SECO"
"1040.132.681","001","2025","68203","SECO"
"1040.132.681","001","2025","68329","SECO"
"1040.132.681","001","2025","68322","SECO"
"1040.132.681","001","2025","68121","SECO"
"1040.132.681","001","2025","68310","MAIN"
"1040.134.364","001","2025","47791","MAIN"
"1040.134.364","001","2025","82990","SECO"
"1040.134.364","001","2025","47120","SECO"
"1040.134.364","001","2025","47793","SECO"
"1040.137.433","001","2025","96230","MAIN"
"1040.137.433","001","2025","96220","SECO"
"1040.137.433","001","2025","86961","SECO"
"1040.138.126","001","2025","85510","SECO"
"1040.138.126","001","2025","93110","SECO"
"1040.138.126","001","2025","93130","MAIN"
"1040.139.116","001","2025","82100","SECO"
"1040.139.116","001","2025","70200","SECO"
"1040.139.116","001","2025","82990","MAIN"
"1040.139.908","001","2025","47750","SECO"
"1040.139.908","001","2025","96220","MAIN"
"1040.139.908","001","2025","96230","SECO"
"1040.141.886","001","2025","70200","MAIN"
"1040.142.678","001","2025","62900","SECO"
"1040.142.678","001","2025","63100","SECO"
"1040.142.678","001","2025","62200","SECO"
"1040.142.678","001","2025","70200","MAIN"
"1040.143.767","001","2025","62100","MAIN"
"1040.143.767","001","2025","62200","SECO"
"1040.143.767","001","2025","53200","SECO"
"1040.143.767","001","2025","74111","SECO"
"1040.143.767","001","2025","74120","SECO"
"1040.148.519","001","2025","69101","MAIN"
"1040.153.467","001","2025","47812","SECO"
"1040.153.467","001","2025","47811","MAIN"
"1040.155.645","001","2025","41001","MAIN"
"1040.155.645","001","2025","43230","SECO"
"1040.155.645","001","2025","43310","SECO"
"1040.155.645","001","2025","43331","SECO"
"1040.155.645","001","2025","43211","SECO"
"1040.156.536","001","2025","46890","SECO"
"1040.156.536","001","2025","33130","SECO"
"1040.156.536","001","2025","33120","MAIN"
"1040.156.536","001","2025","46649","SECO"
"1040.157.823","001","2025","49200","SECO"
"1040.157.823","001","2025","52250","MAIN"
"1040.157.823","001","2025","52260","SECO"
"1040.157.823","001","2025","49410","SECO"
"1040.157.823","001","2025","49310","SECO"
"1040.164.751","001","2025","86940","MAIN"
"1040.166.830","001","2025","69109","MAIN"
"1040.166.929","001","2025","30910","SECO"
"1040.166.929","001","2025","25530","SECO"
"1040.166.929","001","2025","25110","SECO"
"1040.166.929","001","2025","25639","SECO"
"1040.166.929","001","2025","33120","MAIN"
"1040.167.721","001","2025","46474","SECO"
"1040.167.721","001","2025","46423","SECO"
"1040.167.721","001","2025","46425","SECO"
"1040.167.721","001","2025","46419","MAIN"
"1040.167.721","001","2025","46471","SECO"
"1040.167.721","001","2025","46411","SECO"
"1040.169.996","001","2025","56210","SECO"
"1040.169.996","001","2025","56111","MAIN"
"1040.169.996","001","2025","56301","SECO"
"1040.169.996","001","2025","82990","SECO"
"1040.172.273","001","2025","74209","SECO"
"1040.172.273","001","2025","73110","SECO"
"1040.172.273","001","2025","70200","MAIN"
"1040.172.273","001","2025","90120","SECO"
"1040.177.520","001","2025","47750","SECO"
"1040.177.520","001","2025","96220","MAIN"
"1040.182.567","001","2025","56301","MAIN"
"1040.186.329","001","2025","47559","SECO"
"1040.186.329","001","2025","47789","SECO"
"1040.186.329","001","2025","47716","MAIN"
"1040.186.329","001","2025","47553","SECO"
"1040.188.012","001","2025","70200","MAIN"
"1040.188.012","001","2025","68329","SECO"
"1040.188.012","001","2025","82990","SECO"
"1040.188.012","001","2025","70100","SECO"
"1040.188.606","001","2025","85510","SECO"
"1040.188.606","001","2025","93299","SECO"
"1040.188.606","001","2025","93199","MAIN"
"1040.190.881","001","2025","62200","SECO"
"1040.190.881","001","2025","63910","SECO"
"1040.190.881","001","2025","62100","MAIN"
"1040.190.881","001","2025","74120","SECO"
"1040.194.148","001","2025","70200","MAIN"
"1040.194.148","001","2025","73300","SECO"
"1040.196.326","001","2025","96210","MAIN"
"1040.197.316","001","2025","74120","MAIN"
"1040.198.009","001","2025","86961","MAIN"
"1040.198.504","001","2025","86951","MAIN"
"1040.199.195","001","2025","25110","MAIN"
"1040.199.393","001","2025","52250","MAIN"
"1040.199.393","001","2025","53100","SECO"
"1040.199.492","001","2025","72109","SECO"
"1040.199.492","001","2025","71121","MAIN"
"1040.199.492","001","2025","74112","SECO"
"1040.199.492","001","2025","71209","SECO"
"1040.200.086","001","2025","53200","MAIN"
"1040.202.462","001","2025","95311","SECO"
"1040.202.462","001","2025","47811","SECO"
"1040.202.462","001","2025","95319","MAIN"
"1040.204.640","001","2025","46833","MAIN"
"1040.206.026","001","2025","56120","MAIN"
"1040.206.818","001","2025","75000","MAIN"
"1040.208.895","001","2025","47639","MAIN"
"1040.208.895","001","2025","82990","SECO"
"1040.210.479","001","2025","68203","MAIN"
"1040.211.172","001","2025","53200","MAIN"
"1040.211.271","001","2025","43120","SECO"
"1040.211.271","001","2025","81230","SECO"
"1040.211.271","001","2025","81220","MAIN"
"1040.211.271","001","2025","81210","SECO"
"1040.212.657","001","2025","43990","SECO"
"1040.212.657","001","2025","85599","SECO"
"1040.212.657","001","2025","95290","SECO"
"1040.212.657","001","2025","82990","MAIN"
"1040.212.657","001","2025","43350","SECO"
"1040.212.657","001","2025","81220","SECO"
"1040.214.637","001","2025","96999","SECO"
"1040.214.637","001","2025","74201","MAIN"
"1040.214.637","001","2025","47120","SECO"
"1040.214.637","001","2025","74209","SECO"
"1040.214.637","001","2025","73110","SECO"
"1040.218.892","001","2025","49320","SECO"
"1040.218.892","001","2025","46170","SECO"
"1040.218.892","001","2025","47260","SECO"
"1040.218.892","001","2025","49330","SECO"
"1040.218.892","001","2025","47110","MAIN"
"1040.218.892","001","2025","52100","SECO"
"1040.219.486","001","2025","86951","MAIN"
"1040.219.981","001","2025","43990","SECO"
"1040.219.981","001","2025","43230","SECO"
"1040.219.981","001","2025","43240","MAIN"
"1040.219.981","001","2025","43350","SECO"
"1040.219.981","001","2025","81220","SECO"
"1040.219.981","001","2025","43120","SECO"
"1040.220.971","001","2025","62900","MAIN"
"1040.220.971","001","2025","62200","SECO"
"1040.220.971","001","2025","90399","SECO"
"1040.221.169","001","2025","01610","SECO"
"1040.221.169","001","2025","81300","MAIN"
"1040.221.169","001","2025","82990","SECO"
"1040.221.169","001","2025","71113","SECO"
"1040.221.169","001","2025","43120","SECO"
"1040.221.169","001","2025","47761","SECO"
"1040.223.743","001","2025","85510","SECO"
"1040.223.743","001","2025","46180","SECO"
"1040.223.743","001","2025","68310","MAIN"
"1040.228.097","001","2025","95314","MAIN"
"1040.229.780","001","2025","52210","SECO"
"1040.229.780","001","2025","62200","MAIN"
"1040.229.780","001","2025","62100","SECO"
"1040.231.661","001","2025","81300","MAIN"
"1040.231.661","001","2025","81220","SECO"
"1040.231.661","001","2025","81210","SECO"
"1040.231.661","001","2025","43990","SECO"
"1040.232.354","001","2025","81210","MAIN"
"1040.232.750","001","2025","92000","SECO"
"1040.232.750","001","2025","47110","MAIN"
"1040.232.750","001","2025","61100","SECO"
"1040.233.839","001","2025","46389","SECO"
"1040.233.839","001","2025","56112","MAIN"
"1040.233.839","001","2025","56210","SECO"
"1040.233.839","001","2025","59113","SECO"
"1040.233.839","001","2025","10850","SECO"
"1040.238.292","001","2025","74120","SECO"
"1040.238.292","001","2025","73110","MAIN"
"1040.238.292","001","2025","82990","SECO"
"1040.239.777","001","2025","91210","SECO"
"1040.239.777","001","2025","90201","SECO"
"1040.239.777","001","2025","90111","MAIN"
"1040.241.163","001","2025","68310","MAIN"
"1040.241.163","001","2025","68329","SECO"
"1040.242.351","001","2025","96220","MAIN"
"1040.242.351","001","2025","82990","SECO"
"1040.242.351","001","2025","95316","SECO"
"1040.248.289","001","2025","41003","SECO"
"1040.248.289","001","2025","70100","SECO"
"1040.248.289","001","2025","82990","SECO"
"1040.248.289","001","2025","71111","MAIN"
"1040.248.289","001","2025","43240","SECO"
"1040.248.289","001","2025","70200","SECO"
"1040.248.784","001","2025","62900","SECO"
"1040.248.784","001","2025","82990","MAIN"
"1040.248.784","001","2025","70200","SECO"
"1040.249.081","001","2025","77393","SECO"
"1040.249.081","001","2025","82100","MAIN"
"1040.249.081","001","2025","70200","SECO"
"1040.249.081","001","2025","96994","SECO"
"1040.250.467","001","2025","90130","MAIN"
"1040.250.467","001","2025","90120","SECO"
"1040.250.467","001","2025","32130","SECO"
"1040.250.665","001","2025","49410","MAIN"
"1040.251.358","001","2025","81230","SECO"
"1040.251.358","001","2025","81210","MAIN"
"1040.251.358","001","2025","43350","SECO"
"1040.251.358","001","2025","81220","SECO"
"1040.251.358","001","2025","43230","SECO"
"1040.252.051","001","2025","53200","MAIN"
"1040.253.635","001","2025","43211","SECO"
"1040.253.635","001","2025","49410","SECO"
"1040.253.635","001","2025","43240","MAIN"
"1040.256.803","001","2025","90201","MAIN"
"1040.256.803","001","2025","85599","SECO"
"1040.258.781","001","2025","32129","SECO"
"1040.258.781","001","2025","32121","SECO"
"1040.258.781","001","2025","47770","MAIN"
"1040.258.781","001","2025","46861","SECO"
"1040.258.781","001","2025","46480","SECO"
"1040.258.781","001","2025","32130","SECO"
"1040.260.365","001","2025","82990","MAIN"
"1040.260.464","001","2025","71113","MAIN"
"1040.260.761","001","2025","70200","SECO"
"1040.260.761","001","2025","71121","SECO"
"1040.260.761","001","2025","62200","MAIN"
"1040.262.444","001","2025","85510","MAIN"
"1040.262.444","001","2025","70100","SECO"
"1040.263.038","001","2025","95316","SECO"
"1040.263.038","001","2025","85610","SECO"
"1040.263.038","001","2025","82990","MAIN"
"1040.263.038","001","2025","88999","SECO"
"1040.263.038","001","2025","49410","SECO"
"1040.264.622","001","2025","82990","SECO"
"1040.264.622","001","2025","82100","SECO"
"1040.264.622","001","2025","63920","SECO"
"1040.264.622","001","2025","70100","SECO"
"1040.264.622","001","2025","70200","MAIN"
"1040.265.315","001","2025","71121","SECO"
"1040.265.315","001","2025","70200","SECO"
"1040.265.315","001","2025","62200","MAIN"
"1040.265.513","001","2025","64210","MAIN"
"1040.266.008","001","2025","81210","MAIN"
"1040.266.008","001","2025","81220","SECO"
"1040.266.008","001","2025","43341","SECO"
"1040.266.008","001","2025","43990","SECO"
"1040.266.701","001","2025","43211","MAIN"
"1040.266.701","001","2025","41001","SECO"
"1040.267.293","001","2025","96220","MAIN"
"1040.267.689","001","2025","81300","MAIN"
"1040.267.887","001","2025","56111","MAIN"
"1040.267.887","001","2025","47279","SECO"
"1040.267.887","001","2025","47784","SECO"
"1040.267.887","001","2025","47750","SECO"
"1040.267.887","001","2025","56120","SECO"
"1040.267.887","001","2025","56210","SECO"
"1040.268.184","001","2025","62200","SECO"
"1040.268.184","001","2025","70200","SECO"
"1040.268.184","001","2025","62900","SECO"
"1040.268.184","001","2025","62100","MAIN"
"1040.268.184","001","2025","70100","SECO"
"1040.268.481","001","2025","43230","MAIN"
"1040.268.481","001","2025","43240","SECO"
"1040.268.481","001","2025","43350","SECO"
"1040.268.481","001","2025","81220","SECO"
"1040.268.481","001","2025","43910","SECO"
"1040.270.659","001","2025","81210","MAIN"
"1040.270.659","001","2025","70200","SECO"
"1040.270.659","001","2025","59113","SECO"
"1040.270.659","001","2025","47783","SECO"
"1040.270.659","001","2025","47750","SECO"
"1040.270.659","001","2025","81230","SECO"
"1040.270.857","001","2025","62100","MAIN"
"1040.271.055","001","2025","85599","SECO"
"1040.271.055","001","2025","96220","MAIN"
"1040.271.154","001","2025","81300","MAIN"
"1040.271.550","001","2025","96993","MAIN"
"1040.271.847","001","2025","69101","MAIN"
"1040.272.045","001","2025","74130","SECO"
"1040.272.045","001","2025","71112","MAIN"
"1040.272.243","001","2025","95315","MAIN"
"1040.272.243","001","2025","82990","SECO"
"1040.272.243","001","2025","95316","SECO"
"1040.272.243","001","2025","68203","SECO"
"1040.272.342","001","2025","70200","SECO"
"1040.272.342","001","2025","52210","SECO"
"1040.272.342","001","2025","52250","MAIN"
"1040.272.342","001","2025","49410","SECO"
"1040.272.837","001","2025","70200","SECO"
"1040.272.837","001","2025","82990","MAIN"
"1040.273.827","001","2025","47260","SECO"
"1040.273.827","001","2025","47241","SECO"
"1040.273.827","001","2025","47279","MAIN"
"1040.273.827","001","2025","47242","SECO"
"1040.273.827","001","2025","47252","SECO"
"1040.275.015","001","2025","81300","MAIN"
"1040.276.795","001","2025","75000","MAIN"
"1040.278.082","001","2025","56301","MAIN"
"1040.278.082","001","2025","56112","SECO"
"1040.278.775","001","2025","61200","MAIN"
"1040.279.468","001","2025","47690","MAIN"
"1040.279.864","001","2025","82990","SECO"
"1040.279.864","001","2025","43410","MAIN"
"1040.280.557","001","2025","58290","SECO"
"1040.280.557","001","2025","73110","SECO"
"1040.280.557","001","2025","70200","SECO"
"1040.280.557","001","2025","73300","MAIN"
"1040.280.557","001","2025","74120","SECO"
"1040.281.646","001","2025","68110","SECO"
"1040.281.646","001","2025","62200","SECO"
"1040.281.646","001","2025","82300","SECO"
"1040.281.646","001","2025","64210","SECO"
"1040.281.646","001","2025","82100","SECO"
"1040.281.646","001","2025","70200","MAIN"
"1040.283.329","001","2025","43211","MAIN"
"1040.284.418","001","2025","52250","SECO"
"1040.284.418","001","2025","49310","SECO"
"1040.284.418","001","2025","49410","MAIN"
"1040.284.913","001","2025","96230","SECO"
"1040.284.913","001","2025","96220","MAIN"
"1040.285.210","001","2025","47640","MAIN"
"1040.288.277","001","2025","73110","SECO"
"1040.288.277","001","2025","70200","SECO"
"1040.288.277","001","2025","46190","SECO"
"1040.288.277","001","2025","82200","SECO"
"1040.288.277","001","2025","62100","MAIN"
"1040.289.168","001","2025","81220","MAIN"
"1040.289.465","001","2025","70200","SECO"
"1040.289.465","001","2025","86995","MAIN"
"1040.289.960","001","2025","86940","MAIN"
"1040.291.148","001","2025","43310","SECO"
"1040.291.148","001","2025","43230","SECO"
"1040.291.148","001","2025","43211","SECO"
"1040.291.148","001","2025","43221","SECO"
"1040.291.148","001","2025","43120","MAIN"
"1040.292.633","001","2025","74201","SECO"
"1040.292.633","001","2025","93299","SECO"
"1040.292.633","001","2025","43211","MAIN"
"1040.292.633","001","2025","81300","SECO"
"1040.292.831","001","2025","93299","SECO"
"1040.292.831","001","2025","46341","SECO"
"1040.292.831","001","2025","85599","SECO"
"1040.292.831","001","2025","47910","SECO"
"1040.292.831","001","2025","47251","MAIN"
"1040.294.910","001","2025","75000","MAIN"
"1040.295.504","001","2025","18120","SECO"
"1040.295.504","001","2025","74111","SECO"
"1040.295.504","001","2025","90130","MAIN"
"1040.295.504","001","2025","74120","SECO"
"1040.295.504","001","2025","47400","SECO"
"1040.296.294","001","2025","47716","MAIN"
"1040.296.888","001","2025","93299","SECO"
"1040.296.888","001","2025","82100","MAIN"
"1040.296.888","001","2025","82300","SECO"
"1040.296.888","001","2025","96999","SECO"
"1040.296.987","001","2025","14240","SECO"
"1040.296.987","001","2025","32123","SECO"
"1040.296.987","001","2025","47716","SECO"
"1040.296.987","001","2025","14220","SECO"
"1040.296.987","001","2025","14210","MAIN"
"1040.296.987","001","2025","14299","SECO"
"1040.297.086","001","2025","46180","MAIN"
"1040.298.373","001","2025","43331","MAIN"
"1040.299.066","001","2025","96992","MAIN"
"1040.300.650","001","2025","73300","SECO"
"1040.300.650","001","2025","70200","MAIN"
"1040.300.650","001","2025","82300","SECO"
"1040.300.650","001","2025","85592","SECO"
"1040.300.848","001","2025","42919","MAIN"
"1040.301.046","001","2025","95316","MAIN"
"1040.301.046","001","2025","81230","SECO"
"1040.301.046","001","2025","82990","SECO"
"1040.301.046","001","2025","81220","SECO"
"1040.301.838","001","2025","47750","SECO"
"1040.301.838","001","2025","96210","MAIN"
"1040.304.610","001","2025","43222","MAIN"
"1040.305.402","001","2025","95100","SECO"
"1040.305.402","001","2025","81230","SECO"
"1040.305.402","001","2025","47400","SECO"
"1040.305.402","001","2025","81220","MAIN"
"1040.305.402","001","2025","43350","SECO"
"1040.305.402","001","2025","81300","SECO"
"1040.307.578","001","2025","93299","SECO"
"1040.307.578","001","2025","46491","SECO"
"1040.307.578","001","2025","46180","SECO"
"1040.307.578","001","2025","58290","SECO"
"1040.307.578","001","2025","47610","SECO"
"1040.307.578","001","2025","62200","MAIN"
"1040.308.370","001","2025","53200","SECO"
"1040.308.370","001","2025","95311","MAIN"
"1040.308.469","001","2025","82990","SECO"
"1040.308.469","001","2025","43341","SECO"
"1040.308.469","001","2025","81300","SECO"
"1040.308.469","001","2025","43320","MAIN"
"1040.308.964","001","2025","81220","SECO"
"1040.308.964","001","2025","81300","SECO"
"1040.308.964","001","2025","43230","SECO"
"1040.308.964","001","2025","43221","SECO"
"1040.308.964","001","2025","41001","SECO"
"1040.308.964","001","2025","43120","MAIN"
"1040.309.063","001","2025","82990","SECO"
"1040.309.063","001","2025","82100","SECO"
"1040.309.063","001","2025","73200","SECO"
"1040.309.063","001","2025","73300","SECO"
"1040.309.063","001","2025","70200","MAIN"
"1040.310.152","001","2025","10850","MAIN"
"1040.310.152","001","2025","47279","SECO"
"1040.310.152","001","2025","47110","SECO"
"1040.310.152","001","2025","47221","SECO"
"1040.310.152","001","2025","56210","SECO"
"1040.310.746","001","2025","47910","MAIN"
"1040.311.340","001","2025","82990","MAIN"
"1040.311.340","001","2025","47221","SECO"
"1040.311.340","001","2025","10119","SECO"
"1040.311.340","001","2025","10850","SECO"
"1040.311.340","001","2025","10113","SECO"
"1040.311.340","001","2025","10112","SECO"
"1040.313.221","001","2025","86910","SECO"
"1040.313.221","001","2025","56111","SECO"
"1040.313.221","001","2025","62100","SECO"
"1040.313.221","001","2025","81300","MAIN"
"1040.313.221","001","2025","56301","SECO"
"1040.315.003","001","2025","49330","MAIN"
"1040.315.793","001","2025","95311","SECO"
"1040.315.793","001","2025","95319","MAIN"
"1040.315.793","001","2025","95314","SECO"
"1040.315.793","001","2025","47811","SECO"
"1040.315.793","001","2025","52210","SECO"
"1040.315.991","001","2025","49410","MAIN"
"1040.316.684","001","2025","43320","SECO"
"1040.316.684","001","2025","43310","SECO"
"1040.316.684","001","2025","43422","MAIN"
"1040.316.783","001","2025","85510","MAIN"
"1040.317.179","001","2025","02400","SECO"
"1040.317.179","001","2025","81300","MAIN"
"1040.317.179","001","2025","43240","SECO"
"1040.317.179","001","2025","33120","SECO"
"1040.317.377","001","2025","73110","SECO"
"1040.317.377","001","2025","73300","MAIN"
"1040.317.377","001","2025","74140","SECO"
"1040.318.664","001","2025","81300","MAIN"
"1040.319.258","001","2025","41001","SECO"
"1040.319.258","001","2025","43240","SECO"
"1040.319.258","001","2025","43320","SECO"
"1040.319.258","001","2025","43990","MAIN"
"1040.319.555","001","2025","35400","SECO"
"1040.319.555","001","2025","61200","MAIN"
"1040.319.852","001","2025","55203","MAIN"
"1040.320.743","001","2025","53200","MAIN"
"1040.320.743","001","2025","82990","SECO"
"1040.322.228","001","2025","43320","MAIN"
"1040.322.228","001","2025","82990","SECO"
"1040.322.228","001","2025","43343","SECO"
"1040.322.228","001","2025","82100","SECO"
"1040.322.525","001","2025","43350","SECO"
"1040.322.525","001","2025","43230","SECO"
"1040.322.525","001","2025","43990","SECO"
"1040.322.525","001","2025","81210","SECO"
"1040.322.525","001","2025","43120","MAIN"
"1040.323.614","001","2025","82990","SECO"
"1040.323.614","001","2025","43600","SECO"
"1040.323.614","001","2025","86995","SECO"
"1040.323.614","001","2025","85510","MAIN"
"1040.324.802","001","2025","35400","SECO"
"1040.324.802","001","2025","61200","MAIN"
"1040.325.394","001","2025","74201","MAIN"
"1040.325.691","001","2025","53200","MAIN"
"1040.327.473","001","2025","86999","MAIN"
"1040.327.473","001","2025","53200","SECO"
"1040.329.453","001","2025","14210","SECO"
"1040.329.453","001","2025","82990","MAIN"
"1040.331.235","001","2025","96230","MAIN"
"1040.331.730","001","2025","53200","MAIN"
"1040.331.730","001","2025","82990","SECO"
"1040.332.225","001","2025","47640","SECO"
"1040.332.225","001","2025","47400","SECO"
"1040.332.225","001","2025","47750","SECO"
"1040.332.225","001","2025","47559","MAIN"
"1040.332.225","001","2025","47716","SECO"
"1040.332.423","001","2025","58290","MAIN"
"1040.333.314","001","2025","18130","SECO"
"1040.333.314","001","2025","74120","MAIN"
"1040.334.896","001","2025","58290","MAIN"
"1040.334.896","001","2025","59120","SECO"
"1040.334.896","001","2025","63100","SECO"
"1040.335.094","001","2025","81300","MAIN"
"1040.335.094","001","2025","71113","SECO"
"1040.336.282","001","2025","74140","SECO"
"1040.336.282","001","2025","82100","SECO"
"1040.336.282","001","2025","73110","SECO"
"1040.336.282","001","2025","74301","SECO"
"1040.336.282","001","2025","70200","MAIN"
"1040.337.371","001","2025","70200","MAIN"
"1040.337.371","001","2025","62200","SECO"
"1040.337.371","001","2025","68201","SECO"
"1040.337.470","001","2025","69101","MAIN"
"1040.338.460","001","2025","86951","MAIN"
"1040.338.460","001","2025","85510","SECO"
"1040.338.460","001","2025","86963","SECO"
"1040.339.846","001","2025","46389","MAIN"
"1040.339.846","001","2025","56120","SECO"
"1040.339.846","001","2025","47252","SECO"
"1040.339.846","001","2025","47279","SECO"
"1040.339.846","001","2025","47251","SECO"
"1040.339.945","001","2025","56301","MAIN"
"1040.340.341","001","2025","95311","MAIN"
"1040.341.430","001","2025","81210","MAIN"
"1040.341.529","001","2025","85599","SECO"
"1040.341.529","001","2025","70200","MAIN"
"1040.341.529","001","2025","73300","SECO"
"1040.341.529","001","2025","74999","SECO"
"1040.342.123","001","2025","59130","SECO"
"1040.342.123","001","2025","59120","SECO"
"1040.342.123","001","2025","59111","MAIN"
"1040.342.123","001","2025","70200","SECO"
"1040.342.123","001","2025","59113","SECO"
"1040.342.618","001","2025","47241","MAIN"
"1040.342.618","001","2025","74130","SECO"
"1040.344.596","001","2025","81210","MAIN"
"1040.344.596","001","2025","81220","SECO"
"1040.345.883","001","2025","55204","MAIN"
"1040.345.883","001","2025","01480","SECO"
"1040.345.883","001","2025","01450","SECO"
"1040.346.279","001","2025","68110","MAIN"
"1040.346.279","001","2025","70100","SECO"
"1040.346.279","001","2025","71113","SECO"
"1040.346.279","001","2025","70200","SECO"
"1040.346.279","001","2025","68122","SECO"
"1040.346.279","001","2025","68121","SECO"
"1040.350.239","001","2025","96999","MAIN"
"1040.351.130","001","2025","86963","MAIN"
"1040.351.526","001","2025","73300","MAIN"
"1040.351.526","001","2025","60390","SECO"
"1040.352.813","001","2025","71111","MAIN"
"1040.352.813","001","2025","71119","SECO"
"1040.352.813","001","2025","71113","SECO"
"1040.353.011","001","2025","47750","SECO"
"1040.353.011","001","2025","47770","SECO"
"1040.353.011","001","2025","96220","MAIN"
"1040.354.494","001","2025","82990","SECO"
"1040.354.494","001","2025","43320","MAIN"
"1040.354.494","001","2025","31001","SECO"
"1040.354.890","001","2025","56301","SECO"
"1040.354.890","001","2025","86931","MAIN"
"1040.355.385","001","2025","71121","MAIN"
"1040.356.573","001","2025","56210","MAIN"
"1040.356.573","001","2025","73300","SECO"
"1040.356.573","001","2025","82300","SECO"
"1040.356.969","001","2025","96220","MAIN"
"1040.357.068","001","2025","82990","SECO"
"1040.357.068","001","2025","47210","SECO"
"1040.357.068","001","2025","01500","MAIN"
"1040.358.157","001","2025","47120","MAIN"
"1040.358.553","001","2025","43110","MAIN"
"1040.358.553","001","2025","43120","SECO"
"1040.358.751","001","2025","62200","MAIN"
"1040.358.751","001","2025","62100","SECO"
"1040.360.830","001","2025","96220","MAIN"
"1040.360.830","001","2025","74201","SECO"
"1040.361.127","001","2025","69101","MAIN"
"1040.362.315","001","2025","43211","SECO"
"1040.362.315","001","2025","43212","SECO"
"1040.362.315","001","2025","43214","SECO"
"1040.362.315","001","2025","27120","SECO"
"1040.362.315","001","2025","43213","MAIN"
"1040.362.315","001","2025","43240","SECO"
"1040.362.909","001","2025","62100","SECO"
"1040.362.909","001","2025","62200","MAIN"
"1040.362.909","001","2025","62900","SECO"
"1040.362.909","001","2025","63100","SECO"
"1040.363.107","001","2025","62200","MAIN"
"1040.363.107","001","2025","62100","SECO"
"1040.363.107","001","2025","43211","SECO"
"1040.363.107","001","2025","58290","SECO"
"1040.364.095","001","2025","68203","MAIN"
"1040.364.293","001","2025","86999","SECO"
"1040.364.293","001","2025","86991","SECO"
"1040.364.293","001","2025","86230","MAIN"
"1040.364.293","001","2025","85599","SECO"
"1040.364.887","001","2025","43211","SECO"
"1040.364.887","001","2025","43221","SECO"
"1040.364.887","001","2025","43120","MAIN"
"1040.364.887","001","2025","43310","SECO"
"1040.364.887","001","2025","43230","SECO"
"1040.365.382","001","2025","93199","SECO"
"1040.365.382","001","2025","74991","SECO"
"1040.365.382","001","2025","93192","MAIN"
"1040.365.382","001","2025","70200","SECO"
"1040.365.382","001","2025","68121","SECO"
"1040.365.778","001","2025","82990","SECO"
"1040.365.778","001","2025","95316","SECO"
"1040.365.778","001","2025","46180","MAIN"
"1040.368.352","001","2025","69101","MAIN"
"1040.369.243","001","2025","43410","MAIN"
"1040.369.243","001","2025","43320","SECO"
"1040.369.243","001","2025","43910","SECO"
"1040.369.243","001","2025","43331","SECO"
"1040.369.243","001","2025","43211","SECO"
"1040.369.738","001","2025","82990","SECO"
"1040.369.738","001","2025","90393","SECO"
"1040.369.738","001","2025","93299","MAIN"
"1040.369.738","001","2025","56120","SECO"
"1040.370.134","001","2025","74209","SECO"
"1040.370.134","001","2025","74201","MAIN"
"1040.372.411","001","2025","33140","SECO"
"1040.372.411","001","2025","43222","SECO"
"1040.372.411","001","2025","43211","MAIN"
"1040.372.411","001","2025","43213","SECO"
"1040.372.411","001","2025","43214","SECO"
"1040.374.191","001","2025","93192","SECO"
"1040.374.191","001","2025","70200","MAIN"
"1040.374.191","001","2025","82990","SECO"
"1040.374.191","001","2025","82100","SECO"
"1040.376.468","001","2025","42220","SECO"
"1040.376.468","001","2025","43240","SECO"
"1040.376.468","001","2025","43211","MAIN"
"1040.376.567","001","2025","49410","MAIN"
"1040.376.963","001","2025","68203","SECO"
"1040.376.963","001","2025","68201","SECO"
"1040.376.963","001","2025","68110","MAIN"
"1040.378.052","001","2025","68201","MAIN"
"1040.378.151","001","2025","47120","MAIN"
"1040.379.042","001","2025","47110","SECO"
"1040.379.042","001","2025","47279","MAIN"
"1040.379.042","001","2025","47551","SECO"
"1040.379.042","001","2025","16281","SECO"
"1040.379.042","001","2025","47210","SECO"
"1040.379.042","001","2025","47559","SECO"
"1040.380.131","001","2025","46321","SECO"
"1040.380.131","001","2025","46322","SECO"
"1040.380.131","001","2025","46170","SECO"
"1040.380.131","001","2025","46319","SECO"
"1040.380.131","001","2025","46341","MAIN"
"1040.380.131","001","2025","56210","SECO"
"1040.380.824","001","2025","56210","SECO"
"1040.380.824","001","2025","56111","MAIN"
"1040.382.012","001","2025","47830","SECO"
"1040.382.012","001","2025","46711","MAIN"
"1040.382.012","001","2025","95314","SECO"
"1040.382.012","001","2025","47812","SECO"
"1040.382.408","001","2025","82990","SECO"
"1040.382.408","001","2025","70200","MAIN"
"1040.382.804","001","2025","95316","MAIN"
"1040.382.804","001","2025","47820","SECO"
"1040.383.101","001","2025","55209","SECO"
"1040.383.101","001","2025","55204","MAIN"
"1040.385.673","001","2025","95314","MAIN"
"1040.385.673","001","2025","47820","SECO"
"1040.385.673","001","2025","95311","SECO"
"1040.385.673","001","2025","46833","SECO"
"1040.387.752","001","2025","53200","SECO"
"1040.387.752","001","2025","81210","SECO"
"1040.387.752","001","2025","81220","MAIN"
"1040.388.643","001","2025","33140","SECO"
"1040.388.643","001","2025","43211","MAIN"
"1040.388.643","001","2025","43213","SECO"
"1040.388.643","001","2025","33130","SECO"
"1040.389.534","001","2025","43500","SECO"
"1040.389.534","001","2025","71113","SECO"
"1040.389.534","001","2025","81300","MAIN"
"1040.389.732","001","2025","43600","MAIN"
"1040.389.732","001","2025","43429","SECO"
"1040.389.732","001","2025","43910","SECO"
"1040.389.732","001","2025","41003","SECO"
"1040.389.732","001","2025","43214","SECO"
"1040.391.019","001","2025","47640","SECO"
"1040.391.019","001","2025","47252","SECO"
"1040.391.019","001","2025","92000","SECO"
"1040.391.019","001","2025","47260","SECO"
"1040.391.019","001","2025","47622","SECO"
"1040.391.019","001","2025","47621","MAIN"
"1040.391.118","001","2025","47711","MAIN"
"1040.391.118","001","2025","18130","SECO"
"1040.391.118","001","2025","73110","SECO"
"1040.391.118","001","2025","47712","SECO"
"1040.391.118","001","2025","82300","SECO"
"1040.391.316","001","2025","23450","SECO"
"1040.391.316","001","2025","47690","SECO"
"1040.391.316","001","2025","90120","MAIN"
"1040.391.316","001","2025","85599","SECO"
"1040.392.997","001","2025","41001","MAIN"
"1040.392.997","001","2025","43333","SECO"
"1040.392.997","001","2025","43341","SECO"
"1040.392.997","001","2025","43421","SECO"
"1040.392.997","001","2025","43331","SECO"
"1040.393.591","001","2025","43221","MAIN"
"1040.393.591","001","2025","43320","SECO"
"1040.393.591","001","2025","43223","SECO"
"1040.393.591","001","2025","47811","SECO"
"1040.393.591","001","2025","33120","SECO"
"1040.393.591","001","2025","43211","SECO"
"1040.394.185","001","2025","82990","SECO"
"1040.394.185","001","2025","82100","SECO"
"1040.394.185","001","2025","62200","SECO"
"1040.394.185","001","2025","70200","MAIN"
"1040.394.779","001","2025","32990","MAIN"
"1040.394.878","001","2025","47120","MAIN"
"1040.394.878","001","2025","47792","SECO"
"1040.394.878","001","2025","47793","SECO"
"1040.395.868","001","2025","43350","SECO"
"1040.395.868","001","2025","43320","SECO"
"1040.395.868","001","2025","41001","MAIN"
"1040.395.868","001","2025","81300","SECO"
"1040.395.868","001","2025","41003","SECO"
"1040.397.353","001","2025","69203","MAIN"
"1040.399.729","001","2025","82990","SECO"
"1040.399.729","001","2025","82100","SECO"
"1040.399.729","001","2025","70200","MAIN"
"1040.400.224","001","2025","82990","SECO"
"1040.400.224","001","2025","49330","MAIN"
"1040.400.323","001","2025","43410","SECO"
"1040.400.323","001","2025","41003","MAIN"
"1040.400.323","001","2025","43422","SECO"
"1040.400.323","001","2025","43600","SECO"
"1040.400.323","001","2025","43910","SECO"
"1040.400.620","001","2025","43221","MAIN"
"1040.400.620","001","2025","71121","SECO"
"1040.400.620","001","2025","43223","SECO"
"1040.400.620","001","2025","43222","SECO"
"1040.400.620","001","2025","43230","SECO"
"1040.400.620","001","2025","81300","SECO"
"1040.401.115","001","2025","72109","SECO"
"1040.401.115","001","2025","71121","MAIN"
"1040.401.115","001","2025","62100","SECO"
"1040.401.115","001","2025","71209","SECO"
"1040.402.006","001","2025","86940","MAIN"
"1040.402.006","001","2025","56112","SECO"
"1040.402.006","001","2025","56120","SECO"
"1040.402.796","001","2025","18120","SECO"
"1040.402.796","001","2025","74120","SECO"
"1040.402.796","001","2025","47120","SECO"
"1040.402.796","001","2025","25530","SECO"
"1040.402.796","001","2025","13300","MAIN"
"1040.405.469","001","2025","10890","MAIN"
"1040.405.469","001","2025","01480","SECO"
"1040.405.469","001","2025","47279","SECO"
"1040.406.756","001","2025","10850","SECO"
"1040.406.756","001","2025","46391","MAIN"
"1040.407.746","001","2025","47784","SECO"
"1040.407.746","001","2025","96220","MAIN"
"1040.407.746","001","2025","47750","SECO"
"1040.407.746","001","2025","47715","SECO"
"1040.407.746","001","2025","96230","SECO"
"1040.408.538","001","2025","56301","MAIN"
"1040.408.538","001","2025","92000","SECO"
"1040.409.627","001","2025","53200","MAIN"
"1040.409.726","001","2025","82990","SECO"
"1040.409.726","001","2025","70200","SECO"
"1040.409.726","001","2025","70100","MAIN"
"1040.410.617","001","2025","75000","MAIN"
"1040.411.310","001","2025","33140","SECO"
"1040.411.310","001","2025","62200","SECO"
"1040.411.310","001","2025","43211","MAIN"
"1040.411.310","001","2025","43213","SECO"
"1040.411.409","001","2025","82990","SECO"
"1040.411.409","001","2025","49390","SECO"
"1040.411.409","001","2025","49330","MAIN"
"1040.411.409","001","2025","49320","SECO"
"1040.412.496","001","2025","49330","MAIN"
"1040.412.793","001","2025","93299","MAIN"
"1040.417.644","001","2025","71121","SECO"
"1040.417.644","001","2025","70200","MAIN"
"1040.419.723","001","2025","93199","MAIN"
"1040.419.723","001","2025","47910","SECO"
"1040.419.921","001","2025","60390","MAIN"
"1040.421.010","001","2025","70200","MAIN"
"1040.421.406","001","2025","69101","MAIN"
"1040.421.703","001","2025","59203","MAIN"
"1040.421.703","001","2025","90201","SECO"
"1040.421.802","001","2025","69101","MAIN"
"1040.422.493","001","2025","90391","SECO"
"1040.422.493","001","2025","90201","MAIN"
"1040.422.493","001","2025","90112","SECO"
"1040.422.493","001","2025","59203","SECO"
"1040.423.384","001","2025","82990","SECO"
"1040.423.384","001","2025","47716","MAIN"
"1040.423.384","001","2025","47784","SECO"
"1040.423.681","001","2025","82100","SECO"
"1040.423.681","001","2025","70200","SECO"
"1040.423.681","001","2025","82990","MAIN"
"1040.423.681","001","2025","52260","SECO"
"1040.423.978","001","2025","82990","SECO"
"1040.423.978","001","2025","43120","SECO"
"1040.423.978","001","2025","43350","MAIN"
"1040.423.978","001","2025","43230","SECO"
"1040.423.978","001","2025","41001","SECO"
"1040.425.562","001","2025","86951","MAIN"
"1040.427.740","001","2025","96220","SECO"
"1040.427.740","001","2025","86999","MAIN"
"1040.427.740","001","2025","47750","SECO"
"1040.427.740","001","2025","88101","SECO"
"1040.427.938","001","2025","81210","MAIN"
"1040.427.938","001","2025","81220","SECO"
"1040.428.928","001","2025","85699","SECO"
"1040.428.928","001","2025","96999","SECO"
"1040.428.928","001","2025","85599","SECO"
"1040.428.928","001","2025","86961","MAIN"
"1040.430.215","001","2025","85599","SECO"
"1040.430.215","001","2025","96230","SECO"
"1040.430.215","001","2025","96999","MAIN"
"1040.430.710","001","2025","01500","MAIN"
"1040.431.403","001","2025","69109","MAIN"
"1040.431.995","001","2025","43211","MAIN"
"1040.431.995","001","2025","43240","SECO"
"1040.431.995","001","2025","81300","SECO"
"1040.431.995","001","2025","70200","SECO"
"1040.432.490","001","2025","43429","SECO"
"1040.432.490","001","2025","28250","MAIN"
"1040.432.490","001","2025","33120","SECO"
"1040.432.490","001","2025","43221","SECO"
"1040.432.490","001","2025","43223","SECO"
"1040.432.688","001","2025","62900","SECO"
"1040.432.688","001","2025","81220","MAIN"
"1040.433.579","001","2025","85510","SECO"
"1040.433.579","001","2025","46110","MAIN"
"1040.433.579","001","2025","93127","SECO"
"1040.433.579","001","2025","01620","SECO"
"1040.433.579","001","2025","82990","SECO"
"1040.433.579","001","2025","01430","SECO"
"1040.434.173","001","2025","43331","SECO"
"1040.434.173","001","2025","41001","MAIN"
"1040.434.173","001","2025","43910","SECO"
"1040.434.965","001","2025","96992","MAIN"
"1040.434.965","001","2025","47519","SECO"
"1040.434.965","001","2025","47789","SECO"
"1040.435.559","001","2025","85599","SECO"
"1040.435.559","001","2025","74120","SECO"
"1040.435.559","001","2025","73300","SECO"
"1040.435.559","001","2025","82990","MAIN"
"1040.435.559","001","2025","70200","SECO"
"1040.435.559","001","2025","96999","SECO"
"1040.435.856","001","2025","81210","MAIN"
"1040.435.856","001","2025","81220","SECO"
"1040.435.955","001","2025","49330","MAIN"
"1040.436.252","001","2025","47770","SECO"
"1040.436.252","001","2025","47260","SECO"
"1040.436.252","001","2025","46350","MAIN"
"1040.436.252","001","2025","46861","SECO"
"1040.436.252","001","2025","81220","SECO"
"1040.437.044","001","2025","41001","SECO"
"1040.437.044","001","2025","43331","SECO"
"1040.437.044","001","2025","43310","MAIN"
"1040.437.044","001","2025","43410","SECO"
"1040.437.044","001","2025","43341","SECO"
"1040.437.440","001","2025","47750","SECO"
"1040.437.440","001","2025","47730","MAIN"
"1040.439.123","001","2025","47789","SECO"
"1040.439.123","001","2025","01480","MAIN"
"1040.439.123","001","2025","10890","SECO"
"1040.439.123","001","2025","46610","SECO"
"1040.439.123","001","2025","47279","SECO"
"1040.439.123","001","2025","85599","SECO"
"1040.439.222","001","2025","69109","SECO"
"1040.439.222","001","2025","69201","MAIN"
"1040.439.321","001","2025","43211","MAIN"
"1040.440.311","001","2025","86999","MAIN"
"1040.440.311","001","2025","86995","SECO"
"1040.441.893","001","2025","59113","MAIN"
"1040.441.893","001","2025","73110","SECO"
"1040.442.190","001","2025","90120","SECO"
"1040.442.190","001","2025","73110","SECO"
"1040.442.190","001","2025","90112","SECO"
"1040.442.190","001","2025","74120","SECO"
"1040.442.190","001","2025","85599","SECO"
"1040.442.190","001","2025","90201","MAIN"
"1040.442.289","001","2025","47400","MAIN"
"1040.442.685","001","2025","88105","SECO"
"1040.442.685","001","2025","88101","MAIN"
"1040.442.685","001","2025","88109","SECO"
"1040.442.685","001","2025","88103","SECO"
"1040.442.685","001","2025","88102","SECO"
"1040.442.685","001","2025","88104","SECO"
"1040.443.873","001","2025","70200","MAIN"
"1040.443.873","001","2025","68110","SECO"
"1040.444.269","001","2025","86951","MAIN"
"1040.444.269","001","2025","85510","SECO"
"1040.444.269","001","2025","93130","SECO"
"1040.445.259","001","2025","43230","SECO"
"1040.445.259","001","2025","43350","MAIN"
"1040.446.051","001","2025","43331","SECO"
"1040.446.051","001","2025","43221","SECO"
"1040.446.051","001","2025","82990","SECO"
"1040.446.051","001","2025","43320","SECO"
"1040.446.051","001","2025","43230","SECO"
"1040.446.051","001","2025","43211","MAIN"
"1040.446.150","001","2025","62200","MAIN"
"1040.446.150","001","2025","82990","SECO"
"1040.446.744","001","2025","43230","MAIN"
"1040.446.744","001","2025","42130","SECO"
"1040.446.744","001","2025","81220","SECO"
"1040.449.714","001","2025","43990","SECO"
"1040.449.714","001","2025","47521","SECO"
"1040.449.714","001","2025","43310","MAIN"
"1040.449.714","001","2025","43120","SECO"
"1040.449.714","001","2025","43230","SECO"
"1040.449.714","001","2025","43910","SECO"
"1040.449.813","001","2025","81210","SECO"
"1040.449.813","001","2025","43333","SECO"
"1040.449.813","001","2025","49410","SECO"
"1040.449.813","001","2025","43429","SECO"
"1040.449.813","001","2025","68110","SECO"
"1040.449.813","001","2025","41001","MAIN"
"1040.451.296","001","2025","64999","MAIN"
"1040.452.187","001","2025","96230","MAIN"
"1040.452.682","001","2025","60390","SECO"
"1040.452.682","001","2025","90201","MAIN"
"1040.452.880","001","2025","81300","MAIN"
"1040.454.563","001","2025","18130","SECO"
"1040.454.563","001","2025","18120","SECO"
"1040.454.563","001","2025","47789","SECO"
"1040.454.563","001","2025","77391","MAIN"
"1040.454.563","001","2025","74120","SECO"
"1040.454.563","001","2025","74140","SECO"
"1040.455.454","001","2025","70200","SECO"
"1040.455.454","001","2025","47716","MAIN"
"1040.456.246","001","2025","96220","MAIN"
"1040.457.632","001","2025","62900","SECO"
"1040.457.632","001","2025","63100","SECO"
"1040.457.632","001","2025","82300","SECO"
"1040.457.632","001","2025","62100","MAIN"
"1040.457.632","001","2025","16281","SECO"
"1040.457.632","001","2025","62200","SECO"
"1040.458.721","001","2025","85510","SECO"
"1040.458.721","001","2025","93199","SECO"
"1040.458.721","001","2025","85599","SECO"
"1040.458.721","001","2025","93192","MAIN"
"1040.458.721","001","2025","59113","SECO"
"1040.458.721","001","2025","73110","SECO"
"1040.461.095","001","2025","43120","SECO"
"1040.461.095","001","2025","43350","SECO"
"1040.461.095","001","2025","43320","SECO"
"1040.461.095","001","2025","81300","MAIN"
"1040.462.778","001","2025","47120","SECO"
"1040.462.778","001","2025","47793","SECO"
"1040.462.778","001","2025","47792","SECO"
"1040.462.778","001","2025","47750","MAIN"
"1040.462.976","001","2025","69201","MAIN"
"1040.463.471","001","2025","75000","MAIN"
"1040.464.857","001","2025","41001","SECO"
"1040.464.857","001","2025","41002","SECO"
"1040.464.857","001","2025","41003","SECO"
"1040.464.857","001","2025","43221","MAIN"
"1040.464.857","001","2025","43222","SECO"
"1040.464.857","001","2025","43223","SECO"
"1040.469.906","001","2025","59113","MAIN"
"1040.472.379","001","2025","69201","MAIN"
"1040.473.666","001","2025","33140","MAIN"
"1040.473.666","001","2025","43211","SECO"
"1040.473.666","001","2025","42220","SECO"
"1040.473.666","001","2025","43222","SECO"
"1040.474.953","001","2025","81300","MAIN"
"1040.475.250","001","2025","95311","SECO"
"1040.475.250","001","2025","47830","SECO"
"1040.475.250","001","2025","46711","MAIN"
"1040.475.250","001","2025","77110","SECO"
"1040.479.111","001","2025","47761","MAIN"
"1040.480.101","001","2025","74201","SECO"
"1040.480.101","001","2025","59113","MAIN"
"1040.480.101","001","2025","73110","SECO"
"1040.480.101","001","2025","90130","SECO"
"1040.480.101","001","2025","62100","SECO"
"1040.480.101","001","2025","74140","SECO"
"1040.484.554","001","2025","43120","SECO"
"1040.484.554","001","2025","43230","SECO"
"1040.484.554","001","2025","81220","SECO"
"1040.484.554","001","2025","43350","MAIN"
"1040.484.554","001","2025","43130","SECO"
"1040.485.049","001","2025","43240","SECO"
"1040.485.049","001","2025","43120","SECO"
"1040.485.049","001","2025","42110","MAIN"
"1040.485.049","001","2025","43110","SECO"
"1040.485.049","001","2025","42220","SECO"
"1040.485.643","001","2025","95316","MAIN"
"1040.490.690","001","2025","53200","MAIN"
"1040.491.185","001","2025","96220","SECO"
"1040.491.185","001","2025","47750","SECO"
"1040.491.185","001","2025","96210","MAIN"
"1040.491.482","001","2025","75000","MAIN"
"1040.491.779","001","2025","43120","MAIN"
"1040.492.571","001","2025","82990","SECO"
"1040.492.571","001","2025","53200","MAIN"
"1040.493.363","001","2025","62200","SECO"
"1040.493.363","001","2025","70200","MAIN"
"1040.493.561","001","2025","49330","MAIN"
"1040.495.541","001","2025","47721","SECO"
"1040.495.541","001","2025","47711","MAIN"
"1040.495.541","001","2025","47715","SECO"
"1040.497.125","001","2025","43350","MAIN"
"1040.501.083","001","2025","47750","SECO"
"1040.501.083","001","2025","96220","MAIN"
"1040.501.083","001","2025","96230","SECO"
"1040.508.706","001","2025","74201","MAIN"
"1040.508.706","001","2025","59113","SECO"
"1040.508.706","001","2025","74120","SECO"
"1040.508.706","001","2025","73110","SECO"
"1040.586.306","001","2025","43240","MAIN"
"1040.586.306","001","2025","43341","SECO"
"1040.587.393","001","2025","46120","MAIN"
"1040.588.779","001","2025","41001","MAIN"
"1040.589.472","001","2025","47120","MAIN"
"1040.590.660","001","2025","47910","MAIN"
"1040.591.551","001","2025","47910","MAIN"
"1040.592.145","001","2025","43211","MAIN"
"1040.592.640","001","2025","47910","MAIN"
"1040.593.036","001","2025","47120","MAIN"
"1040.634.707","001","2025","46900","MAIN"
"1040.637.180","001","2025","43240","MAIN"
"1040.637.972","001","2025","46190","MAIN"
"2.004.752.745","006","2025","43222","MAIN"
"2.004.752.745","003","2025","43211","MAIN"
"2.004.752.745","003","2025","43221","MAIN"
"2.004.752.745","003","2025","43429","SECO"
"2.004.752.745","003","2025","43230","MAIN"
"2.004.752.745","003","2025","43222","MAIN"
"2.004.752.745","003","2025","43223","MAIN"
"2.009.376.279","003","2008","68203","MAIN"
"2.009.376.279","003","2008","7111103","SECO"
"2.009.376.279","003","2008","68201","MAIN"
"2.009.376.279","003","2008","68312","SECO"
"2.009.376.279","003","2008","68100","MAIN"
"2.009.376.279","003","2008","7111104","SECO"
"2.009.376.279","003","2003","451","MAIN"
"2.009.376.279","003","2003","7420103","SECO"
"2.009.376.279","003","2003","7420106","SECO"
"2.009.376.279","003","2025","68203","MAIN"
"2.009.376.279","003","2025","7111104","SECO"
"2.009.376.279","003","2025","68110","MAIN"
"2.009.376.279","003","2025","68322","SECO"
"2.009.376.279","003","2025","68201","MAIN"
"2.009.376.279","003","2025","7111103","SECO"
"2.015.877.160","006","2003","52441","MAIN"
"2.015.877.160","006","2025","47551","MAIN"
"2.015.877.160","006","2008","47591","MAIN"
"2.015.877.160","003","2008","4741002","MAIN"
"2.015.877.160","003","2008","4791003","MAIN"
"2.015.877.160","003","2008","47530","MAIN"
"2.015.877.160","003","2008","47714","MAIN"
"2.015.877.160","003","2008","4649411","SECO"
"2.015.877.160","003","2008","4641201","SECO"
"2.015.877.160","003","2008","47592","MAIN"
"2.015.877.160","003","2008","47591","MAIN"
"2.015.877.160","003","2025","4649402","SECO"
"2.015.877.160","003","2025","47551","MAIN"
"2.015.877.160","003","2025","47120","SECO"
"2.015.877.160","003","2025","46412","SECO"
"2.015.877.160","003","2025","4740002","MAIN"
"2.015.877.160","003","2025","47530","MAIN"
"2.015.877.160","003","2025","4769021","SECO"
"2.015.877.160","003","2025","47714","MAIN"
"2.015.877.160","003","2025","47789","SECO"
"2.015.877.160","003","2025","47552","MAIN"
"2.015.877.160","003","2025","47783","SECO"
"2.015.877.160","003","2025","47512","SECO"
"2.015.877.160","003","2003","5141003","SECO"
"2.015.877.160","003","2003","52486","MAIN"
"2.015.877.160","003","2003","52441","MAIN"
"2.015.877.160","003","2003","52442","MAIN"
"2.015.877.160","003","2003","52425","MAIN"
"2.015.877.160","003","2003","5248702","MAIN"
"2.021.102.391","003","2008","5610101","MAIN"
"2.021.102.391","003","2008","47640","MAIN"
"2.021.102.391","003","2008","93110","MAIN"
"2.021.102.391","003","2008","93130","MAIN"
"2.021.102.391","003","2003","92612","MAIN"
"2.021.102.391","003","2003","52482","MAIN"
"2.021.102.391","003","2003","92611","MAIN"
"2.021.102.391","003","2003","5530101","MAIN"
"2.021.102.391","003","2025","93130","MAIN"
"2.021.102.391","003","2025","47639","MAIN"
"2.021.102.391","003","2025","5611101","MAIN"
"2.021.102.391","003","2025","93110","MAIN"
"2.022.368.737","003","2025","68201","MAIN"
"2.022.368.737","003","2025","68203","MAIN"
"2.023.982.402","006","2025","52250","MAIN"
"2.023.982.402","003","2008","82990","MAIN"
"2.023.982.402","003","2008","7022002","MAIN"
"2.023.982.402","003","2025","7020001","SECO"
"2.023.982.402","003","2025","7020002","MAIN"
"2.023.982.402","003","2025","82990","MAIN"
"2.023.982.402","003","2025","52250","MAIN"
"2.023.982.402","003","2025","81210","SECO"
"2.023.982.402","003","2025","81220","SECO"
"2.023.982.402","003","2025","63920","SECO"
"2.023.982.402","003","2025","78200","SECO"
"2.026.868.745","006","2025","70200","MAIN"
"2.026.868.745","003","2008","68100","MAIN"
"2.026.868.745","003","2008","68201","MAIN"
"2.026.868.745","003","2008","7021001","MAIN"
"2.026.868.745","003","2008","6810002","MAIN"
"2.026.868.745","003","2008","6810001","MAIN"
"2.026.868.745","003","2003","7414101","MAIN"
"2.026.868.745","003","2003","70120","MAIN"
"2.026.868.745","003","2003","70201","MAIN"
"2.026.868.745","003","2003","7012001","MAIN"
"2.026.868.745","003","2003","7012002","MAIN"
"2.026.868.745","003","2025","7330001","MAIN"
"2.026.868.745","003","2025","68201","MAIN"
"2.026.868.745","003","2025","6811001","MAIN"
"2.026.868.745","003","2025","68110","MAIN"
"2.026.868.745","003","2025","6811002","MAIN"
"2.039.400.353","006","2003","34201","MAIN"
"2.039.400.353","006","2025","33110","MAIN"
"2.039.400.353","006","2008","33110","MAIN"
"2.039.400.353","003","2008","45113","MAIN"
"2.039.400.353","003","2008","4520101","SECO"
"2.039.400.353","003","2003","50103","MAIN"
"2.039.400.353","003","2003","5020004","SECO"
"2.039.400.353","003","2025","29201","MAIN"
"2.039.400.353","003","2025","95313","MAIN"
"2.039.400.353","003","2025","95319","SECO"
"2.039.400.353","003","2025","29202","SECO"
"2.039.400.353","003","2025","95311","MAIN"
"2.039.400.353","003","2025","9531101","SECO"
"2.039.400.353","003","2025","29320","MAIN"
"2.039.400.353","003","2025","47811","MAIN"
"2.039.400.353","003","2025","95314","SECO"
"2.039.400.353","003","2025","33110","SECO"
"2.058.437.493","006","2025","46820","MAIN"
"2.058.437.493","006","2008","46720","MAIN"
"2.058.437.493","003","2025","4782002","SECO"
"2.058.437.493","003","2025","4672002","MAIN"
"2.058.437.493","003","2025","95315","MAIN"
"2.068.032.674","003","2025","33120","MAIN"
"2.068.032.674","003","2025","82990","MAIN"
"2.068.032.674","003","2025","82100","MAIN"
"2.068.032.674","003","2025","68203","MAIN"
"2.071.060.163","003","2025","52310","MAIN"
"2.071.060.163","003","2025","7010001","SECO"
"2.071.060.163","003","2025","46620","SECO"
"2.071.060.163","003","2025","46643","SECO"
"2.071.060.163","003","2025","7020001","MAIN"
"2.085.263.042","003","2008","82990","MAIN"
"2.085.263.042","003","2008","70220","MAIN"
"2.085.263.042","003","2025","73300","MAIN"
"2.085.263.042","003","2025","70100","MAIN"
"2.085.263.042","003","2025","70200","MAIN"
"2.085.263.042","003","2025","63920","SECO"
"2.085.263.042","003","2025","82100","MAIN"
"2.085.263.042","003","2025","82990","MAIN"
"2.091.958.715","006","2025","25120","MAIN"
"2.091.958.715","006","2008","25120","MAIN"
"2.091.958.715","003","2008","4332011","MAIN"
"2.091.958.715","003","2003","4542201","MAIN"
"2.091.958.715","003","2025","2511001","SECO"
"2.091.958.715","003","2025","4332011","MAIN"
"2.091.958.715","003","2025","4332006","MAIN"
"2.091.958.715","003","2025","4334301","MAIN"
"2.091.958.715","003","2025","4332013","MAIN"
"2.091.958.715","003","2025","25120","MAIN"
"2.095.864.944","003","2008","63110","MAIN"
"2.095.864.944","003","2003","72400","MAIN"
"2.095.864.944","003","2003","72300","MAIN"
"2.095.864.944","003","2025","86999","MAIN"
"2.095.864.944","003","2025","2341002","SECO"
"2.095.864.944","003","2025","2341001","SECO"
"2.095.864.944","003","2025","85599","MAIN"
"2.095.864.944","003","2025","2341004","SECO"
"2.095.864.944","003","2025","23410","SECO"
"2.095.864.944","003","2025","86932","MAIN"
"2.095.864.944","003","2025","2341003","SECO"
"2.095.864.944","003","2025","96999","SECO"
"2.095.864.944","003","2025","82990","MAIN"
"2.095.864.944","003","2025","63100","MAIN"
"2.102.273.179","003","2025","50400","MAIN"
"2.122.552.020","003","2008","5610201","MAIN"
"2.122.552.020","003","2003","5530201","MAIN"
"2.122.552.020","003","2025","56112","MAIN"
"2.122.552.020","003","2025","56120","MAIN"
"2.122.552.020","003","2025","93291","MAIN"
"2.123.437.688","006","2025","37000","MAIN"
"2.123.437.688","006","2008","37000","MAIN"
"2.123.437.688","003","2008","81220","MAIN"
"2.123.437.688","003","2008","37000","MAIN"
"2.123.437.688","003","2008","42212","MAIN"
"2.123.437.688","003","2008","81290","MAIN"
"2.123.437.688","003","2025","4312003","SECO"
"2.123.437.688","003","2025","42212","MAIN"
"2.123.437.688","003","2025","43230","SECO"
"2.123.437.688","003","2025","43120","MAIN"
"2.123.437.688","003","2025","81230","MAIN"
"2.123.437.688","003","2025","4291905","SECO"
"2.123.437.688","003","2025","43910","SECO"
"2.123.437.688","003","2025","4221902","SECO"
"2.123.437.688","003","2025","4312005","SECO"
"2.123.437.688","003","2025","81300","SECO"
"2.123.437.688","003","2025","4312004","SECO"
"2.123.437.688","003","2025","41001","SECO"
"2.123.437.688","003","2025","81220","MAIN"
"2.123.437.688","003","2025","42110","SECO"
"2.123.437.688","003","2025","4312001","SECO"
"2.123.437.688","003","2025","43110","SECO"
"2.123.437.688","003","2025","37000","MAIN"
"2.137.971.060","003","2008","47650","SECO"
"2.137.971.060","003","2008","58110","SECO"
"2.137.971.060","003","2008","47715","SECO"
"2.137.971.060","003","2008","96099","MAIN"
"2.137.971.060","003","2008","93299","MAIN"
"2.137.971.060","003","2008","47750","SECO"
"2.137.971.060","003","2008","4762001","SECO"
"2.137.971.060","003","2008","85599","MAIN"
"2.137.971.060","003","2003","52330","SECO"
"2.137.971.060","003","2003","52426","SECO"
"2.137.971.060","003","2003","5247001","SECO"
"2.137.971.060","003","2003","52489","SECO"
"2.137.971.060","003","2003","22110","SECO"
"2.137.971.060","003","2025","96220","SECO"
"2.137.971.060","003","2025","47640","SECO"
"2.137.971.060","003","2025","47750","SECO"
"2.137.971.060","003","2025","4762101","SECO"
"2.137.971.060","003","2025","58110","SECO"
"2.137.971.060","003","2025","93299","MAIN"
"2.137.971.060","003","2025","86961","MAIN"
"2.137.971.060","003","2025","9623002","SECO"
"2.137.971.060","003","2025","4778402","SECO"
"2.137.971.060","003","2025","18120","SECO"
"2.137.971.060","003","2025","47715","SECO"
"2.137.971.060","003","2025","59201","SECO"
"2.137.971.060","003","2025","96999","MAIN"
"2.137.971.060","003","2025","4777002","SECO"
"2.137.971.060","003","2025","86939","MAIN"
"2.137.971.060","003","2025","85599","MAIN"
"2.137.971.060","003","2025","90201","SECO"
"2.137.971.060","003","2025","85593","SECO"
"2.138.735.479","003","2008","56301","MAIN"
"2.138.735.479","003","2025","56301","MAIN"
"2.144.366.528","003","2008","62010","MAIN"
"2.144.366.528","003","2008","74201","MAIN"
"2.144.366.528","003","2008","62090","MAIN"
"2.144.366.528","003","2008","9511001","SECO"
"2.144.366.528","003","2008","46900","SECO"
"2.144.366.528","003","2008","59201","MAIN"
"2.144.366.528","003","2008","46180","SECO"
"2.144.366.528","003","2008","77292","MAIN"
"2.144.366.528","003","2008","59120","MAIN"
"2.144.366.528","003","2008","90023","MAIN"
"2.144.366.528","003","2008","47910","MAIN"
"2.144.366.528","003","2008","33160","MAIN"
"2.144.366.528","003","2008","74209","MAIN"
"2.144.366.528","003","2008","62020","MAIN"
"2.144.366.528","003","2008","7420101","MAIN"
"2.144.366.528","003","2008","59113","MAIN"
"2.144.366.528","003","2008","58290","MAIN"
"2.144.366.528","003","2003","51900","SECO"
"2.144.366.528","003","2003","72600","MAIN"
"2.144.366.528","003","2003","72220","MAIN"
"2.144.366.528","003","2003","72100","MAIN"
"2.144.366.528","003","2003","51180","SECO"
"2.144.366.528","003","2003","72210","MAIN"
"2.144.366.528","003","2003","7250001","SECO"
"2.144.366.528","003","2025","33160","SECO"
"2.144.366.528","003","2025","90393","SECO"
"2.144.366.528","003","2025","9510001","SECO"
"2.144.366.528","003","2025","59201","SECO"
"2.144.366.528","003","2025","74201","SECO"
"2.144.366.528","003","2025","46900","SECO"
"2.144.366.528","003","2025","62900","SECO"
"2.144.366.528","003","2025","59113","MAIN"
"2.144.366.528","003","2025","62100","MAIN"
"2.144.366.528","003","2025","7420101","SECO"
"2.144.366.528","003","2025","59120","SECO"
"2.144.366.528","003","2025","74209","SECO"
"2.144.366.528","003","2025","62200","SECO"
"2.144.366.528","003","2025","58290","MAIN"
"2.144.366.528","003","2025","77222","SECO"
"2.144.366.528","003","2025","46180","SECO"
"2.144.366.528","003","2025","47120","SECO"
"2.144.937.739","003","2008","7420101","SECO"
"2.144.937.739","003","2008","7021001","MAIN"
"2.144.937.739","003","2008","53200","SECO"
"2.144.937.739","003","2008","7311007","SECO"
"2.144.937.739","003","2008","6420001","SECO"
"2.144.937.739","003","2008","47789","SECO"
"2.144.937.739","003","2008","82190","MAIN"
"2.144.937.739","003","2008","4779101","SECO"
"2.144.937.739","003","2008","46900","SECO"
"2.144.937.739","003","2008","68100","SECO"
"2.144.937.739","003","2008","7320011","SECO"
"2.144.937.739","003","2008","46392","SECO"
"2.144.937.739","003","2008","7311001","SECO"
"2.144.937.739","003","2008","96021","SECO"
"2.144.937.739","003","2008","58140","SECO"
"2.144.937.739","003","2008","47299","SECO"
"2.144.937.739","003","2008","7311002","SECO"
"2.144.937.739","003","2008","58190","SECO"
"2.144.937.739","003","2008","9524001","SECO"
"2.144.937.739","003","2008","9602101","SECO"
"2.144.937.739","003","2008","7311003","SECO"
"2.144.937.739","003","2008","7311011","SECO"
"2.144.937.739","003","2008","7311004","SECO"
"2.144.937.739","003","2008","47791","SECO"
"2.144.937.739","003","2008","62090","MAIN"
"2.144.937.739","003","2008","7320001","SECO"
"2.144.937.739","003","2008","8130002","SECO"
"2.144.937.739","003","2008","6202001","MAIN"
"2.144.937.739","003","2008","7311005","SECO"
"2.144.937.739","003","2008","7320002","SECO"
"2.144.937.739","003","2008","58110","SECO"
"2.144.937.739","003","2008","7311006","SECO"
"2.144.937.739","003","2008","7022001","MAIN"
"2.144.937.739","003","2003","7414201","MAIN"
"2.144.937.739","003","2003","7414101","MAIN"
"2.144.937.739","003","2003","7210001","MAIN"
"2.144.937.739","003","2003","72600","MAIN"
"2.144.937.739","003","2003","74851","MAIN"
"2.144.937.739","003","2025","82100","MAIN"
"2.144.937.739","003","2025","7311003","SECO"
"2.144.937.739","003","2025","58110","SECO"
"2.144.937.739","003","2025","58190","SECO"
"2.144.937.739","003","2025","9524001","SECO"
"2.144.937.739","003","2025","47791","SECO"
"2.144.937.739","003","2025","7311002","SECO"
"2.144.937.739","003","2025","6220001","MAIN"
"2.144.937.739","003","2025","7311001","SECO"
"2.144.937.739","003","2025","96210","SECO"
"2.144.937.739","003","2025","7311008","SECO"
"2.144.937.739","003","2025","43320","SECO"
"2.144.937.739","003","2025","4779101","SECO"
"2.144.937.739","003","2025","46392","SECO"
"2.144.937.739","003","2025","53200","SECO"
"2.144.937.739","003","2025","68110","SECO"
"2.144.937.739","003","2025","7420101","SECO"
"2.144.937.739","003","2025","7330001","MAIN"
"2.144.937.739","003","2025","7320003","SECO"
"2.144.937.739","003","2025","62900","MAIN"
"2.144.937.739","003","2025","46900","SECO"
"2.144.937.739","003","2025","7311006","SECO"
"2.144.937.739","003","2025","9621001","SECO"
"2.144.937.739","003","2025","58130","SECO"
"2.144.937.739","003","2025","47789","SECO"
"2.144.937.739","003","2025","64210","SECO"
"2.144.937.739","003","2025","7311007","SECO"
"2.144.937.739","003","2025","7320001","SECO"
"2.144.937.739","003","2025","47279","SECO"
"2.144.937.739","003","2025","7020001","MAIN"
"2.144.937.739","003","2025","7311004","SECO"
"2.144.937.739","003","2025","7320002","SECO"
"2.144.937.739","003","2025","8130002","SECO"
"2.144.937.739","003","2025","7311005","SECO"
"2.152.773.161","003","2008","5621002","SECO"
"2.152.773.161","003","2008","5610105","SECO"
"2.152.773.161","003","2008","9311002","SECO"
"2.152.773.161","003","2008","9311001","SECO"
"2.152.773.161","003","2008","56301","MAIN"
"2.152.773.161","003","2003","5552202","SECO"
"2.152.773.161","003","2003","55401","MAIN"
"2.152.773.161","003","2003","9261102","SECO"
"2.152.773.161","003","2003","9261101","SECO"
"2.152.773.161","003","2003","5530105","SECO"
"2.152.773.161","003","2025","9311001","SECO"
"2.152.773.161","003","2025","56301","MAIN"
"2.152.773.161","003","2025","5621002","SECO"
"2.152.773.161","003","2025","5611105","SECO"
"2.152.773.161","003","2025","9311002","SECO"
"2.153.679.518","003","2008","62030","MAIN"
"2.153.679.518","003","2008","47890","MAIN"
"2.153.679.518","003","2008","47410","MAIN"
"2.153.679.518","003","2008","62020","MAIN"
"2.153.679.518","003","2008","47910","MAIN"
"2.153.679.518","003","2008","47420","MAIN"
"2.153.679.518","003","2008","62090","SECO"
"2.153.679.518","003","2003","72600","SECO"
"2.153.679.518","003","2003","72220","MAIN"
"2.153.679.518","003","2025","47400","MAIN"
"2.153.679.518","003","2025","62200","MAIN"
"2.153.679.518","003","2025","62900","SECO"
"2.163.379.518","006","2025","43320","MAIN"
"2.163.379.518","003","2008","3102001","MAIN"
"2.163.379.518","003","2008","16230","MAIN"
"2.163.379.518","003","2008","43291","SECO"
"2.163.379.518","003","2008","31091","MAIN"
"2.163.379.518","003","2003","20301","MAIN"
"2.163.379.518","003","2003","45320","SECO"
"2.163.379.518","003","2003","3613001","MAIN"
"2.163.379.518","003","2003","36100","MAIN"
"2.163.379.518","003","2025","16230","MAIN"
"2.163.379.518","003","2025","4100106","SECO"
"2.163.379.518","003","2025","3100201","MAIN"
"2.163.379.518","003","2025","43230","SECO"
"2.163.379.518","003","2025","43332","MAIN"
"2.163.379.518","003","2025","43320","MAIN"
"2.163.379.518","003","2025","31004","MAIN"
"2.169.553.963","003","2008","62090","MAIN"
"2.169.553.963","003","2008","63110","MAIN"
"2.169.553.963","003","2008","62020","MAIN"
"2.169.553.963","003","2008","6202002","MAIN"
"2.169.553.963","003","2008","6202001","MAIN"
"2.169.553.963","003","2025","6220001","MAIN"
"2.169.553.963","003","2025","6220002","MAIN"
"2.169.553.963","003","2025","63100","MAIN"
"2.169.553.963","003","2025","62900","MAIN"
"2.169.553.963","003","2025","62200","MAIN"
"2.171.826.634","003","2025","82990","SECO"
"2.171.826.634","003","2025","68110","MAIN"
"2.171.854.843","003","2008","43996","MAIN"
"2.171.854.843","003","2008","43991","MAIN"
"2.171.854.843","003","2025","43230","SECO"
"2.171.854.843","003","2025","43910","SECO"
"2.171.854.843","003","2025","43331","SECO"
"2.171.854.843","003","2025","43310","SECO"
"2.171.854.843","003","2025","43332","SECO"
"2.171.854.843","003","2025","43221","SECO"
"2.171.854.843","003","2025","43422","SECO"
"2.171.854.843","003","2025","43110","SECO"
"2.171.854.843","003","2025","68122","MAIN"
"2.171.854.843","003","2025","68121","MAIN"
"2.171.854.843","003","2025","43320","SECO"
"2.171.854.843","003","2025","7111101","MAIN"
"2.171.854.843","003","2025","43421","SECO"
"2.171.854.843","003","2025","43333","SECO"
"2.171.854.843","003","2025","43410","SECO"
"2.171.854.843","003","2025","41003","SECO"
"2.171.854.843","003","2025","7111103","MAIN"
"2.171.854.843","003","2025","70200","MAIN"
"2.171.854.843","003","2025","41001","SECO"
"2.171.854.843","003","2025","41002","SECO"
"2.172.985.981","003","2008","28220","MAIN"
"2.172.985.981","003","2008","25999","MAIN"
"2.172.985.981","003","2008","25110","MAIN"
"2.172.985.981","003","2008","24450","MAIN"
"2.172.985.981","003","2025","2361001","SECO"
"2.172.985.981","003","2025","68201","MAIN"
"2.172.985.981","003","2025","2511001","SECO"
"2.172.985.981","003","2025","4399002","SECO"
"2.172.985.981","003","2025","24450","MAIN"
"2.172.985.981","003","2025","25110","MAIN"
"2.172.985.981","003","2025","2361002","SECO"
"2.172.985.981","003","2025","28220","MAIN"
"2.172.985.981","003","2025","68203","SECO"
"2.172.985.981","003","2025","2511002","SECO"
"2.172.985.981","003","2025","25999","MAIN"
"2.172.985.981","003","2025","2511003","SECO"
"2.172.985.981","003","2025","25120","SECO"
"2.173.928.960","003","2025","86230","MAIN"
"2.176.289.426","003","2025","68203","MAIN"
"2.176.289.426","003","2025","64220","SECO"
"2.176.289.426","003","2025","68122","SECO"
"2.176.289.426","003","2025","7010001","MAIN"
"2.176.289.426","003","2025","64210","SECO"
"2.176.289.426","003","2025","68121","SECO"
"2.176.289.426","003","2025","68204","SECO"
"2.176.289.426","003","2025","7020001","MAIN"
"2.176.289.426","003","2025","68110","SECO"
"2.176.289.426","003","2025","68201","MAIN"
"2.176.289.426","003","2025","64999","SECO"
"2.176.518.860","003","2008","4634101","MAIN"
"2.176.518.860","003","2008","47990","MAIN"
"2.176.518.860","003","2008","47910","MAIN"
"2.176.518.860","003","2008","46170","MAIN"
"2.176.518.860","003","2008","46389","MAIN"
"2.176.518.860","003","2008","4725201","MAIN"
"2.176.518.860","003","2008","47299","MAIN"
"2.176.518.860","003","2008","47251","MAIN"
"2.176.518.860","003","2008","4634901","MAIN"
"2.176.518.860","003","2025","46389","MAIN"
"2.176.518.860","003","2025","4725201","MAIN"
"2.176.518.860","003","2025","46170","MAIN"
"2.176.518.860","003","2025","82990","SECO"
"2.176.518.860","003","2025","47279","SECO"
"2.176.518.860","003","2025","47120","MAIN"
"2.176.518.860","003","2025","4634901","MAIN"
"2.176.518.860","003","2025","46349","SECO"
"2.176.518.860","003","2025","47251","SECO"
"2.176.518.860","003","2025","4634101","SECO"
"2.176.560.927","003","2008","6420011","SECO"
"2.176.560.927","003","2008","68204","SECO"
"2.176.560.927","003","2008","70210","SECO"
"2.176.560.927","003","2008","73110","SECO"
"2.176.560.927","003","2008","68203","SECO"
"2.176.560.927","003","2008","4764001","SECO"
"2.176.560.927","003","2008","4642301","SECO"
"2.176.560.927","003","2008","68201","SECO"
"2.176.560.927","003","2008","46497","SECO"
"2.176.560.927","003","2008","46496","SECO"
"2.176.560.927","003","2025","73110","SECO"
"2.176.560.927","003","2025","70200","MAIN"
"2.176.560.927","003","2025","4763901","SECO"
"2.176.560.927","003","2025","85599","MAIN"
"2.176.560.927","003","2025","68203","SECO"
"2.176.560.927","003","2025","68110","SECO"
"2.176.560.927","003","2025","85510","MAIN"
"2.176.560.927","003","2025","7010001","SECO"
"2.176.560.927","003","2025","46497","SECO"
"2.176.560.927","003","2025","68204","SECO"
"2.176.560.927","003","2025","93199","SECO"
"2.176.560.927","003","2025","68201","SECO"
"2.176.560.927","003","2025","4642301","SECO"
"2.176.560.927","003","2025","46496","SECO"
"2.176.560.927","003","2025","85699","MAIN"
"2.176.560.927","003","2025","59120","MAIN"
"2.176.560.927","003","2025","73300","SECO"
"2.176.771.060","006","2025","10520","MAIN"
"2.176.771.060","006","2008","10520","MAIN"
"2.176.771.060","003","2008","5610201","MAIN"
"2.176.771.060","003","2008","5610203","MAIN"
"2.176.771.060","003","2008","47242","MAIN"
"2.176.771.060","003","2008","5610204","MAIN"
"2.176.771.060","003","2008","56301","MAIN"
"2.176.771.060","003","2008","47299","MAIN"
"2.176.771.060","003","2008","5610205","MAIN"
"2.176.771.060","003","2008","5610206","MAIN"
"2.176.771.060","003","2008","10520","MAIN"
"2.176.771.060","003","2008","5610207","MAIN"
"2.176.771.060","003","2025","47242","MAIN"
"2.176.771.060","003","2025","47279","MAIN"
"2.176.771.060","003","2025","56301","MAIN"
"2.176.771.060","003","2025","10520","MAIN"
"2.176.771.060","003","2025","56112","MAIN"
"2.177.040.878","006","2025","47110","MAIN"
"2.177.040.878","006","2008","47112","MAIN"
"2.177.040.878","003","2008","1820021","MAIN"
"2.177.040.878","003","2008","6311012","MAIN"
"2.177.040.878","003","2008","1813013","MAIN"
"2.177.040.878","003","2008","63110","MAIN"
"2.177.040.878","003","2008","6311011","MAIN"
"2.177.040.878","003","2008","46450","MAIN"
"2.177.040.878","003","2008","6202001","MAIN"
"2.177.040.878","003","2008","77330","MAIN"
"2.177.040.878","003","2008","56102","MAIN"
"2.177.040.878","003","2008","62090","MAIN"
"2.177.040.878","003","2008","6311002","MAIN"
"2.177.040.878","003","2008","63120","MAIN"
"2.177.040.878","003","2008","58290","MAIN"
"2.177.040.878","003","2008","74103","MAIN"
"2.177.040.878","003","2008","47750","MAIN"
"2.177.040.878","003","2008","62030","MAIN"
"2.177.040.878","003","2008","47910","MAIN"
"2.177.040.878","003","2008","46510","MAIN"
"2.177.040.878","003","2008","47714","MAIN"
"2.177.040.878","003","2008","62020","MAIN"
"2.177.040.878","003","2008","46424","MAIN"
"2.177.040.878","003","2008","47299","MAIN"
"2.177.040.878","003","2008","6120001","MAIN"
"2.177.040.878","003","2008","4778602","MAIN"
"2.177.040.878","003","2008","4741001","MAIN"
"2.177.040.878","003","2008","6311001","MAIN"
"2.177.040.878","003","2008","47113","MAIN"
"2.177.040.878","003","2008","62010","MAIN"
"2.177.040.878","003","2008","47715","MAIN"
"2.177.040.878","003","2008","47716","MAIN"
"2.177.040.878","003","2025","58290","MAIN"
"2.177.040.878","003","2025","62200","MAIN"
"2.177.040.878","003","2025","4778402","MAIN"
"2.177.040.878","003","2025","61100","MAIN"
"2.177.040.878","003","2025","1820003","MAIN"
"2.177.040.878","003","2025","46424","MAIN"
"2.177.040.878","003","2025","62900","MAIN"
"2.177.040.878","003","2025","63910","MAIN"
"2.177.040.878","003","2025","47715","MAIN"
"2.177.040.878","003","2025","1813005","MAIN"
"2.177.040.878","003","2025","47279","MAIN"
"2.177.040.878","003","2025","47714","MAIN"
"2.177.040.878","003","2025","6220001","MAIN"
"2.177.040.878","003","2025","47716","MAIN"
"2.177.040.878","003","2025","47120","MAIN"
"2.177.040.878","003","2025","63100","MAIN"
"2.177.040.878","003","2025","46450","MAIN"
"2.177.040.878","003","2025","47110","MAIN"
"2.177.040.878","003","2025","74120","MAIN"
"2.177.040.878","003","2025","62100","MAIN"
"2.177.040.878","003","2025","47750","MAIN"
"2.177.040.878","003","2025","4740001","MAIN"
"2.177.040.878","003","2025","77330","MAIN"
"2.177.040.878","003","2025","7733002","SECO"
"2.177.040.878","003","2025","46500","MAIN"
"2.177.040.878","003","2025","56112","MAIN"
"2.177.101.058","003","2008","14120","MAIN"
"2.177.101.058","003","2008","46412","MAIN"
"2.177.101.058","003","2008","14199","MAIN"
"2.177.101.058","003","2008","1413001","MAIN"
"2.177.101.058","003","2008","13929","MAIN"
"2.177.101.058","003","2008","14140","MAIN"
"2.177.101.058","003","2008","13921","MAIN"
"2.177.101.058","003","2008","4751202","MAIN"
"2.177.101.058","003","2008","46419","MAIN"
"2.177.101.058","003","2025","47711","SECO"
"2.177.101.058","003","2025","14230","MAIN"
"2.177.101.058","003","2025","46419","MAIN"
"2.177.101.058","003","2025","4771201","SECO"
"2.177.101.058","003","2025","14299","MAIN"
"2.177.101.058","003","2025","4771601","SECO"
"2.177.101.058","003","2025","14220","MAIN"
"2.177.101.058","003","2025","46412","MAIN"
"2.177.101.058","003","2025","47712","SECO"
"2.177.101.058","003","2025","13929","MAIN"
"2.177.101.058","003","2025","4771101","SECO"
"2.177.101.058","003","2025","46411","SECO"
"2.177.101.058","003","2025","1421001","MAIN"
"2.177.101.058","003","2025","4751202","MAIN"
"2.177.101.058","003","2025","47716","SECO"
"2.177.101.058","003","2025","13921","MAIN"
"2.183.447.333","003","2008","4321103","MAIN"
"2.183.447.333","003","2008","43211","MAIN"
"2.183.447.333","003","2008","80200","MAIN"
"2.183.447.333","003","2008","82990","MAIN"
"2.183.447.333","003","2025","80090","MAIN"
"2.183.447.333","003","2025","4222001","SECO"
"2.183.447.333","003","2025","46130","SECO"
"2.183.447.333","003","2025","4222002","SECO"
"2.183.447.333","003","2025","33130","SECO"
"2.183.447.333","003","2025","4321101","SECO"
"2.183.447.333","003","2025","47540","SECO"
"2.183.447.333","003","2025","4321102","SECO"
"2.183.447.333","003","2025","82990","MAIN"
"2.183.447.333","003","2025","95210","SECO"
"2.183.447.333","003","2025","43211","MAIN"
"2.183.447.333","003","2025","9521001","SECO"
"2.183.447.333","003","2025","47552","SECO"
"2.183.447.333","003","2025","42220","SECO"
"2.183.447.333","003","2025","33140","SECO"
"2.183.447.333","003","2025","4321103","MAIN"
"2.183.447.333","003","2025","86940","MAIN"
"2.183.447.333","003","2025","4614005","SECO"
"2.183.447.333","003","2025","46150","SECO"
"2.186.150.762","003","2008","42212","MAIN"
"2.186.150.762","003","2008","81220","MAIN"
"2.186.150.762","003","2008","37000","MAIN"
"2.186.150.762","003","2008","81290","MAIN"
"2.186.150.762","003","2025","4291905","SECO"
"2.186.150.762","003","2025","43120","SECO"
"2.186.150.762","003","2025","43910","SECO"
"2.186.150.762","003","2025","43990","SECO"
"2.186.150.762","003","2025","81220","MAIN"
"2.186.150.762","003","2025","81230","MAIN"
"2.186.150.762","003","2025","43110","SECO"
"2.186.150.762","003","2025","81300","SECO"
"2.186.150.762","003","2025","43230","SECO"
"2.186.150.762","003","2025","42212","MAIN"
"2.186.150.762","003","2025","41001","SECO"
"2.186.150.762","003","2025","37000","MAIN"
"2.192.834.755","003","2008","68201","MAIN"
"2.192.834.755","003","2008","77293","MAIN"
"2.192.834.755","003","2008","4778701","MAIN"
"2.192.834.755","003","2008","68204","MAIN"
"2.192.834.755","003","2008","68203","MAIN"
"2.192.834.755","003","2008","77299","MAIN"
"2.192.834.755","003","2008","6420011","MAIN"
"2.192.834.755","003","2025","68204","SECO"
"2.192.834.755","003","2025","7010001","MAIN"
"2.192.834.755","003","2025","68201","MAIN"
"2.192.834.755","003","2025","68203","SECO"
"2.192.834.755","003","2025","77223","MAIN"
"2.192.834.755","003","2025","4779102","SECO"
"2.192.834.755","003","2025","4769022","SECO"
"2.192.834.755","003","2025","77229","MAIN"
"2.192.834.755","003","2025","4769021","MAIN"
"2.192.834.755","003","2025","4779101","SECO"
"2.196.984.870","003","2008","01110","MAIN"
"2.196.984.870","003","2008","01610","MAIN"
"2.196.984.870","003","2003","01110","MAIN"
"2.196.984.870","003","2025","46190","MAIN"
"2.196.984.870","003","2025","46140","MAIN"
"2.196.984.870","003","2025","01110","MAIN"
"2.196.984.870","003","2025","01610","MAIN"
"2.198.306.347","006","2025","69209","MAIN"
"2.198.306.347","006","2008","69202","MAIN"
"2.198.306.347","003","2008","69202","MAIN"
"2.198.306.347","003","2025","69209","MAIN"
"2.198.306.347","003","2025","82990","MAIN"
"2.198.306.347","003","2025","82100","MAIN"
"2.198.306.347","003","2025","73300","MAIN"
"2.198.306.347","003","2025","7020001","MAIN"
"2.199.504.791","006","2025","01410","MAIN"
"2.199.504.791","003","2008","01420","MAIN"
"2.199.504.791","003","2008","01461","MAIN"
"2.199.504.791","003","2008","01410","MAIN"
"2.199.504.791","003","2008","01110","MAIN"
"2.199.504.791","003","2003","01231","MAIN"
"2.199.504.791","003","2003","01110","MAIN"
"2.199.504.791","003","2003","01210","MAIN"
"2.199.504.791","003","2025","01410","MAIN"
"2.199.504.791","003","2025","01110","MAIN"
"2.199.504.791","003","2025","01461","MAIN"
"2.199.504.791","003","2025","01420","MAIN"
"2.201.157.949","006","2025","81300","MAIN"
"2.201.157.949","003","2008","01110","MAIN"
"2.201.157.949","003","2008","01462","MAIN"
"2.201.157.949","003","2003","01232","MAIN"
"2.201.157.949","003","2003","01110","MAIN"
"2.201.157.949","003","2025","01462","MAIN"
"2.201.157.949","003","2025","01110","MAIN"
"2.201.158.048","006","2025","81300","MAIN"
"2.201.158.048","003","2008","01110","MAIN"
"2.201.158.048","003","2008","01462","MAIN"
"2.201.158.048","003","2003","01232","MAIN"
"2.201.158.048","003","2003","01110","MAIN"
"2.201.158.048","003","2025","01462","MAIN"
"2.201.158.048","003","2025","01110","MAIN"
"2.201.524.965","003","2008","6820302","SECO"
"2.201.524.965","003","2008","68201","MAIN"
"2.201.524.965","003","2008","6831201","SECO"
"2.201.524.965","003","2008","68204","MAIN"
"2.201.524.965","003","2008","68100","MAIN"
"2.201.524.965","003","2008","6820103","MAIN"
"2.201.524.965","003","2025","68322","SECO"
"2.201.524.965","003","2025","68110","MAIN"
"2.201.524.965","003","2025","6820103","MAIN"
"2.201.524.965","003","2025","68201","MAIN"
"2.201.524.965","003","2025","68204","SECO"
"2.201.524.965","003","2025","6820302","SECO"
"2.205.731.104","003","2008","4649411","SECO"
"2.205.731.104","003","2008","47530","MAIN"
"2.205.731.104","003","2008","4741002","MAIN"
"2.205.731.104","003","2008","47714","MAIN"
"2.205.731.104","003","2008","47591","MAIN"
"2.205.731.104","003","2008","47592","MAIN"
"2.205.731.104","003","2008","4641201","SECO"
"2.205.731.104","003","2025","47551","MAIN"
"2.205.731.104","003","2025","4649402","SECO"
"2.205.731.104","003","2025","47120","SECO"
"2.205.731.104","003","2025","47512","SECO"
"2.205.731.104","003","2025","47714","MAIN"
"2.205.731.104","003","2025","4769021","SECO"
"2.205.731.104","003","2025","47789","SECO"
"2.205.731.104","003","2025","4740002","MAIN"
"2.205.731.104","003","2025","47783","SECO"
"2.205.731.104","003","2025","47552","MAIN"
"2.205.731.104","003","2025","46412","SECO"
"2.205.731.104","003","2025","47530","MAIN"
"2.206.037.940","003","2008","6420011","SECO"
"2.206.037.940","003","2025","70200","MAIN"
"2.206.037.940","003","2025","68203","MAIN"
"2.206.037.940","003","2025","7020001","SECO"
"2.206.037.940","003","2025","68122","SECO"
"2.206.037.940","003","2025","7010001","SECO"
"2.206.037.940","003","2025","68110","MAIN"
"2.206.037.940","003","2025","64999","SECO"
"2.206.037.940","003","2025","68204","MAIN"
"2.206.037.940","003","2025","68121","SECO"
"2.206.037.940","003","2025","68201","MAIN"
"2.206.037.940","003","2025","64220","SECO"
"2.207.390.891","006","2025","56111","MAIN"
"2.207.390.891","003","2008","9319901","MAIN"
"2.207.390.891","003","2008","90011","MAIN"
"2.207.390.891","003","2008","8552001","MAIN"
"2.207.390.891","003","2025","8552001","MAIN"
"2.207.390.891","003","2025","90201","MAIN"
"2.207.390.891","003","2025","9319901","MAIN"
"2.208.667.828","003","2025","90201","SECO"
"2.208.667.828","003","2025","90120","SECO"
"2.208.667.828","003","2025","90130","MAIN"
"2.208.667.828","003","2025","90111","SECO"
"2.208.872.221","006","2025","66220","MAIN"
"2.208.872.221","006","2008","66220","MAIN"
"2.208.872.221","003","2008","66191","MAIN"
"2.208.872.221","003","2008","6622001","MAIN"
"2.208.872.221","003","2025","46431","SECO"
"2.208.872.221","003","2025","66220","MAIN"
"2.208.872.221","003","2025","46190","SECO"
"2.208.872.221","003","2025","47400","SECO"
"2.208.872.221","003","2025","77399","SECO"
"2.208.872.221","003","2025","70200","SECO"
"2.208.872.221","003","2025","66191","MAIN"
"2.213.562.863","003","2008","43341","MAIN"
"2.213.562.863","003","2008","43342","MAIN"
"2.213.562.863","003","2008","43333","MAIN"
"2.213.562.863","003","2008","4334201","MAIN"
"2.213.562.863","003","2008","4615004","MAIN"
"2.213.562.863","003","2008","4334101","MAIN"
"2.213.562.863","003","2008","4613002","MAIN"
"2.213.562.863","003","2025","4613001","MAIN"
"2.213.562.863","003","2025","43342","MAIN"
"2.213.562.863","003","2025","4334201","MAIN"
"2.213.562.863","003","2025","43333","MAIN"
"2.213.562.863","003","2025","46150","MAIN"
"2.213.562.863","003","2025","4334101","MAIN"
"2.213.562.863","003","2025","43341","MAIN"
"2.217.138.797","003","2008","4612002","MAIN"
"2.217.138.797","003","2008","01610","MAIN"
"2.217.138.797","003","2025","56220","MAIN"
"2.217.138.797","003","2025","4612001","MAIN"
"2.217.138.797","003","2025","14299","MAIN"
"2.217.138.797","003","2025","47716","MAIN"
"2.217.138.797","003","2025","4614004","SECO"
"2.217.138.797","003","2025","01610","MAIN"
"2.218.374.063","003","2008","70220","MAIN"
"2.218.374.063","003","2025","68203","MAIN"
"2.218.374.063","003","2025","68201","MAIN"
"2.218.374.063","003","2025","64220","SECO"
"2.218.374.063","003","2025","68122","SECO"
"2.218.374.063","003","2025","68121","SECO"
"2.218.374.063","003","2025","64210","SECO"
"2.218.374.063","003","2025","7010001","MAIN"
"2.218.374.063","003","2025","70200","MAIN"
"2.218.374.063","003","2025","7020001","MAIN"
"2.218.374.063","003","2025","68110","SECO"
"2.218.374.063","003","2025","64999","SECO"
"2.218.374.063","003","2025","68204","SECO"
"2.218.626.857","003","2008","68311","MAIN"
"2.218.626.857","003","2008","70220","MAIN"
"2.218.626.857","003","2008","68312","MAIN"
"2.218.626.857","003","2025","70200","MAIN"
"2.218.626.857","003","2025","68310","MAIN"
"2.218.626.857","003","2025","68322","MAIN"
"2.219.217.567","003","2008","47789","MAIN"
"2.219.217.567","003","2008","4615002","MAIN"
"2.219.217.567","003","2008","77292","MAIN"
"2.219.217.567","003","2008","47430","MAIN"
"2.219.217.567","003","2008","95210","MAIN"
"2.219.217.567","003","2008","9329901","MAIN"
"2.219.217.567","003","2025","9329901","MAIN"
"2.219.217.567","003","2025","47400","SECO"
"2.219.217.567","003","2025","46150","SECO"
"2.219.217.567","003","2025","95210","MAIN"
"2.219.217.567","003","2025","47789","MAIN"
"2.219.217.567","003","2025","77222","MAIN"
"2.220.895.865","003","2008","86909","MAIN"
"2.220.895.865","003","2025","86999","MAIN"
"2.221.075.019","006","2025","82100","MAIN"
"2.221.075.019","006","2025","69209","MAIN"
"2.221.075.019","006","2008","82110","MAIN"
"2.221.075.019","003","2008","68201","MAIN"
"2.221.075.019","003","2008","82110","MAIN"
"2.221.075.019","003","2008","70100","MAIN"
"2.221.075.019","003","2025","82100","MAIN"
"2.221.075.019","003","2025","70100","MAIN"
"2.221.075.019","003","2025","68110","SECO"
"2.221.075.019","003","2025","68122","SECO"
"2.221.075.019","003","2025","68121","SECO"
"2.221.075.019","003","2025","68201","MAIN"
"2.221.075.019","003","2025","81220","SECO"
"2.221.075.019","003","2025","82990","SECO"
"2.221.075.019","003","2025","68203","SECO"
"2.221.075.019","003","2025","70200","SECO"
"2.223.194.468","003","2008","46499","MAIN"
"2.223.194.468","003","2008","4778602","MAIN"
"2.223.194.468","003","2008","46190","MAIN"
"2.223.194.468","003","2025","18120","SECO"
"2.223.194.468","003","2025","82300","SECO"
"2.223.194.468","003","2025","13300","MAIN"
"2.223.194.468","003","2025","46190","MAIN"
"2.223.194.468","003","2025","7311001","SECO"
"2.223.194.468","003","2025","7311005","MAIN"
"2.223.194.468","003","2025","46499","MAIN"
"2.223.194.468","003","2025","73110","SECO"
"2.223.194.468","003","2025","73300","SECO"
"2.223.194.468","003","2025","93299","SECO"
"2.223.194.468","003","2025","4778402","MAIN"
"2.223.194.468","003","2025","7311008","SECO"
"2.224.659.069","003","2008","3250023","MAIN"
"2.224.659.069","003","2008","4778201","MAIN"
"2.224.659.069","003","2008","47782","MAIN"
"2.224.659.069","003","2008","33130","MAIN"
"2.224.659.069","003","2025","47742","MAIN"
"2.224.659.069","003","2025","3250007","MAIN"
"2.224.659.069","003","2025","4774201","MAIN"
"2.224.659.069","003","2025","33130","MAIN"
"2.228.169.974","003","2008","01199","MAIN"
"2.228.169.974","003","2008","01191","MAIN"
"2.228.169.974","003","2008","01130","MAIN"
"2.228.169.974","003","2003","01110","MAIN"
"2.228.169.974","003","2003","01122","MAIN"
"2.228.169.974","003","2025","4312001","MAIN"
"2.228.169.974","003","2025","01191","MAIN"
"2.228.169.974","003","2025","01199","MAIN"
"2.228.169.974","003","2025","01130","MAIN"
"2.234.134.979","003","2008","01500","MAIN"
"2.234.134.979","003","2025","3312003","SECO"
"2.234.134.979","003","2025","7330001","MAIN"
"2.234.134.979","003","2025","81300","SECO"
"2.234.134.979","003","2025","01610","SECO"
"2.234.134.979","003","2025","47222","SECO"
"2.234.134.979","003","2025","01620","SECO"
"2.234.134.979","003","2025","47221","MAIN"
"2.234.134.979","003","2025","01500","MAIN"
"2.234.134.979","003","2025","82990","SECO"
"2.234.134.979","003","2025","96999","SECO"
"2.235.145.957","003","2025","82990","MAIN"
"2.235.145.957","003","2025","70200","MAIN"
"2.235.145.957","003","2025","82100","MAIN"
"2.235.380.440","006","2025","01210","MAIN"
"2.235.380.440","003","2008","1102001","MAIN"
"2.235.380.440","003","2008","0161004","MAIN"
"2.235.380.440","003","2008","11020","MAIN"
"2.235.380.440","003","2008","0121001","MAIN"
"2.235.380.440","003","2008","01210","MAIN"
"2.235.380.440","003","2025","0161004","MAIN"
"2.235.380.440","003","2025","47762","SECO"
"2.235.380.440","003","2025","1102001","MAIN"
"2.235.380.440","003","2025","01430","SECO"
"2.235.380.440","003","2025","1103001","SECO"
"2.235.380.440","003","2025","9312901","SECO"
"2.235.380.440","003","2025","4634101","SECO"
"2.235.380.440","003","2025","96993","SECO"
"2.235.380.440","003","2025","5210002","SECO"
"2.235.380.440","003","2025","46190","SECO"
"2.235.380.440","003","2025","5210001","SECO"
"2.235.380.440","003","2025","1104001","SECO"
"2.235.380.440","003","2025","52100","SECO"
"2.235.380.440","003","2025","11030","SECO"
"2.235.380.440","003","2025","0121001","MAIN"
"2.235.380.440","003","2025","11020","MAIN"
"2.235.380.440","003","2025","01210","MAIN"
"2.235.380.440","003","2025","47251","SECO"
"2.235.380.440","003","2025","68321","SECO"
"2.235.380.440","003","2025","70200","SECO"
"2.235.380.440","003","2025","46341","SECO"
"2.236.867.609","006","2025","43211","MAIN"
"2.236.867.609","003","2008","4321101","MAIN"
"2.236.867.609","003","2008","42220","MAIN"
"2.236.867.609","003","2008","4321102","MAIN"
"2.236.867.609","003","2008","43211","MAIN"
"2.236.867.609","003","2008","4329901","MAIN"
"2.236.867.609","003","2008","4321103","MAIN"
"2.236.867.609","003","2008","4329904","MAIN"
"2.236.867.609","003","2008","4222002","MAIN"
"2.236.867.609","003","2008","43212","MAIN"
"2.236.867.609","003","2008","47420","MAIN"
"2.236.867.609","003","2008","4322211","MAIN"
"2.236.867.609","003","2025","4322203","MAIN"
"2.236.867.609","003","2025","43211","MAIN"
"2.236.867.609","003","2025","4324001","MAIN"
"2.236.867.609","003","2025","4321103","MAIN"
"2.236.867.609","003","2025","43212","MAIN"
"2.236.867.609","003","2025","4222002","MAIN"
"2.236.867.609","003","2025","47400","MAIN"
"2.236.867.609","003","2025","4321102","MAIN"
"2.236.867.609","003","2025","4321101","MAIN"
"2.236.867.609","003","2025","42220","MAIN"
"2.236.867.609","003","2025","4324004","MAIN"
"2.237.552.349","003","2008","4771401","MAIN"
"2.237.552.349","003","2008","47714","MAIN"
"2.237.552.349","003","2025","70200","SECO"
"2.237.552.349","003","2025","82990","SECO"
"2.237.552.349","003","2025","7020001","SECO"
"2.237.552.349","003","2025","46180","SECO"
"2.237.552.349","003","2025","47714","MAIN"
"2.237.707.549","003","2008","85592","MAIN"
"2.237.707.549","003","2008","85599","MAIN"
"2.237.707.549","003","2025","85592","MAIN"
"2.237.707.549","003","2025","85599","MAIN"
"2.237.707.549","003","2025","86931","SECO"
"2.248.166.921","006","2025","41001","MAIN"
"2.248.166.921","003","2008","4120302","MAIN"
"2.248.166.921","003","2008","4399903","MAIN"
"2.248.166.921","003","2008","4399401","MAIN"
"2.248.166.921","003","2008","68203","SECO"
"2.248.166.921","003","2008","4120301","MAIN"
"2.248.166.921","003","2008","4312001","MAIN"
"2.248.166.921","003","2008","70220","SECO"
"2.248.166.921","003","2008","16230","MAIN"
"2.248.166.921","003","2008","4120121","MAIN"
"2.248.166.921","003","2008","4399901","MAIN"
"2.248.166.921","003","2008","4120101","MAIN"
"2.248.166.921","003","2008","16100","MAIN"
"2.248.166.921","003","2008","68201","SECO"
"2.248.166.921","003","2008","43994","MAIN"
"2.248.166.921","003","2008","82990","SECO"
"2.248.166.921","003","2008","4329904","MAIN"
"2.248.166.921","003","2008","7112102","MAIN"
"2.248.166.921","003","2008","4120111","MAIN"
"2.248.166.921","003","2008","41202","MAIN"
"2.248.166.921","003","2008","41203","MAIN"
"2.248.166.921","003","2025","82990","SECO"
"2.248.166.921","003","2025","70200","SECO"
"2.248.166.921","003","2025","68201","SECO"
"2.248.166.921","003","2025","7112102","MAIN"
"2.248.166.921","003","2025","4100301","MAIN"
"2.248.166.921","003","2025","41002","MAIN"
"2.248.166.921","003","2025","4324004","MAIN"
"2.248.166.921","003","2025","16230","MAIN"
"2.248.166.921","003","2025","4342902","MAIN"
"2.248.166.921","003","2025","4342901","MAIN"
"2.248.166.921","003","2025","41003","MAIN"
"2.248.166.921","003","2025","68203","SECO"
"2.248.166.921","003","2025","4391001","MAIN"
"2.248.166.921","003","2025","4100302","MAIN"
"2.248.166.921","003","2025","4100101","MAIN"
"2.248.166.921","003","2025","43910","MAIN"
"2.248.166.921","003","2025","4312001","MAIN"
"2.248.166.921","003","2025","4100103","MAIN"
"2.248.166.921","003","2025","16110","MAIN"
"2.248.166.921","003","2025","4100105","MAIN"
"2.248.590.850","006","2025","86220","MAIN"
"2.248.590.850","003","2008","86210","MAIN"
"2.248.590.850","003","2008","86220","MAIN"
"2.248.590.850","003","2025","86220","MAIN"
"2.248.590.850","003","2025","86210","MAIN"
"2.250.707.430","003","2025","9699901","MAIN"
"2.250.707.430","003","2025","85593","MAIN"
"2.250.707.430","003","2025","85599","MAIN"
"2.250.707.430","003","2025","85699","MAIN"
"2.250.707.430","003","2025","86961","MAIN"
"2.251.776.905","003","2025","86961","MAIN"
"2.251.776.905","003","2025","4619001","MAIN"
"2.251.776.905","003","2025","56400","MAIN"
"2.252.146.196","003","2008","7311001","MAIN"
"2.252.146.196","003","2008","86904","MAIN"
"2.252.146.196","003","2008","74300","MAIN"
"2.252.146.196","003","2025","85592","SECO"
"2.252.146.196","003","2025","74301","MAIN"
"2.252.146.196","003","2025","70200","MAIN"
"2.252.146.196","003","2025","7311001","MAIN"
"2.252.146.196","003","2025","73300","MAIN"
"2.252.146.196","003","2025","7311004","SECO"
"2.252.146.196","003","2025","46190","SECO"
"2.252.146.196","003","2025","86931","MAIN"
"2.252.146.196","003","2025","7311006","SECO"
"2.252.146.196","003","2025","7311005","SECO"
"2.252.146.196","003","2025","7311003","SECO"
"2.252.435.119","003","2008","8130001","MAIN"
"2.252.435.119","003","2008","8130002","MAIN"
"2.252.435.119","003","2008","4399402","MAIN"
"2.252.435.119","003","2008","4399201","MAIN"
"2.252.435.119","003","2025","82990","MAIN"
"2.252.435.119","003","2025","4391002","MAIN"
"2.252.435.119","003","2025","8122011","MAIN"
"2.252.435.119","003","2025","8130001","MAIN"
"2.252.435.119","003","2025","8130002","MAIN"
"2.253.113.921","006","2025","47811","MAIN"
"2.253.113.921","003","2008","56301","MAIN"
"2.253.113.921","003","2008","45113","SECO"
"2.253.113.921","003","2008","45112","SECO"
"2.253.113.921","003","2025","56301","MAIN"
"2.253.113.921","003","2025","46180","SECO"
"2.253.113.921","003","2025","47811","SECO"
"2.253.243.088","003","2008","47251","MAIN"
"2.253.243.088","003","2025","47252","MAIN"
"2.253.243.088","003","2025","22260","SECO"
"2.253.243.088","003","2025","47279","MAIN"
"2.253.243.088","003","2025","4778902","SECO"
"2.253.243.088","003","2025","47251","MAIN"
"2.253.243.088","003","2025","4755902","SECO"
"2.253.243.088","003","2025","47553","SECO"
"2.253.243.088","003","2025","4725201","SECO"
"2.253.243.088","003","2025","4755903","SECO"
"2.253.243.088","003","2025","52250","SECO"
"2.254.334.438","003","2008","43291","MAIN"
"2.254.334.438","003","2008","4399401","MAIN"
"2.254.334.438","003","2008","4321101","MAIN"
"2.254.334.438","003","2008","43994","MAIN"
"2.254.334.438","003","2008","43211","MAIN"
"2.254.334.438","003","2025","43910","MAIN"
"2.254.334.438","003","2025","4399003","SECO"
"2.254.334.438","003","2025","4342901","SECO"
"2.254.334.438","003","2025","4399002","SECO"
"2.254.334.438","003","2025","4342902","SECO"
"2.254.334.438","003","2025","4312003","SECO"
"2.254.334.438","003","2025","4312001","SECO"
"2.254.334.438","003","2025","43230","MAIN"
"2.254.334.438","003","2025","8130001","SECO"
"2.254.334.438","003","2025","43211","MAIN"
"2.254.334.438","003","2025","4312005","SECO"
"2.254.334.438","003","2025","4312004","SECO"
"2.254.334.438","003","2025","4311001","SECO"
"2.254.334.438","003","2025","4391001","MAIN"
"2.254.334.438","003","2025","81210","SECO"
"2.254.334.438","003","2025","4321101","MAIN"
"2.254.334.438","003","2025","4391002","SECO"
"2.256.469.131","006","2025","47251","MAIN"
"2.256.469.131","003","2008","14140","MAIN"
"2.256.469.131","003","2008","41201","SECO"
"2.256.469.131","003","2008","46442","SECO"
"2.256.469.131","003","2008","4641101","MAIN"
"2.256.469.131","003","2008","1512001","MAIN"
"2.256.469.131","003","2008","4754001","SECO"
"2.256.469.131","003","2008","4771401","MAIN"
"2.256.469.131","003","2008","13929","MAIN"
"2.256.469.131","003","2008","47711","MAIN"
"2.256.469.131","003","2008","1396002","MAIN"
"2.256.469.131","003","2008","6820301","SECO"
"2.256.469.131","003","2008","5610101","SECO"
"2.256.469.131","003","2008","4649601","SECO"
"2.256.469.131","003","2008","70220","SECO"
"2.256.469.131","003","2008","74109","MAIN"
"2.256.469.131","003","2008","4759101","SECO"
"2.256.469.131","003","2008","9525001","MAIN"
"2.256.469.131","003","2008","47512","MAIN"
"2.256.469.131","003","2008","46497","SECO"
"2.256.469.131","003","2008","1396001","MAIN"
"2.256.469.131","003","2008","1399001","MAIN"
"2.256.469.131","003","2008","46421","MAIN"
"2.256.469.131","003","2008","4110211","SECO"
"2.256.469.131","003","2008","46450","SECO"
"2.256.469.131","003","2008","74201","SECO"
"2.256.469.131","003","2008","7312002","SECO"
"2.256.469.131","003","2008","6831201","SECO"
"2.256.469.131","003","2008","73110","SECO"
"2.256.469.131","003","2008","90011","SECO"
"2.256.469.131","003","2008","6832102","SECO"
"2.256.469.131","003","2008","46492","SECO"
"2.256.469.131","003","2008","74105","MAIN"
"2.256.469.131","003","2008","5610104","SECO"
"2.256.469.131","003","2008","4642302","MAIN"
"2.256.469.131","003","2008","46425","MAIN"
"2.256.469.131","003","2008","1413011","MAIN"
"2.256.469.131","003","2008","62020","SECO"
"2.256.469.131","003","2008","4110212","SECO"
"2.256.469.131","003","2008","4643103","SECO"
"2.256.469.131","003","2008","46493","SECO"
"2.256.469.131","003","2008","63110","SECO"
"2.256.469.131","003","2008","1396004","MAIN"
"2.256.469.131","003","2008","47410","SECO"
"2.256.469.131","003","2008","63990","SECO"
"2.256.469.131","003","2008","46480","MAIN"
"2.256.469.131","003","2008","74104","SECO"
"2.256.469.131","003","2008","6832101","SECO"
"2.256.469.131","003","2008","5320001","MAIN"
"2.256.469.131","003","2008","4619001","MAIN"
"2.256.469.131","003","2008","4772201","MAIN"
"2.256.469.131","003","2008","52290","MAIN"
"2.256.469.131","003","2008","7021001","SECO"
"2.256.469.131","003","2008","47191","SECO"
"2.256.469.131","003","2008","41202","SECO"
"2.256.469.131","003","2008","46433","SECO"
"2.256.469.131","003","2008","1396003","MAIN"
"2.256.469.131","003","2008","58290","SECO"
"2.256.469.131","003","2008","4771501","MAIN"
"2.256.469.131","003","2008","4110102","SECO"
"2.256.469.131","003","2008","4674103","SECO"
"2.256.469.131","003","2008","6311002","SECO"
"2.256.469.131","003","2008","13950","MAIN"
"2.256.469.131","003","2008","5630101","SECO"
"2.256.469.131","003","2008","4772101","MAIN"
"2.256.469.131","003","2008","1392102","MAIN"
"2.256.469.131","003","2008","4741002","SECO"
"2.256.469.131","003","2008","13200","MAIN"
"2.256.469.131","003","2008","46422","MAIN"
"2.256.469.131","003","2008","18130","SECO"
"2.256.469.131","003","2008","5210011","MAIN"
"2.256.469.131","003","2008","6820401","SECO"
"2.256.469.131","003","2008","62010","SECO"
"2.256.469.131","003","2008","52100","MAIN"
"2.256.469.131","003","2008","1813012","SECO"
"2.256.469.131","003","2008","6820102","SECO"
"2.256.469.131","003","2008","7022001","SECO"
"2.256.469.131","003","2008","4771301","MAIN"
"2.256.469.131","003","2008","4616002","MAIN"
"2.256.469.131","003","2008","4642501","MAIN"
"2.256.469.131","003","2008","4649903","MAIN"
"2.256.469.131","003","2008","6311011","SECO"
"2.256.469.131","003","2008","1392901","MAIN"
"2.256.469.131","003","2008","6831101","SECO"
"2.256.469.131","003","2008","6311001","SECO"
"2.256.469.131","003","2008","6820402","SECO"
"2.256.469.131","003","2008","1399002","MAIN"
"2.256.469.131","003","2008","1392103","MAIN"
"2.256.469.131","003","2008","4741001","SECO"
"2.256.469.131","003","2008","4642301","MAIN"
"2.256.469.131","003","2008","46473","SECO"
"2.256.469.131","003","2008","9511001","SECO"
"2.256.469.131","003","2008","1813013","SECO"
"2.256.469.131","003","2008","46692","SECO"
"2.256.469.131","003","2008","6820201","SECO"
"2.256.469.131","003","2008","6820302","SECO"
"2.256.469.131","003","2008","14110","MAIN"
"2.256.469.131","003","2008","1392902","MAIN"
"2.256.469.131","003","2008","46510","SECO"
"2.256.469.131","003","2008","4615009","MAIN"
"2.256.469.131","003","2008","7320011","SECO"
"2.256.469.131","003","2008","6820101","SECO"
"2.256.469.131","003","2008","4120121","SECO"
"2.256.469.131","003","2008","4644101","SECO"
"2.256.469.131","003","2008","77294","MAIN"
"2.256.469.131","003","2008","9511002","SECO"
"2.256.469.131","003","2008","4644201","SECO"
"2.256.469.131","003","2008","53200","MAIN"
"2.256.469.131","003","2008","47721","MAIN"
"2.256.469.131","003","2008","4110201","SECO"
"2.256.469.131","003","2008","47722","MAIN"
"2.256.469.131","003","2008","4649401","SECO"
"2.256.469.131","003","2008","73200","SECO"
"2.256.469.131","003","2008","4110101","MAIN"
"2.256.469.131","003","2008","1320001","MAIN"
"2.256.469.131","003","2008","68100","SECO"
"2.256.469.131","003","2008","52210","MAIN"
"2.256.469.131","003","2008","7721001","SECO"
"2.256.469.131","003","2008","4616001","MAIN"
"2.256.469.131","003","2008","4120122","SECO"
"2.256.469.131","003","2008","6820303","SECO"
"2.256.469.131","003","2008","1813011","SECO"
"2.256.469.131","003","2008","7410502","SECO"
"2.256.469.131","003","2008","6820103","SECO"
"2.256.469.131","003","2008","1413001","MAIN"
"2.256.469.131","003","2008","4649201","SECO"
"2.256.469.131","003","2008","68321","SECO"
"2.256.469.131","003","2008","4611001","SECO"
"2.256.469.131","003","2008","58210","SECO"
"2.256.469.131","003","2008","4615008","MAIN"
"2.256.469.131","003","2008","1392101","MAIN"
"2.256.469.131","003","2008","47770","MAIN"
"2.256.469.131","003","2008","68322","SECO"
"2.256.469.131","003","2008","7729401","MAIN"
"2.256.469.131","003","2008","6202001","SECO"
"2.256.469.131","003","2008","13930","MAIN"
"2.256.469.131","003","2008","46520","SECO"
"2.256.469.131","003","2008","46495","SECO"
"2.256.469.131","003","2008","7311002","SECO"
"2.256.469.131","003","2008","46110","SECO"
"2.256.469.131","003","2008","73120","SECO"
"2.256.469.131","003","2008","68202","SECO"
"2.256.469.131","003","2008","7410501","MAIN"
"2.256.469.131","003","2008","5610207","SECO"
"2.256.469.131","003","2008","6311013","SECO"
"2.256.469.131","003","2008","4120112","SECO"
"2.256.469.131","003","2008","1392903","MAIN"
"2.256.469.131","003","2008","46190","MAIN"
"2.256.469.131","003","2008","46423","MAIN"
"2.256.469.131","003","2008","6391001","SECO"
"2.256.469.131","003","2008","4649801","MAIN"
"2.256.469.131","003","2008","1419101","MAIN"
"2.256.469.131","003","2008","1813001","SECO"
"2.256.469.131","003","2008","4618001","MAIN"
"2.256.469.131","003","2008","95110","SECO"
"2.256.469.131","003","2008","41102","SECO"
"2.256.469.131","003","2008","68312","SECO"
"2.256.469.131","003","2008","7311001","SECO"
"2.256.469.131","003","2008","5610206","SECO"
"2.256.469.131","003","2008","7311011","SECO"
"2.256.469.131","003","2008","4676901","MAIN"
"2.256.469.131","003","2008","6311012","SECO"
"2.256.469.131","003","2008","13960","MAIN"
"2.256.469.131","003","2008","14130","MAIN"
"2.256.469.131","003","2008","4771101","MAIN"
"2.256.469.131","003","2008","41203","SECO"
"2.256.469.131","003","2008","5610205","SECO"
"2.256.469.131","003","2008","46660","SECO"
"2.256.469.131","003","2008","47519","MAIN"
"2.256.469.131","003","2008","41101","SECO"
"2.256.469.131","003","2008","46424","MAIN"
"2.256.469.131","003","2008","56101","SECO"
"2.256.469.131","003","2008","95250","MAIN"
"2.256.469.131","003","2008","5510001","SECO"
"2.256.469.131","003","2008","7311004","SECO"
"2.256.469.131","003","2008","4771201","MAIN"
"2.256.469.131","003","2008","74101","MAIN"
"2.256.469.131","003","2008","46491","SECO"
"2.256.469.131","003","2008","13921","MAIN"
"2.256.469.131","003","2008","4777001","MAIN"
"2.256.469.131","003","2008","46431","SECO"
"2.256.469.131","003","2008","5310003","MAIN"
"2.256.469.131","003","2008","77210","SECO"
"2.256.469.131","003","2008","46160","MAIN"
"2.256.469.131","003","2008","7311003","SECO"
"2.256.469.131","003","2008","90022","SECO"
"2.256.469.131","003","2008","7729402","MAIN"
"2.256.469.131","003","2008","4120111","SECO"
"2.256.469.131","003","2008","4751201","MAIN"
"2.256.469.131","003","2008","13990","MAIN"
"2.256.469.131","003","2008","14120","MAIN"
"2.256.469.131","003","2008","13910","MAIN"
"2.256.469.131","003","2008","74103","SECO"
"2.256.469.131","003","2008","4649411","SECO"
"2.256.469.131","003","2008","6832201","SECO"
"2.256.469.131","003","2008","7320001","SECO"
"2.256.469.131","003","2008","47712","MAIN"
"2.256.469.131","003","2008","46650","SECO"
"2.256.469.131","003","2008","7311006","SECO"
"2.256.469.131","003","2008","68203","SECO"
"2.256.469.131","003","2008","4764002","SECO"
"2.256.469.131","003","2008","46610","SECO"
"2.256.469.131","003","2008","46419","MAIN"
"2.256.469.131","003","2008","46441","SECO"
"2.256.469.131","003","2008","82990","MAIN"
"2.256.469.131","003","2008","56102","SECO"
"2.256.469.131","003","2008","4643101","SECO"
"2.256.469.131","003","2008","4645001","SECO"
"2.256.469.131","003","2008","90012","SECO"
"2.256.469.131","003","2008","7420101","SECO"
"2.256.469.131","003","2008","5229041","MAIN"
"2.256.469.131","003","2008","5610202","SECO"
"2.256.469.131","003","2008","6832202","SECO"
"2.256.469.131","003","2008","46494","SECO"
"2.256.469.131","003","2008","7311005","SECO"
"2.256.469.131","003","2008","6810002","SECO"
"2.256.469.131","003","2008","7320002","SECO"
"2.256.469.131","003","2008","68311","SECO"
"2.256.469.131","003","2008","4643102","SECO"
"2.256.469.131","003","2008","47511","MAIN"
"2.256.469.131","003","2008","46496","SECO"
"2.256.469.131","003","2008","68201","SECO"
"2.256.469.131","003","2008","47540","SECO"
"2.256.469.131","003","2008","47591","SECO"
"2.256.469.131","003","2008","1813002","SECO"
"2.256.469.131","003","2008","13940","MAIN"
"2.256.469.131","003","2008","4641901","MAIN"
"2.256.469.131","003","2008","4719201","SECO"
"2.256.469.131","003","2008","46180","MAIN"
"2.256.469.131","003","2008","4120102","SECO"
"2.256.469.131","003","2008","63910","SECO"
"2.256.469.131","003","2008","1414001","MAIN"
"2.256.469.131","003","2008","1393001","MAIN"
"2.256.469.131","003","2008","4120101","SECO"
"2.256.469.131","003","2008","46411","MAIN"
"2.256.469.131","003","2008","68204","SECO"
"2.256.469.131","003","2008","7312001","SECO"
"2.256.469.131","003","2008","46498","MAIN"
"2.256.469.131","003","2008","4751901","MAIN"
"2.256.469.131","003","2008","4120302","SECO"
"2.256.469.131","003","2008","47713","MAIN"
"2.256.469.131","003","2008","46499","MAIN"
"2.256.469.131","003","2008","70210","SECO"
"2.256.469.131","003","2008","47715","MAIN"
"2.256.469.131","003","2008","70100","SECO"
"2.256.469.131","003","2008","56301","SECO"
"2.256.469.131","003","2008","7311007","SECO"
"2.256.469.131","003","2008","47714","MAIN"
"2.256.469.131","003","2008","46240","MAIN"
"2.256.469.131","003","2008","4120301","SECO"
"2.256.469.131","003","2025","1392901","MAIN"
"2.256.469.131","003","2025","46642","SECO"
"2.256.469.131","003","2025","4645001","SECO"
"2.256.469.131","003","2025","5510001","SECO"
"2.256.469.131","003","2025","68201","SECO"
"2.256.469.131","003","2025","46494","SECO"
"2.256.469.131","003","2025","46419","MAIN"
"2.256.469.131","003","2025","46499","MAIN"
"2.256.469.131","003","2025","52250","MAIN"
"2.256.469.131","003","2025","47519","MAIN"
"2.256.469.131","003","2025","13921","MAIN"
"2.256.469.131","003","2025","4771101","MAIN"
"2.256.469.131","003","2025","4100105","SECO"
"2.256.469.131","003","2025","47120","SECO"
"2.256.469.131","003","2025","4644201","SECO"
"2.256.469.131","003","2025","14230","MAIN"
"2.256.469.131","003","2025","1422001","MAIN"
"2.256.469.131","003","2025","4751201","MAIN"
"2.256.469.131","003","2025","6820401","SECO"
"2.256.469.131","003","2025","7330001","SECO"
"2.256.469.131","003","2025","1392902","MAIN"
"2.256.469.131","003","2025","68329","SECO"
"2.256.469.131","003","2025","6820402","SECO"
"2.256.469.131","003","2025","7420101","SECO"
"2.256.469.131","003","2025","4100106","SECO"
"2.256.469.131","003","2025","6832111","SECO"
"2.256.469.131","003","2025","6820303","SECO"
"2.256.469.131","003","2025","4763902","SECO"
"2.256.469.131","003","2025","70200","SECO"
"2.256.469.131","003","2025","63100","SECO"
"2.256.469.131","003","2025","1399002","MAIN"
"2.256.469.131","003","2025","9510002","SECO"
"2.256.469.131","003","2025","4100103","SECO"
"2.256.469.131","003","2025","63920","SECO"
"2.256.469.131","003","2025","82990","MAIN"
"2.256.469.131","003","2025","47721","MAIN"
"2.256.469.131","003","2025","46190","MAIN"
"2.256.469.131","003","2025","13950","MAIN"
"2.256.469.131","003","2025","73200","SECO"
"2.256.469.131","003","2025","4644101","SECO"
"2.256.469.131","003","2025","9510001","SECO"
"2.256.469.131","003","2025","18130","SECO"
"2.256.469.131","003","2025","4686901","MAIN"
"2.256.469.131","003","2025","4649201","SECO"
"2.256.469.131","003","2025","46180","MAIN"
"2.256.469.131","003","2025","47712","MAIN"
"2.256.469.131","003","2025","70100","SECO"
"2.256.469.131","003","2025","4100104","SECO"
"2.256.469.131","003","2025","58210","SECO"
"2.256.469.131","003","2025","5611101","SECO"
"2.256.469.131","003","2025","47770","MAIN"
"2.256.469.131","003","2025","46240","MAIN"
"2.256.469.131","003","2025","47713","MAIN"
"2.256.469.131","003","2025","47551","SECO"
"2.256.469.131","003","2025","74130","SECO"
"2.256.469.131","003","2025","14210","MAIN"
"2.256.469.131","003","2025","6220001","SECO"
"2.256.469.131","003","2025","4771201","MAIN"
"2.256.469.131","003","2025","6820301","SECO"
"2.256.469.131","003","2025","46474","SECO"
"2.256.469.131","003","2025","1396002","MAIN"
"2.256.469.131","003","2025","47722","MAIN"
"2.256.469.131","003","2025","46493","SECO"
"2.256.469.131","003","2025","95250","MAIN"
"2.256.469.131","003","2025","68122","SECO"
"2.256.469.131","003","2025","46498","MAIN"
"2.256.469.131","003","2025","46442","SECO"
"2.256.469.131","003","2025","46495","SECO"
"2.256.469.131","003","2025","68202","SECO"
"2.256.469.131","003","2025","1512001","MAIN"
"2.256.469.131","003","2025","6820302","SECO"
"2.256.469.131","003","2025","4712031","SECO"
"2.256.469.131","003","2025","1399001","MAIN"
"2.256.469.131","003","2025","6831001","SECO"
"2.256.469.131","003","2025","46421","MAIN"
"2.256.469.131","003","2025","73110","SECO"
"2.256.469.131","003","2025","73300","SECO"
"2.256.469.131","003","2025","47540","SECO"
"2.256.469.131","003","2025","6820101","SECO"
"2.256.469.131","003","2025","68310","SECO"
"2.256.469.131","003","2025","1396001","MAIN"
"2.256.469.131","003","2025","46472","SECO"
"2.256.469.131","003","2025","46423","MAIN"
"2.256.469.131","003","2025","4771501","MAIN"
"2.256.469.131","003","2025","46491","SECO"
"2.256.469.131","003","2025","1396004","MAIN"
"2.256.469.131","003","2025","1421002","MAIN"
"2.256.469.131","003","2025","14240","MAIN"
"2.256.469.131","003","2025","62200","SECO"
"2.256.469.131","003","2025","56112","SECO"
"2.256.469.131","003","2025","68121","SECO"
"2.256.469.131","003","2025","46422","MAIN"
"2.256.469.131","003","2025","7414001","MAIN"
"2.256.469.131","003","2025","46492","SECO"
"2.256.469.131","003","2025","14291","MAIN"
"2.256.469.131","003","2025","46110","SECO"
"2.256.469.131","003","2025","4740002","SECO"
"2.256.469.131","003","2025","46424","MAIN"
"2.256.469.131","003","2025","13200","MAIN"
"2.256.469.131","003","2025","4641101","MAIN"
"2.256.469.131","003","2025","46160","MAIN"
"2.256.469.131","003","2025","6811002","SECO"
"2.256.469.131","003","2025","1421001","MAIN"
"2.256.469.131","003","2025","5310003","MAIN"
"2.256.469.131","003","2025","7414002","SECO"
"2.256.469.131","003","2025","46425","MAIN"
"2.256.469.131","003","2025","56111","SECO"
"2.256.469.131","003","2025","1396003","MAIN"
"2.256.469.131","003","2025","77210","SECO"
"2.256.469.131","003","2025","52210","MAIN"
"2.256.469.131","003","2025","68110","SECO"
"2.256.469.131","003","2025","6812102","SECO"
"2.256.469.131","003","2025","4740001","SECO"
"2.256.469.131","003","2025","7312001","SECO"
"2.256.469.131","003","2025","4643102","SECO"
"2.256.469.131","003","2025","4619001","MAIN"
"2.256.469.131","003","2025","1393001","MAIN"
"2.256.469.131","003","2025","1392103","MAIN"
"2.256.469.131","003","2025","47715","MAIN"
"2.256.469.131","003","2025","1813005","SECO"
"2.256.469.131","003","2025","4649903","MAIN"
"2.256.469.131","003","2025","7311006","SECO"
"2.256.469.131","003","2025","7320003","SECO"
"2.256.469.131","003","2025","4616002","MAIN"
"2.256.469.131","003","2025","46441","SECO"
"2.256.469.131","003","2025","53200","MAIN"
"2.256.469.131","003","2025","13990","MAIN"
"2.256.469.131","003","2025","7312002","SECO"
"2.256.469.131","003","2025","4664301","SECO"
"2.256.469.131","003","2025","7722401","MAIN"
"2.256.469.131","003","2025","46500","SECO"
"2.256.469.131","003","2025","46610","SECO"
"2.256.469.131","003","2025","4642301","MAIN"
"2.256.469.131","003","2025","6812101","MAIN"
"2.256.469.131","003","2025","74120","SECO"
"2.256.469.131","003","2025","6820201","SECO"
"2.256.469.131","003","2025","4642302","MAIN"
"2.256.469.131","003","2025","7311005","SECO"
"2.256.469.131","003","2025","46496","SECO"
"2.256.469.131","003","2025","7320002","SECO"
"2.256.469.131","003","2025","4751901","MAIN"
"2.256.469.131","003","2025","6812201","SECO"
"2.256.469.131","003","2025","7721001","SECO"
"2.256.469.131","003","2025","7311008","SECO"
"2.256.469.131","003","2025","46497","SECO"
"2.256.469.131","003","2025","60310","SECO"
"2.256.469.131","003","2025","14220","MAIN"
"2.256.469.131","003","2025","4684103","SECO"
"2.256.469.131","003","2025","1813003","SECO"
"2.256.469.131","003","2025","68204","SECO"
"2.256.469.131","003","2025","13929","MAIN"
"2.256.469.131","003","2025","4641901","MAIN"
"2.256.469.131","003","2025","4649401","SECO"
"2.256.469.131","003","2025","68203","SECO"
"2.256.469.131","003","2025","41001","SECO"
"2.256.469.131","003","2025","46411","MAIN"
"2.256.469.131","003","2025","6820102","SECO"
"2.256.469.131","003","2025","4643101","SECO"
"2.256.469.131","003","2025","47714","MAIN"
"2.256.469.131","003","2025","41002","SECO"
"2.256.469.131","003","2025","47711","MAIN"
"2.256.469.131","003","2025","7311007","SECO"
"2.256.469.131","003","2025","1392102","MAIN"
"2.256.469.131","003","2025","52100","MAIN"
"2.256.469.131","003","2025","13940","MAIN"
"2.256.469.131","003","2025","5225002","MAIN"
"2.256.469.131","003","2025","68321","SECO"
"2.256.469.131","003","2025","68322","SECO"
"2.256.469.131","003","2025","1813004","SECO"
"2.256.469.131","003","2025","1392101","MAIN"
"2.256.469.131","003","2025","4649402","SECO"
"2.256.469.131","003","2025","56301","SECO"
"2.256.469.131","003","2025","4616001","MAIN"
"2.256.469.131","003","2025","6820103","SECO"
"2.256.469.131","003","2025","62100","SECO"
"2.256.469.131","003","2025","4618034","MAIN"
"2.256.469.131","003","2025","6832101","SECO"
"2.256.469.131","003","2025","4100102","SECO"
"2.256.469.131","003","2025","41003","SECO"
"2.256.469.131","003","2025","4755101","SECO"
"2.256.469.131","003","2025","6812203","SECO"
"2.256.469.131","003","2025","1320001","MAIN"
"2.256.469.131","003","2025","95100","SECO"
"2.256.469.131","003","2025","46480","MAIN"
"2.256.469.131","003","2025","1813001","SECO"
"2.256.469.131","003","2025","77224","MAIN"
"2.256.469.131","003","2025","13960","MAIN"
"2.256.469.131","003","2025","4618035","MAIN"
"2.256.469.131","003","2025","4100302","SECO"
"2.256.469.131","003","2025","5611104","SECO"
"2.256.469.131","003","2025","6812202","SECO"
"2.256.469.131","003","2025","74201","SECO"
"2.256.469.131","003","2025","74140","MAIN"
"2.256.469.131","003","2025","4100101","SECO"
"2.256.469.131","003","2025","1396011","MAIN"
"2.256.469.131","003","2025","46450","SECO"
"2.256.469.131","003","2025","47400","SECO"
"2.256.469.131","003","2025","7020001","SECO"
"2.256.469.131","003","2025","90202","SECO"
"2.256.469.131","003","2025","1813002","SECO"
"2.256.469.131","003","2025","13930","MAIN"
"2.256.469.131","003","2025","90392","SECO"
"2.256.469.131","003","2025","74111","MAIN"
"2.256.469.131","003","2025","90201","SECO"
"2.256.469.131","003","2025","7311001","SECO"
"2.256.469.131","003","2025","5210002","MAIN"
"2.256.469.131","003","2025","47511","MAIN"
"2.256.469.131","003","2025","46431","SECO"
"2.256.469.131","003","2025","5320001","MAIN"
"2.256.469.131","003","2025","4777001","MAIN"
"2.256.469.131","003","2025","47512","MAIN"
"2.256.469.131","003","2025","7320001","SECO"
"2.256.469.131","003","2025","13910","MAIN"
"2.256.469.131","003","2025","4100301","SECO"
"2.256.469.131","003","2025","7311004","SECO"
"2.256.469.131","003","2025","7311002","SECO"
"2.256.469.131","003","2025","58290","SECO"
"2.256.469.131","003","2025","73120","SECO"
"2.256.469.131","003","2025","7311003","SECO"
"2.256.469.131","003","2025","46432","SECO"
"2.256.711.433","003","2008","7022001","MAIN"
"2.256.711.433","003","2008","6420011","MAIN"
"2.256.711.433","003","2008","70220","MAIN"
"2.256.711.433","003","2025","68121","SECO"
"2.256.711.433","003","2025","68122","SECO"
"2.256.711.433","003","2025","64220","SECO"
"2.256.711.433","003","2025","64999","SECO"
"2.256.711.433","003","2025","7020001","MAIN"
"2.256.711.433","003","2025","64210","SECO"
"2.256.711.433","003","2025","82300","SECO"
"2.256.711.433","003","2025","70200","MAIN"
"2.256.711.433","003","2025","68201","MAIN"
"2.256.711.433","003","2025","68110","SECO"
"2.256.711.433","003","2025","93299","SECO"
"2.256.711.433","003","2025","7010001","MAIN"
"2.256.711.433","003","2025","68203","MAIN"
"2.256.711.433","003","2025","68204","SECO"
"2.258.467.826","006","2025","43110","MAIN"
"2.258.467.826","006","2008","43110","MAIN"
"2.258.467.826","003","2008","49500","SECO"
"2.258.467.826","003","2008","81290","MAIN"
"2.258.467.826","003","2008","81210","MAIN"
"2.258.467.826","003","2008","49420","SECO"
"2.258.467.826","003","2008","4941001","SECO"
"2.258.467.826","003","2008","52290","SECO"
"2.258.467.826","003","2008","43110","MAIN"
"2.258.467.826","003","2008","4941003","SECO"
"2.258.467.826","003","2008","4941004","SECO"
"2.258.467.826","003","2008","52249","SECO"
"2.258.467.826","003","2008","43120","MAIN"
"2.258.467.826","003","2008","81220","MAIN"
"2.258.467.826","003","2008","49410","SECO"
"2.258.467.826","003","2008","53200","MAIN"
"2.258.467.826","003","2025","52249","SECO"
"2.258.467.826","003","2025","43120","MAIN"
"2.258.467.826","003","2025","49500","SECO"
"2.258.467.826","003","2025","81220","SECO"
"2.258.467.826","003","2025","4941001","SECO"
"2.258.467.826","003","2025","49420","SECO"
"2.258.467.826","003","2025","4941003","SECO"
"2.258.467.826","003","2025","4941004","SECO"
"2.258.467.826","003","2025","53200","MAIN"
"2.258.467.826","003","2025","81210","MAIN"
"2.258.467.826","003","2025","52250","SECO"
"2.258.467.826","003","2025","43211","MAIN"
"2.258.467.826","003","2025","43110","MAIN"
"2.258.467.826","003","2025","81230","SECO"
"2.258.467.826","003","2025","49410","SECO"
"2.263.008.614","003","2008","77399","MAIN"
"2.263.008.614","003","2008","7732002","MAIN"
"2.263.008.614","003","2025","68201","MAIN"
"2.263.008.614","003","2025","77399","MAIN"
"2.263.008.614","003","2025","7732002","MAIN"
"2.263.008.614","003","2025","68203","MAIN"
"2.263.008.614","003","2025","77320","MAIN"
"2.263.917.444","003","2008","70220","MAIN"
"2.263.917.444","003","2025","7020001","MAIN"
"2.263.917.444","003","2025","85599","SECO"
"2.263.917.444","003","2025","68203","MAIN"
"2.263.917.444","003","2025","68201","MAIN"
"2.263.917.444","003","2025","64999","SECO"
"2.263.917.444","003","2025","78200","SECO"
"2.263.917.444","003","2025","64210","SECO"
"2.263.917.444","003","2025","66199","SECO"
"2.263.917.444","003","2025","7010001","MAIN"
"2.263.917.444","003","2025","68121","SECO"
"2.263.917.444","003","2025","70200","MAIN"
"2.263.917.444","003","2025","68122","SECO"
"2.263.917.444","003","2025","6920111","SECO"
"2.263.917.444","003","2025","85592","SECO"
"2.263.917.444","003","2025","68204","SECO"
"2.263.917.444","003","2025","68110","SECO"
"2.263.917.444","003","2025","64220","SECO"
"2.264.596.048","003","2008","82990","MAIN"
"2.264.596.048","003","2008","70100","MAIN"
"2.264.596.048","003","2008","6420011","MAIN"
"2.264.596.048","003","2025","68201","SECO"
"2.264.596.048","003","2025","85592","MAIN"
"2.264.596.048","003","2025","70100","MAIN"
"2.264.596.048","003","2025","85599","SECO"
"2.264.596.048","003","2025","70200","MAIN"
"2.264.596.048","003","2025","68110","SECO"
"2.264.596.048","003","2025","64210","SECO"
"2.264.596.048","003","2025","82990","MAIN"
"2.264.596.048","003","2025","68203","SECO"
"2.264.596.048","003","2025","7010001","MAIN"
"2.266.135.873","003","2025","85592","MAIN"
"2.266.135.873","003","2025","85699","SECO"
"2.266.135.873","003","2025","86939","MAIN"
"2.266.135.873","003","2025","85599","MAIN"
"2.266.135.873","003","2025","7220001","MAIN"
"2.266.624.041","003","2025","5225002","MAIN"
"2.266.624.041","003","2025","82990","MAIN"
"2.266.624.041","003","2025","85599","SECO"
"2.266.624.041","003","2025","82100","MAIN"
"2.266.624.041","003","2025","85592","SECO"
"2.266.624.041","003","2025","74301","MAIN"
"2.266.624.041","003","2025","5320011","MAIN"
"2.269.548.986","003","2025","77320","MAIN"
"2.269.548.986","003","2025","4685201","SECO"
"2.269.548.986","003","2025","4776102","SECO"
"2.269.548.986","003","2025","0161006","MAIN"
"2.269.548.986","003","2025","33200","SECO"
"2.269.548.986","003","2025","4612001","SECO"
"2.269.548.986","003","2025","77399","MAIN"
"2.269.548.986","003","2025","46852","SECO"
"2.270.015.972","003","2008","62010","MAIN"
"2.270.015.972","003","2008","73200","MAIN"
"2.270.015.972","003","2008","62090","MAIN"
"2.270.015.972","003","2008","6311001","MAIN"
"2.270.015.972","003","2008","73110","MAIN"
"2.270.015.972","003","2008","6311013","MAIN"
"2.270.015.972","003","2008","63110","MAIN"
"2.270.015.972","003","2008","6311011","MAIN"
"2.270.015.972","003","2025","82100","SECO"
"2.270.015.972","003","2025","1813001","SECO"
"2.270.015.972","003","2025","46190","SECO"
"2.270.015.972","003","2025","73110","MAIN"
"2.270.015.972","003","2025","1813004","SECO"
"2.270.015.972","003","2025","62900","MAIN"
"2.270.015.972","003","2025","7330001","SECO"
"2.270.015.972","003","2025","73120","SECO"
"2.270.015.972","003","2025","70200","SECO"
"2.270.015.972","003","2025","62100","MAIN"
"2.270.015.972","003","2025","73200","MAIN"
"2.270.015.972","003","2025","46180","SECO"
"2.270.015.972","003","2025","82300","SECO"
"2.270.015.972","003","2025","63100","MAIN"
"2.270.015.972","003","2025","18120","SECO"
"2.270.015.972","003","2025","68204","SECO"
"2.270.015.972","003","2025","7010001","SECO"
"2.270.015.972","003","2025","1813005","SECO"
"2.270.015.972","003","2025","62200","SECO"
"2.270.015.972","003","2025","66300","SECO"
"2.270.015.972","003","2025","68203","SECO"
"2.270.015.972","003","2025","82990","SECO"
"2.270.015.972","003","2025","96999","SECO"
"2.270.015.972","003","2025","68201","SECO"
"2.270.015.972","003","2025","73300","SECO"
"2.270.015.972","003","2025","93299","SECO"
"2.270.015.972","003","2025","5621002","SECO"
"2.274.129.267","006","2025","47552","MAIN"
"2.274.129.267","006","2008","47592","MAIN"
"2.274.129.267","003","2008","74109","SECO"
"2.274.129.267","003","2008","4759201","MAIN"
"2.274.129.267","003","2008","4791003","MAIN"
"2.274.129.267","003","2008","27402","SECO"
"2.274.129.267","003","2008","90031","SECO"
"2.274.129.267","003","2008","4614005","MAIN"
"2.274.129.267","003","2008","43211","MAIN"
"2.274.129.267","003","2025","74140","MAIN"
"2.274.129.267","003","2025","7311001","SECO"
"2.274.129.267","003","2025","46431","SECO"
"2.274.129.267","003","2025","46643","SECO"
"2.274.129.267","003","2025","56210","SECO"
"2.274.129.267","003","2025","68121","SECO"
"2.274.129.267","003","2025","4755101","SECO"
"2.274.129.267","003","2025","46494","SECO"
"2.274.129.267","003","2025","4321103","SECO"
"2.274.129.267","003","2025","4222001","SECO"
"2.274.129.267","003","2025","3320001","SECO"
"2.274.129.267","003","2025","4755902","SECO"
"2.274.129.267","003","2025","68203","SECO"
"2.274.129.267","003","2025","47552","MAIN"
"2.274.129.267","003","2025","46500","SECO"
"2.274.129.267","003","2025","4100104","SECO"
"2.274.129.267","003","2025","47540","SECO"
"2.274.129.267","003","2025","82990","SECO"
"2.274.129.267","003","2025","4100102","SECO"
"2.274.129.267","003","2025","4332013","SECO"
"2.274.129.267","003","2025","9311006","SECO"
"2.274.129.267","003","2025","47120","SECO"
"2.274.129.267","003","2025","68110","SECO"
"2.274.129.267","003","2025","43211","MAIN"
"2.274.129.267","003","2025","4755301","SECO"
"2.274.129.267","003","2025","90391","SECO"
"2.274.129.267","003","2025","90130","SECO"
"2.274.129.267","003","2025","47110","SECO"
"2.274.129.267","003","2025","4332009","SECO"
"2.274.129.267","003","2025","82300","SECO"
"2.274.129.267","003","2025","7111103","SECO"
"2.274.129.267","003","2025","46150","SECO"
"2.274.129.267","003","2025","9319901","SECO"
"2.274.129.267","003","2025","5621002","SECO"
"2.274.129.267","003","2025","4753004","SECO"
"2.274.129.267","003","2025","7111104","SECO"
"2.274.129.267","003","2025","43222","SECO"
"2.274.129.267","003","2025","4755901","SECO"
"2.274.129.267","003","2025","74111","SECO"
"2.274.129.267","003","2025","4332006","SECO"
"2.274.129.267","003","2025","33140","SECO"
"2.274.129.267","003","2025","47551","SECO"
"2.274.129.267","003","2025","27402","MAIN"
"2.274.129.267","003","2025","68122","SECO"
"2.274.129.267","003","2025","70200","SECO"
"2.274.129.267","003","2025","4332008","SECO"
"2.274.129.267","003","2025","4614005","MAIN"
"2.274.129.267","003","2025","4332007","SECO"
"2.274.129.267","003","2025","46190","SECO"
"2.274.827.271","003","2008","4618001","SECO"
"2.274.827.271","003","2008","46761","MAIN"
"2.274.827.271","003","2008","4676101","MAIN"
"2.274.827.271","003","2008","82990","MAIN"
"2.274.827.271","003","2008","70220","MAIN"
"2.274.827.271","003","2025","4686102","SECO"
"2.274.827.271","003","2025","82100","SECO"
"2.274.827.271","003","2025","63920","SECO"
"2.274.827.271","003","2025","47251","SECO"
"2.274.827.271","003","2025","82990","MAIN"
"2.274.827.271","003","2025","46180","SECO"
"2.274.827.271","003","2025","46861","MAIN"
"2.274.827.271","003","2025","46341","MAIN"
"2.274.827.271","003","2025","4686101","MAIN"
"2.274.827.271","003","2025","70200","MAIN"
"2.274.837.961","003","2008","82990","SECO"
"2.274.837.961","003","2008","5621001","MAIN"
"2.274.837.961","003","2025","56120","MAIN"
"2.274.837.961","003","2025","5621001","MAIN"
"2.274.837.961","003","2025","82990","SECO"
"2.275.860.124","006","2025","95311","MAIN"
"2.275.860.124","003","2008","45402","MAIN"
"2.275.860.124","003","2008","74201","MAIN"
"2.275.860.124","003","2008","45401","MAIN"
"2.275.860.124","003","2008","45111","MAIN"
"2.275.860.124","003","2008","47591","MAIN"
"2.275.860.124","003","2008","45209","MAIN"
"2.275.860.124","003","2008","45310","MAIN"
"2.275.860.124","003","2008","45202","MAIN"
"2.275.860.124","003","2008","45205","MAIN"
"2.275.860.124","003","2008","45204","MAIN"
"2.275.860.124","003","2008","45203","MAIN"
"2.275.860.124","003","2008","45201","MAIN"
"2.275.860.124","003","2008","45206","MAIN"
"2.275.860.124","003","2008","4791003","MAIN"
"2.275.860.124","003","2008","45112","MAIN"
"2.275.860.124","003","2008","45113","MAIN"
"2.275.860.124","003","2008","47793","MAIN"
"2.275.860.124","003","2008","45320","MAIN"
"2.275.860.124","003","2025","47820","MAIN"
"2.275.860.124","003","2025","95316","MAIN"
"2.275.860.124","003","2025","95311","MAIN"
"2.275.860.124","003","2025","47811","MAIN"
"2.275.860.124","003","2025","46720","MAIN"
"2.275.860.124","003","2025","95315","MAIN"
"2.275.860.124","003","2025","46180","MAIN"
"2.275.860.124","003","2025","46711","MAIN"
"2.275.860.124","003","2025","95319","MAIN"
"2.275.860.124","003","2025","74201","MAIN"
"2.275.860.124","003","2025","95313","MAIN"
"2.275.860.124","003","2025","47789","MAIN"
"2.275.860.124","003","2025","47793","MAIN"
"2.275.860.124","003","2025","95314","MAIN"
"2.275.860.124","003","2025","95312","MAIN"
"2.275.860.124","003","2025","46730","MAIN"
"2.275.860.124","003","2025","47830","MAIN"
"2.275.860.124","003","2025","47551","MAIN"
"2.275.911.097","003","2025","46711","MAIN"
"2.275.911.097","003","2025","47811","MAIN"
"2.275.911.097","003","2025","52210","SECO"
"2.275.964.052","003","2008","43390","MAIN"
"2.275.964.052","003","2008","43120","MAIN"
"2.275.964.052","003","2008","43992","MAIN"
"2.275.964.052","003","2008","43291","MAIN"
"2.275.964.052","003","2008","43993","MAIN"
"2.275.964.052","003","2025","7111302","SECO"
"2.275.964.052","003","2025","81220","MAIN"
"2.275.964.052","003","2025","4399003","SECO"
"2.275.964.052","003","2025","43130","SECO"
"2.275.964.052","003","2025","4342903","SECO"
"2.275.964.052","003","2025","43350","MAIN"
"2.275.964.052","003","2025","43223","MAIN"
"2.275.964.052","003","2025","4221901","SECO"
"2.275.964.052","003","2025","4342901","SECO"
"2.275.964.052","003","2025","43230","MAIN"
"2.275.964.052","003","2025","43120","MAIN"
"2.275.964.052","003","2025","4324003","SECO"
"2.275.964.052","003","2025","9531901","SECO"
"2.275.964.052","003","2025","4391002","SECO"
"2.276.433.810","006","2025","59111","MAIN"
"2.276.433.810","003","2008","59130","SECO"
"2.276.433.810","003","2008","90031","MAIN"
"2.276.433.810","003","2008","74103","SECO"
"2.276.433.810","003","2008","7311004","SECO"
"2.276.433.810","003","2008","5621002","SECO"
"2.276.433.810","003","2008","7311003","MAIN"
"2.276.433.810","003","2008","59113","MAIN"
"2.276.433.810","003","2008","90022","SECO"
"2.276.433.810","003","2008","74201","SECO"
"2.276.433.810","003","2008","90011","SECO"
"2.276.433.810","003","2008","82300","SECO"
"2.276.433.810","003","2008","90029","MAIN"
"2.276.433.810","003","2008","6420011","SECO"
"2.276.433.810","003","2008","70100","SECO"
"2.276.433.810","003","2008","5913004","SECO"
"2.276.433.810","003","2008","82990","SECO"
"2.276.433.810","003","2008","85520","SECO"
"2.276.433.810","003","2008","59112","MAIN"
"2.276.433.810","003","2008","7810021","MAIN"
"2.276.433.810","003","2008","90021","SECO"
"2.276.433.810","003","2008","7729201","SECO"
"2.276.433.810","003","2008","7022001","SECO"
"2.276.433.810","003","2008","59111","MAIN"
"2.276.433.810","003","2008","9004101","MAIN"
"2.276.433.810","003","2008","9329901","SECO"
"2.276.433.810","003","2008","59201","SECO"
"2.276.433.810","003","2008","7021001","SECO"
"2.276.433.810","003","2008","85593","SECO"
"2.276.433.810","003","2008","5913001","SECO"
"2.276.433.810","003","2008","59203","SECO"
"2.276.433.810","003","2008","5911301","SECO"
"2.276.433.810","003","2008","62010","SECO"
"2.276.433.810","003","2008","5913003","MAIN"
"2.276.433.810","003","2008","5911201","MAIN"
"2.276.433.810","003","2025","82990","SECO"
"2.276.433.810","003","2025","9031101","MAIN"
"2.276.433.810","003","2025","59112","MAIN"
"2.276.433.810","003","2025","7330001","SECO"
"2.276.433.810","003","2025","5913003","MAIN"
"2.276.433.810","003","2025","59201","SECO"
"2.276.433.810","003","2025","90392","SECO"
"2.276.433.810","003","2025","5913001","SECO"
"2.276.433.810","003","2025","85520","SECO"
"2.276.433.810","003","2025","74201","SECO"
"2.276.433.810","003","2025","70100","SECO"
"2.276.433.810","003","2025","59113","MAIN"
"2.276.433.810","003","2025","90391","SECO"
"2.276.433.810","003","2025","59111","MAIN"
"2.276.433.810","003","2025","7810006","MAIN"
"2.276.433.810","003","2025","74120","SECO"
"2.276.433.810","003","2025","59130","SECO"
"2.276.433.810","003","2025","5621002","SECO"
"2.276.433.810","003","2025","5911201","MAIN"
"2.276.433.810","003","2025","90111","MAIN"
"2.276.433.810","003","2025","7311004","SECO"
"2.276.433.810","003","2025","82300","SECO"
"2.276.433.810","003","2025","7010001","SECO"
"2.276.433.810","003","2025","7020001","SECO"
"2.276.433.810","003","2025","59203","SECO"
"2.276.433.810","003","2025","9329901","SECO"
"2.276.433.810","003","2025","7311003","MAIN"
"2.276.433.810","003","2025","7491001","SECO"
"2.276.433.810","003","2025","90399","MAIN"
"2.276.433.810","003","2025","5911301","SECO"
"2.276.433.810","003","2025","77222","SECO"
"2.276.433.810","003","2025","90201","SECO"
"2.276.433.810","003","2025","62100","SECO"
"2.276.433.810","003","2025","85593","SECO"
"2.277.319.082","006","2025","70100","MAIN"
"2.277.319.082","006","2008","70100","MAIN"
"2.277.319.082","003","2008","70100","MAIN"
"2.277.319.082","003","2008","7022001","MAIN"
"2.277.319.082","003","2008","6420011","MAIN"
"2.277.319.082","003","2008","82990","MAIN"
"2.277.319.082","003","2025","7010001","MAIN"
"2.277.319.082","003","2025","82990","MAIN"
"2.277.319.082","003","2025","68202","MAIN"
"2.277.319.082","003","2025","70100","MAIN"
"2.277.319.082","003","2025","7020001","MAIN"
"2.277.644.627","003","2025","86963","SECO"
"2.277.644.627","003","2025","86951","SECO"
"2.277.644.627","003","2025","70200","MAIN"
"2.277.644.627","003","2025","82990","SECO"
"2.278.459.229","003","2008","4291102","MAIN"
"2.278.459.229","003","2008","8130001","MAIN"
"2.278.459.229","003","2008","4332003","MAIN"
"2.278.459.229","003","2008","0161006","MAIN"
"2.278.459.229","003","2008","8130002","MAIN"
"2.278.459.229","003","2008","4312001","MAIN"
"2.278.459.229","003","2008","02200","MAIN"
"2.278.459.229","003","2008","4332013","MAIN"
"2.278.459.229","003","2008","43999","MAIN"
"2.278.459.229","003","2008","4312003","MAIN"
"2.278.459.229","003","2008","4211001","MAIN"
"2.278.459.229","003","2008","4312011","MAIN"
"2.278.459.229","003","2008","0161004","MAIN"
"2.278.459.229","003","2008","0161003","MAIN"
"2.278.459.229","003","2008","02100","MAIN"
"2.278.459.229","003","2008","0161001","MAIN"
"2.278.459.229","003","2025","4332008","MAIN"
"2.278.459.229","003","2025","8130002","MAIN"
"2.278.459.229","003","2025","8130001","MAIN"
"2.278.459.229","003","2025","4291102","MAIN"
"2.278.459.229","003","2025","0161001","MAIN"
"2.278.459.229","003","2025","4312003","MAIN"
"2.278.459.229","003","2025","4312001","MAIN"
"2.278.459.229","003","2025","0161003","MAIN"
"2.278.459.229","003","2025","0161006","MAIN"
"2.278.459.229","003","2025","0161004","MAIN"
"2.278.459.229","003","2025","4312005","MAIN"
"2.278.459.229","003","2025","4211001","MAIN"
"2.278.459.229","003","2025","02200","MAIN"
"2.278.459.229","003","2025","02100","MAIN"
"2.278.459.229","003","2025","4332003","MAIN"
"2.278.459.229","003","2025","43990","MAIN"
"2.279.301.743","003","2025","81300","MAIN"
"2.279.301.743","003","2025","4335002","MAIN"
"2.279.301.743","003","2025","43221","MAIN"
"2.279.301.743","003","2025","43341","MAIN"
"2.279.301.743","003","2025","43320","MAIN"
"2.279.828.909","003","2008","41201","MAIN"
"2.279.828.909","003","2008","43333","MAIN"
"2.279.828.909","003","2008","43320","MAIN"
"2.279.828.909","003","2008","4399401","MAIN"
"2.279.828.909","003","2008","4329904","MAIN"
"2.279.828.909","003","2025","4341003","SECO"
"2.279.828.909","003","2025","4342901","SECO"
"2.279.828.909","003","2025","41002","SECO"
"2.279.828.909","003","2025","43320","MAIN"
"2.279.828.909","003","2025","4333101","SECO"
"2.279.828.909","003","2025","4341002","SECO"
"2.279.828.909","003","2025","43421","SECO"
"2.279.828.909","003","2025","4332013","SECO"
"2.279.828.909","003","2025","43310","SECO"
"2.279.828.909","003","2025","4324003","SECO"
"2.279.828.909","003","2025","4399003","SECO"
"2.279.828.909","003","2025","4100101","SECO"
"2.279.828.909","003","2025","4312001","SECO"
"2.279.828.909","003","2025","8122011","SECO"
"2.279.828.909","003","2025","4399002","SECO"
"2.279.828.909","003","2025","41003","SECO"
"2.279.828.909","003","2025","43341","SECO"
"2.279.828.909","003","2025","43230","SECO"
"2.279.828.909","003","2025","4331001","SECO"
"2.279.828.909","003","2025","4312005","SECO"
"2.279.828.909","003","2025","43410","SECO"
"2.279.828.909","003","2025","4100104","SECO"
"2.279.828.909","003","2025","81210","SECO"
"2.279.828.909","003","2025","43343","SECO"
"2.279.828.909","003","2025","82990","SECO"
"2.279.828.909","003","2025","4100103","SECO"
"2.279.828.909","003","2025","41001","MAIN"
"2.279.828.909","003","2025","4312003","SECO"
"2.279.828.909","003","2025","4324004","MAIN"
"2.279.828.909","003","2025","4333201","SECO"
"2.279.828.909","003","2025","4100102","SECO"
"2.279.828.909","003","2025","4333301","SECO"
"2.279.828.909","003","2025","43422","SECO"
"2.279.828.909","003","2025","4391002","SECO"
"2.279.828.909","003","2025","4341001","SECO"
"2.279.828.909","003","2025","4324001","SECO"
"2.279.828.909","003","2025","96999","SECO"
"2.279.828.909","003","2025","4391001","MAIN"
"2.279.828.909","003","2025","8122003","SECO"
"2.279.828.909","003","2025","81230","SECO"
"2.279.828.909","003","2025","43333","MAIN"
"2.279.828.909","003","2025","43990","SECO"
"2.279.828.909","003","2025","43331","SECO"
"2.281.339.832","006","2025","20420","MAIN"
"2.281.339.832","003","2008","4646001","MAIN"
"2.281.339.832","003","2008","4646002","MAIN"
"2.281.339.832","003","2008","2042002","MAIN"
"2.281.339.832","003","2008","82990","MAIN"
"2.281.339.832","003","2008","46450","MAIN"
"2.281.339.832","003","2008","32500","MAIN"
"2.281.339.832","003","2025","32500","MAIN"
"2.281.339.832","003","2025","2042002","MAIN"
"2.281.339.832","003","2025","46450","MAIN"
"2.281.339.832","003","2025","4646002","MAIN"
"2.281.339.832","003","2025","4646001","MAIN"
"2.281.339.832","003","2025","82990","MAIN"
"2.281.355.272","003","2008","82990","MAIN"
"2.281.355.272","003","2008","85599","MAIN"
"2.281.355.272","003","2025","85599","MAIN"
"2.281.355.272","003","2025","85592","MAIN"
"2.281.355.272","003","2025","82990","MAIN"
"2.281.355.272","003","2025","23410","MAIN"
"2.281.355.272","003","2025","70200","MAIN"
"2.283.280.624","006","2025","70200","MAIN"
"2.283.280.624","003","2008","62090","MAIN"
"2.283.280.624","003","2008","7022001","MAIN"
"2.283.280.624","003","2008","70220","MAIN"
"2.283.280.624","003","2008","86904","MAIN"
"2.283.280.624","003","2008","82110","MAIN"
"2.283.280.624","003","2008","82990","MAIN"
"2.283.280.624","003","2008","70210","MAIN"
"2.283.280.624","003","2008","96099","MAIN"
"2.283.280.624","003","2008","74909","MAIN"
"2.283.280.624","003","2025","70200","MAIN"
"2.283.280.624","003","2025","82990","MAIN"
"2.283.280.624","003","2025","74999","MAIN"
"2.283.280.624","003","2025","82100","MAIN"
"2.283.280.624","003","2025","73300","MAIN"
"2.283.280.624","003","2025","96999","MAIN"
"2.283.280.624","003","2025","62900","MAIN"
"2.283.280.624","003","2025","7020001","MAIN"
"2.283.280.624","003","2025","86931","MAIN"
"2.285.631.784","003","2008","7021002","MAIN"
"2.285.631.784","003","2008","6420011","MAIN"
"2.285.631.784","003","2008","70220","MAIN"
"2.285.631.784","003","2008","82990","MAIN"
"2.285.631.784","003","2008","7022001","MAIN"
"2.285.631.784","003","2008","6910901","MAIN"
"2.285.631.784","003","2025","68203","SECO"
"2.285.631.784","003","2025","85599","SECO"
"2.285.631.784","003","2025","7010001","MAIN"
"2.285.631.784","003","2025","82990","MAIN"
"2.285.631.784","003","2025","70200","MAIN"
"2.285.631.784","003","2025","69109","MAIN"
"2.285.631.784","003","2025","68201","SECO"
"2.285.631.784","003","2025","7020001","MAIN"
"2.286.119.853","003","2008","68321","MAIN"
"2.286.119.853","003","2008","68311","MAIN"
"2.286.119.853","003","2008","41101","MAIN"
"2.286.119.853","003","2008","68312","MAIN"
"2.286.119.853","003","2008","68322","MAIN"
"2.286.119.853","003","2008","6831201","MAIN"
"2.286.119.853","003","2008","6831101","MAIN"
"2.286.119.853","003","2025","68310","MAIN"
"2.286.119.853","003","2025","68321","MAIN"
"2.286.119.853","003","2025","6831001","MAIN"
"2.286.119.853","003","2025","68122","SECO"
"2.286.119.853","003","2025","68121","MAIN"
"2.286.119.853","003","2025","81100","SECO"
"2.286.119.853","003","2025","68322","MAIN"
"2.286.119.853","003","2025","46180","SECO"
"2.286.400.262","006","2025","43222","MAIN"
"2.286.400.262","006","2008","43222","MAIN"
"2.286.400.262","003","2008","81220","MAIN"
"2.286.400.262","003","2008","43222","MAIN"
"2.286.400.262","003","2008","68100","MAIN"
"2.286.400.262","003","2008","3312011","MAIN"
"2.286.400.262","003","2008","70220","MAIN"
"2.286.400.262","003","2008","74909","MAIN"
"2.286.400.262","003","2008","82990","MAIN"
"2.286.400.262","003","2008","63990","MAIN"
"2.286.400.262","003","2008","7022001","MAIN"
"2.286.400.262","003","2008","6420011","MAIN"
"2.286.400.262","003","2025","7010001","SECO"
"2.286.400.262","003","2025","3312003","SECO"
"2.286.400.262","003","2025","64210","MAIN"
"2.286.400.262","003","2025","43222","SECO"
"2.286.400.262","003","2025","82990","MAIN"
"2.286.400.262","003","2025","81220","SECO"
"2.286.400.262","003","2025","7020001","SECO"
"2.286.400.262","003","2025","68110","SECO"
"2.286.400.262","003","2025","70200","MAIN"
"2.286.400.262","003","2025","74999","MAIN"
"2.286.400.262","003","2025","63920","MAIN"
"2.289.046.283","006","2025","56111","MAIN"
"2.289.046.283","003","2008","4638902","MAIN"
"2.289.046.283","003","2008","4721011","MAIN"
"2.289.046.283","003","2008","4729902","MAIN"
"2.289.046.283","003","2008","5621001","MAIN"
"2.289.046.283","003","2008","7111104","MAIN"
"2.289.046.283","003","2008","4729903","MAIN"
"2.289.046.283","003","2008","82990","MAIN"
"2.289.046.283","003","2008","4778601","MAIN"
"2.289.046.283","003","2008","82110","MAIN"
"2.289.046.283","003","2008","56210","MAIN"
"2.289.046.283","003","2008","33120","MAIN"
"2.289.046.283","003","2008","4639101","MAIN"
"2.289.046.283","003","2008","5621002","MAIN"
"2.289.046.283","003","2008","47252","MAIN"
"2.289.046.283","003","2008","96099","MAIN"
"2.289.046.283","003","2008","46349","MAIN"
"2.289.046.283","003","2008","4726001","MAIN"
"2.289.046.283","003","2008","4329903","MAIN"
"2.289.046.283","003","2008","90023","MAIN"
"2.289.046.283","003","2008","6820301","MAIN"
"2.289.046.283","003","2025","82100","MAIN"
"2.289.046.283","003","2025","4324003","MAIN"
"2.289.046.283","003","2025","4727902","MAIN"
"2.289.046.283","003","2025","4727903","MAIN"
"2.289.046.283","003","2025","47252","MAIN"
"2.289.046.283","003","2025","82990","MAIN"
"2.289.046.283","003","2025","47260","MAIN"
"2.289.046.283","003","2025","33120","MAIN"
"2.289.046.283","003","2025","7111104","MAIN"
"2.289.046.283","003","2025","5621001","MAIN"
"2.289.046.283","003","2025","4778401","MAIN"
"2.289.046.283","003","2025","4639101","MAIN"
"2.289.046.283","003","2025","5621002","MAIN"
"2.289.046.283","003","2025","96999","MAIN"
"2.289.046.283","003","2025","4721002","MAIN"
"2.289.046.283","003","2025","46349","MAIN"
"2.289.046.283","003","2025","90393","MAIN"
"2.289.046.283","003","2025","6820301","MAIN"
"2.289.046.283","003","2025","56210","MAIN"
"2.289.046.283","003","2025","4638902","MAIN"
"2.290.054.291","006","2025","81230","MAIN"
"2.290.054.291","003","2008","4291102","MAIN"
"2.290.054.291","003","2025","4291102","MAIN"
"2.292.665.967","003","2025","46150","MAIN"
"2.292.665.967","003","2025","46421","MAIN"
"2.292.665.967","003","2025","46423","MAIN"
"2.292.665.967","003","2025","68121","MAIN"
"2.292.665.967","003","2025","47711","MAIN"
"2.292.665.967","003","2025","47715","MAIN"
"2.292.665.967","003","2025","47553","MAIN"
"2.292.665.967","003","2025","68322","MAIN"
"2.292.665.967","003","2025","82300","MAIN"
"2.292.665.967","003","2025","4769021","MAIN"
"2.292.665.967","003","2025","47716","MAIN"
"2.292.665.967","003","2025","82990","MAIN"
"2.292.665.967","003","2025","46422","MAIN"
"2.292.665.967","003","2025","47712","MAIN"
"2.292.665.967","003","2025","68321","MAIN"
"2.292.665.967","003","2025","74130","MAIN"
"2.292.665.967","003","2025","47551","MAIN"
"2.292.665.967","003","2025","47690","MAIN"
"2.292.665.967","003","2025","68201","MAIN"
"2.292.665.967","003","2025","85599","SECO"
"2.292.665.967","003","2025","70200","MAIN"
"2.292.665.967","003","2025","46424","MAIN"
"2.292.665.967","003","2025","46180","MAIN"
"2.292.665.967","003","2025","4712021","MAIN"
"2.292.665.967","003","2025","68310","MAIN"
"2.292.665.967","003","2025","47789","MAIN"
"2.292.665.967","003","2025","6811001","SECO"
"2.292.665.967","003","2025","43990","MAIN"
"2.292.665.967","003","2025","71112","MAIN"
"2.292.665.967","003","2025","4755902","MAIN"
"2.293.260.538","003","2008","8690501","MAIN"
"2.293.260.538","003","2025","86965","MAIN"
"2.293.260.538","003","2025","86951","MAIN"
"2.294.533.911","003","2008","70220","MAIN"
"2.294.533.911","003","2025","70200","MAIN"
"2.295.721.962","003","2008","90012","MAIN"
"2.295.721.962","003","2008","85520","MAIN"
"2.295.721.962","003","2025","90391","MAIN"
"2.295.721.962","003","2025","90399","SECO"
"2.295.721.962","003","2025","90130","SECO"
"2.295.721.962","003","2025","85520","MAIN"
"2.295.721.962","003","2025","90112","MAIN"
"2.295.721.962","003","2025","85599","SECO"
"2.295.721.962","003","2025","90201","MAIN"
"2.295.721.962","003","2025","90202","MAIN"
"2.298.593.162","003","2008","70220","MAIN"
"2.298.593.162","003","2025","28990","MAIN"
"2.298.593.162","003","2025","90392","SECO"
"2.298.593.162","003","2025","70200","MAIN"
"2.298.593.162","003","2025","33200","MAIN"
"2.298.593.162","003","2025","90393","MAIN"
"2.298.593.162","003","2025","93210","MAIN"
"2.298.593.162","003","2025","93299","SECO"
"2.298.593.162","003","2025","71122","SECO"
"2.298.593.162","003","2025","62100","SECO"
"2.300.330.056","006","2025","41001","MAIN"
"2.300.330.056","003","2008","4932002","MAIN"
"2.300.330.056","003","2008","23650","MAIN"
"2.300.330.056","003","2008","43910","MAIN"
"2.300.330.056","003","2008","4332012","MAIN"
"2.300.330.056","003","2008","43331","MAIN"
"2.300.330.056","003","2008","4321101","MAIN"
"2.300.330.056","003","2008","43221","MAIN"
"2.300.330.056","003","2008","4332005","MAIN"
"2.300.330.056","003","2008","31010","MAIN"
"2.300.330.056","003","2008","4120121","MAIN"
"2.300.330.056","003","2008","4334201","MAIN"
"2.300.330.056","003","2008","43310","MAIN"
"2.300.330.056","003","2008","4332013","MAIN"
"2.300.330.056","003","2008","2370001","MAIN"
"2.300.330.056","003","2008","1621001","MAIN"
"2.300.330.056","003","2008","31099","MAIN"
"2.300.330.056","003","2008","4332014","MAIN"
"2.300.330.056","003","2008","2331001","MAIN"
"2.300.330.056","003","2008","1610001","MAIN"
"2.300.330.056","003","2008","4332015","MAIN"
"2.300.330.056","003","2008","1621002","MAIN"
"2.300.330.056","003","2008","4120301","MAIN"
"2.300.330.056","003","2008","3311001","MAIN"
"2.300.330.056","003","2008","4120101","MAIN"
"2.300.330.056","003","2008","23510","MAIN"
"2.300.330.056","003","2008","4332021","MAIN"
"2.300.330.056","003","2008","4311001","MAIN"
"2.300.330.056","003","2008","16100","MAIN"
"2.300.330.056","003","2008","43343","MAIN"
"2.300.330.056","003","2008","2370002","MAIN"
"2.300.330.056","003","2008","16210","MAIN"
"2.300.330.056","003","2008","1610011","MAIN"
"2.300.330.056","003","2008","4334101","MAIN"
"2.300.330.056","003","2008","4329911","MAIN"
"2.300.330.056","003","2008","43211","MAIN"
"2.300.330.056","003","2008","41203","MAIN"
"2.300.330.056","003","2008","4332011","MAIN"
"2.300.330.056","003","2008","4331001","MAIN"
"2.300.330.056","003","2008","43212","MAIN"
"2.300.330.056","003","2008","4932001","MAIN"
"2.300.330.056","003","2008","43320","MAIN"
"2.300.330.056","003","2008","23690","MAIN"
"2.300.330.056","003","2008","23610","MAIN"
"2.300.330.056","003","2008","4391003","MAIN"
"2.300.330.056","003","2008","4399905","MAIN"
"2.300.330.056","003","2008","16230","MAIN"
"2.300.330.056","003","2008","4322201","MAIN"
"2.300.330.056","003","2008","33110","MAIN"
"2.300.330.056","003","2008","23310","MAIN"
"2.300.330.056","003","2008","43333","MAIN"
"2.300.330.056","003","2008","4399601","MAIN"
"2.300.330.056","003","2008","33140","MAIN"
"2.300.330.056","003","2008","43341","MAIN"
"2.300.330.056","003","2008","4333101","MAIN"
"2.300.330.056","003","2008","4399903","MAIN"
"2.300.330.056","003","2008","49320","MAIN"
"2.300.330.056","003","2008","2365002","MAIN"
"2.300.330.056","003","2008","4399101","MAIN"
"2.300.330.056","003","2008","4333201","MAIN"
"2.300.330.056","003","2008","4322101","MAIN"
"2.300.330.056","003","2008","4399904","MAIN"
"2.300.330.056","003","2008","4322202","MAIN"
"2.300.330.056","003","2008","4399911","MAIN"
"2.300.330.056","003","2008","4399402","MAIN"
"2.300.330.056","003","2008","43996","MAIN"
"2.300.330.056","003","2008","9522001","MAIN"
"2.300.330.056","003","2008","4332016","MAIN"
"2.300.330.056","003","2008","3320011","MAIN"
"2.300.330.056","003","2008","4332001","MAIN"
"2.300.330.056","003","2008","43110","MAIN"
"2.300.330.056","003","2008","43991","MAIN"
"2.300.330.056","003","2008","43332","MAIN"
"2.300.330.056","003","2008","1610003","MAIN"
"2.300.330.056","003","2008","4399901","MAIN"
"2.300.330.056","003","2008","43222","MAIN"
"2.300.330.056","003","2008","39000","MAIN"
"2.300.330.056","003","2008","4399111","MAIN"
"2.300.330.056","003","2008","1610004","MAIN"
"2.300.330.056","003","2008","4399401","MAIN"
"2.300.330.056","003","2008","4332002","MAIN"
"2.300.330.056","003","2008","2361001","MAIN"
"2.300.330.056","003","2008","43994","MAIN"
"2.300.330.056","003","2008","31020","MAIN"
"2.300.330.056","003","2008","4332003","MAIN"
"2.300.330.056","003","2008","4322211","MAIN"
"2.300.330.056","003","2008","4321103","MAIN"
"2.300.330.056","003","2008","4329902","MAIN"
"2.300.330.056","003","2008","4391002","MAIN"
"2.300.330.056","003","2008","4332031","MAIN"
"2.300.330.056","003","2008","23700","MAIN"
"2.300.330.056","003","2008","4391001","MAIN"
"2.300.330.056","003","2008","4332004","MAIN"
"2.300.330.056","003","2025","16110","MAIN"
"2.300.330.056","003","2025","1621001","MAIN"
"2.300.330.056","003","2025","4324005","MAIN"
"2.300.330.056","003","2025","4341002","MAIN"
"2.300.330.056","003","2025","4311001","MAIN"
"2.300.330.056","003","2025","2370002","MAIN"
"2.300.330.056","003","2025","4332006","MAIN"
"2.300.330.056","003","2025","4341003","MAIN"
"2.300.330.056","003","2025","4341011","MAIN"
"2.300.330.056","003","2025","49330","MAIN"
"2.300.330.056","003","2025","43310","MAIN"
"2.300.330.056","003","2025","3320001","MAIN"
"2.300.330.056","003","2025","4332013","MAIN"
"2.300.330.056","003","2025","4321103","MAIN"
"2.300.330.056","003","2025","43222","MAIN"
"2.300.330.056","003","2025","4332007","MAIN"
"2.300.330.056","003","2025","43332","MAIN"
"2.300.330.056","003","2025","4332008","MAIN"
"2.300.330.056","003","2025","43910","MAIN"
"2.300.330.056","003","2025","4342901","MAIN"
"2.300.330.056","003","2025","31002","MAIN"
"2.300.330.056","003","2025","1621002","MAIN"
"2.300.330.056","003","2025","4321101","MAIN"
"2.300.330.056","003","2025","4332009","MAIN"
"2.300.330.056","003","2025","4342902","MAIN"
"2.300.330.056","003","2025","2370001","MAIN"
"2.300.330.056","003","2025","43223","MAIN"
"2.300.330.056","003","2025","31001","MAIN"
"2.300.330.056","003","2025","4391001","MAIN"
"2.300.330.056","003","2025","4333101","MAIN"
"2.300.330.056","003","2025","2361001","MAIN"
"2.300.330.056","003","2025","23510","MAIN"
"2.300.330.056","003","2025","4324002","MAIN"
"2.300.330.056","003","2025","23660","MAIN"
"2.300.330.056","003","2025","4322101","MAIN"
"2.300.330.056","003","2025","39000","MAIN"
"2.300.330.056","003","2025","43333","MAIN"
"2.300.330.056","003","2025","4332002","MAIN"
"2.300.330.056","003","2025","4332003","MAIN"
"2.300.330.056","003","2025","43221","MAIN"
"2.300.330.056","003","2025","33110","MAIN"
"2.300.330.056","003","2025","43331","MAIN"
"2.300.330.056","003","2025","43110","MAIN"
"2.300.330.056","003","2025","23700","MAIN"
"2.300.330.056","003","2025","1611001","MAIN"
"2.300.330.056","003","2025","4332004","MAIN"
"2.300.330.056","003","2025","43421","MAIN"
"2.300.330.056","003","2025","31009","MAIN"
"2.300.330.056","003","2025","9522001","MAIN"
"2.300.330.056","003","2025","43422","MAIN"
"2.300.330.056","003","2025","4341001","MAIN"
"2.300.330.056","003","2025","4391002","MAIN"
"2.300.330.056","003","2025","23310","MAIN"
"2.300.330.056","003","2025","4332005","MAIN"
"2.300.330.056","003","2025","4342101","MAIN"
"2.300.330.056","003","2025","1611003","MAIN"
"2.300.330.056","003","2025","33140","MAIN"
"2.300.330.056","003","2025","4322202","MAIN"
"2.300.330.056","003","2025","4933002","MAIN"
"2.300.330.056","003","2025","4399004","MAIN"
"2.300.330.056","003","2025","4333201","MAIN"
"2.300.330.056","003","2025","4933001","MAIN"
"2.300.330.056","003","2025","4332001","MAIN"
"2.300.330.056","003","2025","23610","MAIN"
"2.300.330.056","003","2025","4322201","MAIN"
"2.300.330.056","003","2025","41003","MAIN"
"2.300.330.056","003","2025","16230","MAIN"
"2.300.330.056","003","2025","43410","MAIN"
"2.300.330.056","003","2025","2365002","MAIN"
"2.300.330.056","003","2025","4322203","MAIN"
"2.300.330.056","003","2025","4399002","MAIN"
"2.300.330.056","003","2025","43343","MAIN"
"2.300.330.056","003","2025","4100105","MAIN"
"2.300.330.056","003","2025","43341","MAIN"
"2.300.330.056","003","2025","2331001","MAIN"
"2.300.330.056","003","2025","1612001","MAIN"
"2.300.330.056","003","2025","4332010","MAIN"
"2.300.330.056","003","2025","4342903","MAIN"
"2.300.330.056","003","2025","4334201","MAIN"
"2.300.330.056","003","2025","16210","MAIN"
"2.300.330.056","003","2025","4331001","MAIN"
"2.300.330.056","003","2025","23650","MAIN"
"2.300.330.056","003","2025","4332012","MAIN"
"2.300.330.056","003","2025","4334101","MAIN"
"2.300.330.056","003","2025","4100101","MAIN"
"2.300.330.056","003","2025","43212","MAIN"
"2.300.330.056","003","2025","1612002","MAIN"
"2.300.330.056","003","2025","43211","MAIN"
"2.300.330.056","003","2025","43320","MAIN"
"2.300.330.056","003","2025","4100301","MAIN"
"2.300.330.056","003","2025","4332011","MAIN"
"2.302.139.602","006","2025","43211","MAIN"
"2.302.139.602","003","2008","43211","MAIN"
"2.302.139.602","003","2008","41201","MAIN"
"2.302.139.602","003","2008","43110","MAIN"
"2.302.139.602","003","2008","4322101","MAIN"
"2.302.139.602","003","2008","4329903","MAIN"
"2.302.139.602","003","2008","4399901","MAIN"
"2.302.139.602","003","2008","4399904","MAIN"
"2.302.139.602","003","2008","4399903","MAIN"
"2.302.139.602","003","2008","4120121","MAIN"
"2.302.139.602","003","2008","4321102","MAIN"
"2.302.139.602","003","2008","4321101","MAIN"
"2.302.139.602","003","2008","43221","MAIN"
"2.302.139.602","003","2008","41203","MAIN"
"2.302.139.602","003","2008","43994","MAIN"
"2.302.139.602","003","2008","4120101","MAIN"
"2.302.139.602","003","2008","43999","MAIN"
"2.302.139.602","003","2025","4342902","MAIN"
"2.302.139.602","003","2025","4342901","MAIN"
"2.302.139.602","003","2025","4322101","MAIN"
"2.302.139.602","003","2025","4100101","MAIN"
"2.302.139.602","003","2025","43110","MAIN"
"2.302.139.602","003","2025","4321102","MAIN"
"2.302.139.602","003","2025","43221","MAIN"
"2.302.139.602","003","2025","43990","MAIN"
"2.302.139.602","003","2025","4100105","MAIN"
"2.302.139.602","003","2025","4321101","MAIN"
"2.302.139.602","003","2025","43910","MAIN"
"2.302.139.602","003","2025","4324003","MAIN"
"2.302.139.602","003","2025","41001","MAIN"
"2.302.139.602","003","2025","43211","MAIN"
"2.302.139.602","003","2025","41003","MAIN"
"2.302.139.602","003","2025","4342903","MAIN"
"2.303.272.621","003","2008","9604003","MAIN"
"2.303.272.621","003","2008","9602201","MAIN"
"2.303.272.621","003","2008","9602202","MAIN"
"2.303.272.621","003","2008","9602203","MAIN"
"2.303.272.621","003","2008","96022","MAIN"
"2.303.272.621","003","2025","85510","SECO"
"2.303.272.621","003","2025","96220","MAIN"
"2.303.272.621","003","2025","9622003","MAIN"
"2.303.272.621","003","2025","47715","SECO"
"2.303.272.621","003","2025","9622002","MAIN"
"2.303.272.621","003","2025","9623002","MAIN"
"2.303.272.621","003","2025","4777002","SECO"
"2.303.272.621","003","2025","9622001","MAIN"
"2.303.272.621","003","2025","93199","SECO"
"2.303.272.621","003","2025","47750","SECO"
"2.303.272.621","003","2025","4778402","SECO"
"2.303.715.950","003","2025","73120","SECO"
"2.303.715.950","003","2025","82300","SECO"
"2.303.715.950","003","2025","73300","MAIN"
"2.303.715.950","003","2025","73200","SECO"
"2.303.715.950","003","2025","93199","SECO"
"2.303.715.950","003","2025","70200","MAIN"
"2.303.715.950","003","2025","85599","MAIN"
"2.303.739.112","006","2025","43211","MAIN"
"2.303.739.112","003","2008","6420011","MAIN"
"2.303.739.112","003","2008","64200","MAIN"
"2.303.739.112","003","2008","33110","MAIN"
"2.303.739.112","003","2008","90032","MAIN"
"2.303.739.112","003","2008","90022","MAIN"
"2.303.739.112","003","2008","4321103","MAIN"
"2.303.739.112","003","2008","3320001","MAIN"
"2.303.739.112","003","2008","77392","MAIN"
"2.303.739.112","003","2008","47540","MAIN"
"2.303.739.112","003","2008","80200","MAIN"
"2.303.739.112","003","2008","82990","MAIN"
"2.303.739.112","003","2008","77292","MAIN"
"2.303.739.112","003","2008","90023","MAIN"
"2.303.739.112","003","2008","90021","MAIN"
"2.303.739.112","003","2008","43212","MAIN"
"2.303.739.112","003","2008","62020","MAIN"
"2.303.739.112","003","2008","77399","MAIN"
"2.303.739.112","003","2008","8010001","MAIN"
"2.303.739.112","003","2008","43211","MAIN"
"2.303.739.112","003","2008","6420012","MAIN"
"2.303.739.112","003","2025","33200","MAIN"
"2.303.739.112","003","2025","90120","MAIN"
"2.303.739.112","003","2025","62200","MAIN"
"2.303.739.112","003","2025","77399","MAIN"
"2.303.739.112","003","2025","43211","MAIN"
"2.303.739.112","003","2025","64210","MAIN"
"2.303.739.112","003","2025","90393","MAIN"
"2.303.739.112","003","2025","43212","MAIN"
"2.303.739.112","003","2025","90392","MAIN"
"2.303.739.112","003","2025","7010001","MAIN"
"2.303.739.112","003","2025","80090","MAIN"
"2.303.739.112","003","2025","33110","MAIN"
"2.303.739.112","003","2025","90391","MAIN"
"2.303.739.112","003","2025","4321103","MAIN"
"2.303.739.112","003","2025","47540","MAIN"
"2.303.739.112","003","2025","77222","MAIN"
"2.303.739.112","003","2025","8001001","MAIN"
"2.303.739.112","003","2025","77392","MAIN"
"2.303.739.112","003","2025","82990","MAIN"
"2.304.304.086","003","2008","47592","MAIN"
"2.304.304.086","003","2008","4759201","MAIN"
"2.304.304.086","003","2008","43212","MAIN"
"2.304.304.086","003","2008","43211","MAIN"
"2.304.304.086","003","2008","7112101","MAIN"
"2.304.304.086","003","2008","4614005","MAIN"
"2.304.304.086","003","2025","47552","MAIN"
"2.304.304.086","003","2025","4643102","SECO"
"2.304.304.086","003","2025","46500","SECO"
"2.304.304.086","003","2025","47540","SECO"
"2.304.304.086","003","2025","46130","SECO"
"2.304.304.086","003","2025","4321101","SECO"
"2.304.304.086","003","2025","4321201","SECO"
"2.304.304.086","003","2025","4643101","SECO"
"2.304.304.086","003","2025","46831","SECO"
"2.304.304.086","003","2025","46474","SECO"
"2.304.304.086","003","2025","4321102","SECO"
"2.304.304.086","003","2025","4614005","MAIN"
"2.304.304.086","003","2025","43211","MAIN"
"2.304.304.086","003","2025","7112101","MAIN"
"2.304.304.086","003","2025","4321103","SECO"
"2.304.304.086","003","2025","95210","SECO"
"2.304.304.086","003","2025","46431","SECO"
"2.304.304.086","003","2025","43212","MAIN"
"2.304.304.086","003","2025","47521","SECO"
"2.304.304.086","003","2025","46150","SECO"
"2.304.304.086","003","2025","4684101","SECO"
"2.304.304.086","003","2025","46643","SECO"
"2.304.627.552","003","2008","1419901","MAIN"
"2.304.627.552","003","2008","46180","MAIN"
"2.304.627.552","003","2008","46160","MAIN"
"2.304.627.552","003","2008","4619001","MAIN"
"2.304.627.552","003","2008","4618001","MAIN"
"2.304.627.552","003","2008","1511003","MAIN"
"2.304.627.552","003","2025","46180","MAIN"
"2.304.627.552","003","2025","56210","SECO"
"2.304.627.552","003","2025","95230","SECO"
"2.304.627.552","003","2025","1511003","MAIN"
"2.304.627.552","003","2025","46160","MAIN"
"2.304.627.552","003","2025","4619001","MAIN"
"2.304.627.552","003","2025","1429901","MAIN"
"2.305.544.203","003","2025","86940","MAIN"
"2.305.544.203","003","2025","96220","MAIN"
"2.305.544.203","003","2025","96992","MAIN"
"2.306.963.965","006","2025","49330","MAIN"
"2.306.963.965","003","2008","62010","MAIN"
"2.306.963.965","003","2008","62090","MAIN"
"2.306.963.965","003","2008","49320","MAIN"
"2.306.963.965","003","2008","62020","MAIN"
"2.306.963.965","003","2008","4932002","MAIN"
"2.306.963.965","003","2008","49390","MAIN"
"2.306.963.965","003","2008","62030","MAIN"
"2.306.963.965","003","2008","95110","MAIN"
"2.306.963.965","003","2025","4933002","MAIN"
"2.306.963.965","003","2025","95100","MAIN"
"2.306.963.965","003","2025","62200","MAIN"
"2.306.963.965","003","2025","49330","MAIN"
"2.306.963.965","003","2025","62900","MAIN"
"2.306.963.965","003","2025","49320","MAIN"
"2.306.963.965","003","2025","62100","MAIN"
"2.308.449.649","003","2008","46425","MAIN"
"2.308.449.649","003","2008","47711","MAIN"
"2.308.449.649","003","2008","7021001","MAIN"
"2.308.449.649","003","2008","47722","MAIN"
"2.308.449.649","003","2008","47715","MAIN"
"2.308.449.649","003","2008","47716","MAIN"
"2.308.449.649","003","2008","47721","MAIN"
"2.308.449.649","003","2008","46424","MAIN"
"2.308.449.649","003","2008","4616001","MAIN"
"2.308.449.649","003","2008","47712","MAIN"
"2.308.449.649","003","2008","4791003","MAIN"
"2.308.449.649","003","2008","15120","MAIN"
"2.308.449.649","003","2008","4642301","MAIN"
"2.308.449.649","003","2008","7311001","MAIN"
"2.308.449.649","003","2025","15120","MAIN"
"2.308.449.649","003","2025","47716","MAIN"
"2.308.449.649","003","2025","47722","MAIN"
"2.308.449.649","003","2025","81300","SECO"
"2.308.449.649","003","2025","46424","MAIN"
"2.308.449.649","003","2025","7330001","MAIN"
"2.308.449.649","003","2025","46425","MAIN"
"2.308.449.649","003","2025","47715","MAIN"
"2.308.449.649","003","2025","47721","MAIN"
"2.308.449.649","003","2025","82990","SECO"
"2.308.449.649","003","2025","47120","MAIN"
"2.308.449.649","003","2025","47712","MAIN"
"2.308.449.649","003","2025","4616001","MAIN"
"2.308.449.649","003","2025","7311001","MAIN"
"2.308.449.649","003","2025","4642301","MAIN"
"2.308.449.649","003","2025","47711","MAIN"
"2.309.246.930","003","2025","69101","MAIN"
"2.310.338.674","003","2025","4645001","MAIN"
"2.310.338.674","003","2025","47750","MAIN"
"2.310.338.674","003","2025","46711","MAIN"
"2.310.338.674","003","2025","46450","MAIN"
"2.311.210.882","003","2008","6831201","MAIN"
"2.311.210.882","003","2008","68201","MAIN"
"2.311.210.882","003","2008","68311","MAIN"
"2.311.210.882","003","2008","6832102","MAIN"
"2.311.210.882","003","2008","68321","MAIN"
"2.311.210.882","003","2008","68203","MAIN"
"2.311.210.882","003","2008","68322","MAIN"
"2.311.210.882","003","2025","68201","MAIN"
"2.311.210.882","003","2025","68329","MAIN"
"2.311.210.882","003","2025","68203","MAIN"
"2.311.210.882","003","2025","68310","MAIN"
"2.311.210.882","003","2025","68322","MAIN"
"2.312.794.358","003","2008","70220","MAIN"
"2.312.794.358","003","2008","6420011","MAIN"
"2.312.794.358","003","2008","7022001","MAIN"
"2.312.794.358","003","2025","68110","SECO"
"2.312.794.358","003","2025","64999","SECO"
"2.312.794.358","003","2025","64210","SECO"
"2.312.794.358","003","2025","70200","MAIN"
"2.312.794.358","003","2025","68121","SECO"
"2.312.794.358","003","2025","68122","SECO"
"2.312.794.358","003","2025","7010001","MAIN"
"2.312.794.358","003","2025","68203","MAIN"
"2.312.794.358","003","2025","68204","SECO"
"2.312.794.358","003","2025","64220","SECO"
"2.312.794.358","003","2025","7020001","MAIN"
"2.312.794.358","003","2025","68201","MAIN"
"2.314.069.216","003","2008","41101","MAIN"
"2.314.069.216","003","2008","41102","MAIN"
"2.314.069.216","003","2008","71121","MAIN"
"2.314.069.216","003","2025","43410","MAIN"
"2.314.069.216","003","2025","68121","MAIN"
"2.314.069.216","003","2025","71121","MAIN"
"2.314.069.216","003","2025","68122","MAIN"
"2.314.415.050","006","2025","43223","MAIN"
"2.314.415.050","003","2008","4329102","MAIN"
"2.314.415.050","003","2008","4321102","MAIN"
"2.314.415.050","003","2008","8122003","MAIN"
"2.314.415.050","003","2008","47521","MAIN"
"2.314.415.050","003","2008","4322201","MAIN"
"2.314.415.050","003","2008","2561007","MAIN"
"2.314.415.050","003","2008","4332012","MAIN"
"2.314.415.050","003","2008","4399601","MAIN"
"2.314.415.050","003","2008","4321101","MAIN"
"2.314.415.050","003","2008","4322202","MAIN"
"2.314.415.050","003","2008","43211","MAIN"
"2.314.415.050","003","2008","2825004","MAIN"
"2.314.415.050","003","2008","3099001","MAIN"
"2.314.415.050","003","2008","4754001","MAIN"
"2.314.415.050","003","2008","8130002","MAIN"
"2.314.415.050","003","2008","7112101","MAIN"
"2.314.415.050","003","2008","4312001","MAIN"
"2.314.415.050","003","2008","3311001","MAIN"
"2.314.415.050","003","2008","4333201","MAIN"
"2.314.415.050","003","2008","2825005","MAIN"
"2.314.415.050","003","2008","4332013","MAIN"
"2.314.415.050","003","2008","9521001","MAIN"
"2.314.415.050","003","2008","4399402","MAIN"
"2.314.415.050","003","2008","4329103","MAIN"
"2.314.415.050","003","2008","4329912","MAIN"
"2.314.415.050","003","2008","4643102","MAIN"
"2.314.415.050","003","2008","2751001","MAIN"
"2.314.415.050","003","2008","4674201","MAIN"
"2.314.415.050","003","2008","3312002","MAIN"
"2.314.415.050","003","2008","47789","MAIN"
"2.314.415.050","003","2008","2550101","MAIN"
"2.314.415.050","003","2008","4329911","MAIN"
"2.314.415.050","003","2008","46900","MAIN"
"2.314.415.050","003","2008","4673102","MAIN"
"2.314.415.050","003","2008","46731","MAIN"
"2.314.415.050","003","2008","4674202","MAIN"
"2.314.415.050","003","2008","3312011","MAIN"
"2.314.415.050","003","2008","46693","MAIN"
"2.314.415.050","003","2008","2829501","MAIN"
"2.314.415.050","003","2008","4673101","MAIN"
"2.314.415.050","003","2008","4329904","MAIN"
"2.314.415.050","003","2008","2825002","MAIN"
"2.314.415.050","003","2008","4329902","MAIN"
"2.314.415.050","003","2008","4399907","MAIN"
"2.314.415.050","003","2008","2511002","MAIN"
"2.314.415.050","003","2008","4321103","MAIN"
"2.314.415.050","003","2008","4332031","MAIN"
"2.314.415.050","003","2008","4322211","MAIN"
"2.314.415.050","003","2008","43332","MAIN"
"2.314.415.050","003","2008","43222","MAIN"
"2.314.415.050","003","2008","95210","MAIN"
"2.314.415.050","003","2008","7311002","MAIN"
"2.314.415.050","003","2025","4332013","MAIN"
"2.314.415.050","003","2025","95210","MAIN"
"2.314.415.050","003","2025","4321102","MAIN"
"2.314.415.050","003","2025","4322202","MAIN"
"2.314.415.050","003","2025","47521","MAIN"
"2.314.415.050","003","2025","8122003","MAIN"
"2.314.415.050","003","2025","43211","MAIN"
"2.314.415.050","003","2025","4684202","MAIN"
"2.314.415.050","003","2025","46831","MAIN"
"2.314.415.050","003","2025","47540","MAIN"
"2.314.415.050","003","2025","43422","MAIN"
"2.314.415.050","003","2025","46643","MAIN"
"2.314.415.050","003","2025","4321101","MAIN"
"2.314.415.050","003","2025","4391002","MAIN"
"2.314.415.050","003","2025","2511002","MAIN"
"2.314.415.050","003","2025","43222","MAIN"
"2.314.415.050","003","2025","4684201","MAIN"
"2.314.415.050","003","2025","43223","MAIN"
"2.314.415.050","003","2025","4342904","MAIN"
"2.314.415.050","003","2025","43332","MAIN"
"2.314.415.050","003","2025","47789","MAIN"
"2.314.415.050","003","2025","7311002","MAIN"
"2.314.415.050","003","2025","4321103","MAIN"
"2.314.415.050","003","2025","4683101","MAIN"
"2.314.415.050","003","2025","46900","MAIN"
"2.314.415.050","003","2025","2829501","MAIN"
"2.314.415.050","003","2025","8130002","MAIN"
"2.314.415.050","003","2025","2825002","MAIN"
"2.314.415.050","003","2025","4643102","MAIN"
"2.314.415.050","003","2025","4324006","MAIN"
"2.314.415.050","003","2025","2751001","MAIN"
"2.314.415.050","003","2025","4322203","MAIN"
"2.314.415.050","003","2025","7112101","MAIN"
"2.314.415.050","003","2025","4324002","MAIN"
"2.314.415.050","003","2025","2825004","MAIN"
"2.314.415.050","003","2025","4332007","MAIN"
"2.314.415.050","003","2025","2540101","MAIN"
"2.314.415.050","003","2025","4312001","MAIN"
"2.314.415.050","003","2025","4324005","MAIN"
"2.314.415.050","003","2025","4323003","MAIN"
"2.314.415.050","003","2025","2552002","MAIN"
"2.314.415.050","003","2025","2825005","MAIN"
"2.314.415.050","003","2025","3312002","MAIN"
"2.314.415.050","003","2025","4324004","MAIN"
"2.314.415.050","003","2025","4332008","MAIN"
"2.314.415.050","003","2025","3312003","MAIN"
"2.314.415.050","003","2025","3099001","MAIN"
"2.314.415.050","003","2025","4683102","MAIN"
"2.314.415.050","003","2025","4322201","MAIN"
"2.314.415.050","003","2025","9521001","MAIN"
"2.314.415.050","003","2025","4323002","MAIN"
"2.314.415.050","003","2025","4333201","MAIN"
"2.314.493.046","003","2008","3320001","MAIN"
"2.314.493.046","003","2008","01500","MAIN"
"2.314.493.046","003","2008","2562001","MAIN"
"2.314.493.046","003","2008","3312011","MAIN"
"2.314.493.046","003","2008","33200","MAIN"
"2.314.493.046","003","2008","3320002","MAIN"
"2.314.493.046","003","2025","01130","SECO"
"2.314.493.046","003","2025","01500","MAIN"
"2.314.493.046","003","2025","47521","SECO"
"2.314.493.046","003","2025","33200","MAIN"
"2.314.493.046","003","2025","0150001","SECO"
"2.314.493.046","003","2025","3312003","MAIN"
"2.314.493.046","003","2025","2553011","MAIN"
"2.314.493.046","003","2025","01630","SECO"
"2.314.493.046","003","2025","47529","SECO"
"2.314.493.046","003","2025","47525","MAIN"
"2.314.493.046","003","2025","81300","SECO"
"2.314.493.046","003","2025","01610","SECO"
"2.314.493.046","003","2025","01160","SECO"
"2.314.493.046","003","2025","3312001","SECO"
"2.314.493.046","003","2025","01110","SECO"
"2.316.119.082","003","2008","01430","MAIN"
"2.316.119.082","003","2025","01430","MAIN"
"2.316.119.082","003","2025","49410","SECO"
"2.316.119.082","003","2025","85510","MAIN"
"2.316.119.082","003","2025","93199","MAIN"
"2.316.119.082","003","2025","93127","MAIN"
"2.316.119.082","003","2025","7712001","SECO"
"2.316.119.082","003","2025","96995","MAIN"
"2.316.257.159","006","2025","20590","MAIN"
"2.316.257.159","003","2008","70210","MAIN"
"2.316.257.159","003","2008","77400","MAIN"
"2.316.257.159","003","2008","74909","MAIN"
"2.316.257.159","003","2008","7022001","MAIN"
"2.316.257.159","003","2008","20590","MAIN"
"2.316.257.159","003","2008","82990","MAIN"
"2.316.257.159","003","2008","25610","MAIN"
"2.316.257.159","003","2008","4618001","MAIN"
"2.316.257.159","003","2025","46180","MAIN"
"2.316.257.159","003","2025","74999","MAIN"
"2.316.257.159","003","2025","25510","MAIN"
"2.316.257.159","003","2025","82990","MAIN"
"2.316.257.159","003","2025","73300","MAIN"
"2.316.257.159","003","2025","77400","MAIN"
"2.316.257.159","003","2025","20590","MAIN"
"2.316.257.159","003","2025","7020001","MAIN"
"2.316.990.597","006","2025","47540","MAIN"
"2.316.990.597","003","2008","4614006","MAIN"
"2.316.990.597","003","2008","33200","MAIN"
"2.316.990.597","003","2008","33120","MAIN"
"2.316.990.597","003","2008","46691","MAIN"
"2.316.990.597","003","2008","46140","MAIN"
"2.316.990.597","003","2008","46699","MAIN"
"2.316.990.597","003","2008","47990","MAIN"
"2.316.990.597","003","2008","46660","MAIN"
"2.316.990.597","003","2025","33120","MAIN"
"2.316.990.597","003","2025","46500","MAIN"
"2.316.990.597","003","2025","46649","MAIN"
"2.316.990.597","003","2025","46140","MAIN"
"2.316.990.597","003","2025","46641","MAIN"
"2.316.990.597","003","2025","4614006","MAIN"
"2.316.990.597","003","2025","33200","MAIN"
"2.316.990.597","003","2025","47781","MAIN"
"2.317.768.379","006","2025","56111","MAIN"
"2.317.768.379","006","2008","56101","MAIN"
"2.317.768.379","003","2008","5610201","MAIN"
"2.317.768.379","003","2008","56102","MAIN"
"2.317.768.379","003","2008","5610205","MAIN"
"2.317.768.379","003","2008","5610204","MAIN"
"2.317.768.379","003","2008","5610203","MAIN"
"2.317.768.379","003","2025","68110","SECO"
"2.317.768.379","003","2025","7020001","MAIN"
"2.317.768.379","003","2025","56112","MAIN"
"2.317.768.379","003","2025","56210","MAIN"
"2.317.768.379","003","2025","68121","SECO"
"2.317.768.379","003","2025","56111","MAIN"
"2.317.768.379","003","2025","68122","SECO"
"2.317.768.379","003","2025","7010001","MAIN"
"2.318.127.774","006","2025","49330","MAIN"
"2.318.127.774","003","2008","49320","MAIN"
"2.318.127.774","003","2025","49330","MAIN"
"2.319.839.627","003","2008","47990","MAIN"
"2.319.839.627","003","2025","47279","MAIN"
"2.319.839.627","003","2025","86995","MAIN"
"2.321.262.161","003","2025","82990","MAIN"
"2.321.262.161","003","2025","91300","MAIN"
"2.321.262.161","003","2025","74301","MAIN"
"2.321.262.161","003","2025","85599","MAIN"
"2.321.262.161","003","2025","91220","MAIN"
"2.322.285.809","003","2008","64921","MAIN"
"2.322.285.809","003","2008","66199","MAIN"
"2.322.285.809","003","2008","82990","MAIN"
"2.322.285.809","003","2025","64921","MAIN"
"2.322.285.809","003","2025","82100","SECO"
"2.322.285.809","003","2025","70200","SECO"
"2.322.285.809","003","2025","66199","MAIN"
"2.322.285.809","003","2025","82990","MAIN"
"2.322.433.287","006","2025","82300","MAIN"
"2.322.433.287","003","2008","5621002","MAIN"
"2.322.433.287","003","2008","90023","MAIN"
"2.322.433.287","003","2008","59120","MAIN"
"2.322.433.287","003","2008","90031","MAIN"
"2.322.433.287","003","2008","59113","MAIN"
"2.322.433.287","003","2008","9329901","MAIN"
"2.322.433.287","003","2008","82300","MAIN"
"2.322.433.287","003","2008","90012","MAIN"
"2.322.433.287","003","2008","90021","MAIN"
"2.322.433.287","003","2008","9319901","MAIN"
"2.322.433.287","003","2025","90202","MAIN"
"2.322.433.287","003","2025","90111","MAIN"
"2.322.433.287","003","2025","59113","MAIN"
"2.322.433.287","003","2025","59120","MAIN"
"2.322.433.287","003","2025","5621002","MAIN"
"2.322.433.287","003","2025","82300","MAIN"
"2.322.433.287","003","2025","90393","MAIN"
"2.322.433.287","003","2025","9319901","MAIN"
"2.322.433.287","003","2025","9329901","MAIN"
"2.322.433.287","003","2025","90391","MAIN"
"2.323.054.384","003","2025","4778101","SECO"
"2.323.054.384","003","2025","0220001","SECO"
"2.323.054.384","003","2025","55204","MAIN"
"2.324.147.219","003","2008","41102","SECO"
"2.324.147.219","003","2008","5610101","SECO"
"2.324.147.219","003","2008","5610104","SECO"
"2.324.147.219","003","2008","5610102","SECO"
"2.324.147.219","003","2008","5610103","SECO"
"2.324.147.219","003","2008","5621002","SECO"
"2.324.147.219","003","2008","41101","SECO"
"2.324.147.219","003","2008","5621001","SECO"
"2.324.147.219","003","2008","56290","SECO"
"2.324.147.219","003","2008","56210","SECO"
"2.324.147.219","003","2025","73300","SECO"
"2.324.147.219","003","2025","7020001","SECO"
"2.324.147.219","003","2025","46180","SECO"
"2.324.147.219","003","2025","5621001","SECO"
"2.324.147.219","003","2025","68310","SECO"
"2.324.147.219","003","2025","9622001","MAIN"
"2.324.147.219","003","2025","4778402","SECO"
"2.324.147.219","003","2025","5611101","SECO"
"2.324.147.219","003","2025","9623002","MAIN"
"2.324.147.219","003","2025","82100","SECO"
"2.324.147.219","003","2025","9622002","MAIN"
"2.324.147.219","003","2025","47750","SECO"
"2.324.147.219","003","2025","5611103","SECO"
"2.324.147.219","003","2025","9622003","MAIN"
"2.324.147.219","003","2025","7020004","SECO"
"2.324.147.219","003","2025","96220","MAIN"
"2.324.147.219","003","2025","68121","SECO"
"2.324.147.219","003","2025","82990","SECO"
"2.324.147.219","003","2025","70200","SECO"
"2.324.147.219","003","2025","5611102","SECO"
"2.324.147.219","003","2025","81100","SECO"
"2.324.147.219","003","2025","56210","SECO"
"2.324.147.219","003","2025","68322","SECO"
"2.324.147.219","003","2025","5621002","SECO"
"2.324.147.219","003","2025","68122","SECO"
"2.324.147.219","003","2025","7330001","SECO"
"2.324.147.219","003","2025","6831001","SECO"
"2.324.147.219","003","2025","47715","SECO"
"2.324.147.219","003","2025","7020002","SECO"
"2.324.147.219","003","2025","5611104","SECO"
"2.324.147.219","003","2025","56220","SECO"
"2.324.466.626","003","2008","47112","MAIN"
"2.324.466.626","003","2008","47222","MAIN"
"2.324.466.626","003","2008","47113","MAIN"
"2.324.466.626","003","2008","4722101","MAIN"
"2.324.466.626","003","2008","47221","MAIN"
"2.324.466.626","003","2008","47299","MAIN"
"2.324.466.626","003","2025","47110","MAIN"
"2.324.466.626","003","2025","4722101","MAIN"
"2.324.466.626","003","2025","47221","MAIN"
"2.324.466.626","003","2025","47279","MAIN"
"2.324.466.626","003","2025","47222","MAIN"
"2.324.469.792","006","2025","47110","MAIN"
"2.324.469.792","006","2008","47112","MAIN"
"2.324.469.792","003","2008","9200001","MAIN"
"2.324.469.792","003","2008","47112","MAIN"
"2.324.469.792","003","2008","9200003","MAIN"
"2.324.469.792","003","2008","47252","MAIN"
"2.324.469.792","003","2008","47251","MAIN"
"2.324.469.792","003","2025","47251","MAIN"
"2.324.469.792","003","2025","47260","SECO"
"2.324.469.792","003","2025","9200001","MAIN"
"2.324.469.792","003","2025","47252","MAIN"
"2.324.469.792","003","2025","47110","MAIN"
"2.324.469.792","003","2025","9200004","SECO"
"2.324.469.792","003","2025","9200003","MAIN"
"2.325.371.201","006","2025","49410","MAIN"
"2.325.371.201","003","2008","77110","MAIN"
"2.325.371.201","003","2008","49410","MAIN"
"2.325.371.201","003","2008","7712001","MAIN"
"2.325.371.201","003","2008","77120","MAIN"
"2.325.371.201","003","2025","7712001","MAIN"
"2.325.371.201","003","2025","77120","MAIN"
"2.325.371.201","003","2025","77110","MAIN"
"2.325.371.201","003","2025","49410","MAIN"
"2.326.032.383","006","2025","43320","MAIN"
"2.326.032.383","003","2008","43996","MAIN"
"2.326.032.383","003","2008","4399402","MAIN"
"2.326.032.383","003","2008","43299","MAIN"
"2.326.032.383","003","2008","43110","MAIN"
"2.326.032.383","003","2008","43994","MAIN"
"2.326.032.383","003","2008","4399401","MAIN"
"2.326.032.383","003","2008","4222001","MAIN"
"2.326.032.383","003","2008","43991","MAIN"
"2.326.032.383","003","2008","81100","MAIN"
"2.326.032.383","003","2008","42220","MAIN"
"2.326.032.383","003","2008","81210","MAIN"
"2.326.032.383","003","2008","8130002","MAIN"
"2.326.032.383","003","2008","4399901","MAIN"
"2.326.032.383","003","2008","8130001","MAIN"
"2.326.032.383","003","2008","42219","MAIN"
"2.326.032.383","003","2008","8129001","MAIN"
"2.326.032.383","003","2008","81220","MAIN"
"2.326.032.383","003","2008","4399906","MAIN"
"2.326.032.383","003","2008","43995","MAIN"
"2.326.032.383","003","2008","43390","MAIN"
"2.326.032.383","003","2008","43221","MAIN"
"2.326.032.383","003","2008","43992","MAIN"
"2.326.032.383","003","2008","43310","MAIN"
"2.326.032.383","003","2008","8122001","MAIN"
"2.326.032.383","003","2008","43993","MAIN"
"2.326.032.383","003","2008","81290","MAIN"
"2.326.032.383","003","2008","43120","MAIN"
"2.326.032.383","003","2008","4221901","MAIN"
"2.326.032.383","003","2008","4312011","MAIN"
"2.326.032.383","003","2008","4311001","MAIN"
"2.326.032.383","003","2008","81300","MAIN"
"2.326.032.383","003","2008","8122002","MAIN"
"2.326.032.383","003","2008","43999","MAIN"
"2.326.032.383","003","2008","43291","MAIN"
"2.326.032.383","003","2025","43421","SECO"
"2.326.032.383","003","2025","4391001","SECO"
"2.326.032.383","003","2025","8130002","SECO"
"2.326.032.383","003","2025","8122001","SECO"
"2.326.032.383","003","2025","4342901","SECO"
"2.326.032.383","003","2025","8130001","SECO"
"2.326.032.383","003","2025","42219","SECO"
"2.326.032.383","003","2025","4391002","SECO"
"2.326.032.383","003","2025","43320","MAIN"
"2.326.032.383","003","2025","81300","SECO"
"2.326.032.383","003","2025","81210","SECO"
"2.326.032.383","003","2025","43422","SECO"
"2.326.032.383","003","2025","8123001","SECO"
"2.326.032.383","003","2025","42220","SECO"
"2.326.032.383","003","2025","43910","SECO"
"2.326.032.383","003","2025","43310","SECO"
"2.326.032.383","003","2025","4311001","SECO"
"2.326.032.383","003","2025","81220","SECO"
"2.326.032.383","003","2025","43120","SECO"
"2.326.032.383","003","2025","43240","SECO"
"2.326.032.383","003","2025","81100","SECO"
"2.326.032.383","003","2025","43350","SECO"
"2.326.032.383","003","2025","8122002","SECO"
"2.326.032.383","003","2025","43221","SECO"
"2.326.032.383","003","2025","43110","SECO"
"2.326.032.383","003","2025","4312005","SECO"
"2.326.032.383","003","2025","4399003","SECO"
"2.326.032.383","003","2025","4221901","SECO"
"2.326.032.383","003","2025","43223","SECO"
"2.326.032.383","003","2025","43230","SECO"
"2.326.032.383","003","2025","43990","SECO"
"2.326.032.383","003","2025","81230","SECO"
"2.326.032.383","003","2025","4222001","SECO"
"2.326.543.218","003","2008","4791001","SECO"
"2.326.543.218","003","2008","47716","MAIN"
"2.326.543.218","003","2008","47910","SECO"
"2.326.543.218","003","2025","47716","MAIN"
"2.326.543.218","003","2025","47120","SECO"
"2.328.916.055","006","2025","49410","MAIN"
"2.328.916.055","003","2008","45194","MAIN"
"2.328.916.055","003","2008","45310","MAIN"
"2.328.916.055","003","2008","4942001","MAIN"
"2.328.916.055","003","2008","5229043","MAIN"
"2.328.916.055","003","2008","4941001","MAIN"
"2.328.916.055","003","2008","53200","MAIN"
"2.328.916.055","003","2008","45320","MAIN"
"2.328.916.055","003","2008","5229042","MAIN"
"2.328.916.055","003","2008","4942003","MAIN"
"2.328.916.055","003","2008","4941002","MAIN"
"2.328.916.055","003","2008","5229041","MAIN"
"2.328.916.055","003","2008","52290","MAIN"
"2.328.916.055","003","2008","4519402","MAIN"
"2.328.916.055","003","2008","45113","MAIN"
"2.328.916.055","003","2008","6820301","MAIN"
"2.328.916.055","003","2008","45111","MAIN"
"2.328.916.055","003","2008","4520101","MAIN"
"2.328.916.055","003","2008","4519401","MAIN"
"2.328.916.055","003","2008","45112","MAIN"
"2.328.916.055","003","2008","4941003","MAIN"
"2.328.916.055","003","2008","49410","MAIN"
"2.328.916.055","003","2008","4941004","MAIN"
"2.328.916.055","003","2008","5210011","MAIN"
"2.328.916.055","003","2008","68203","MAIN"
"2.328.916.055","003","2008","4511201","MAIN"
"2.328.916.055","003","2008","4511301","MAIN"
"2.328.916.055","003","2008","52249","MAIN"
"2.328.916.055","003","2025","46713","MAIN"
"2.328.916.055","003","2025","4941002","MAIN"
"2.328.916.055","003","2025","4781101","MAIN"
"2.328.916.055","003","2025","4618001","MAIN"
"2.328.916.055","003","2025","6820301","MAIN"
"2.328.916.055","003","2025","49410","MAIN"
"2.328.916.055","003","2025","4671301","MAIN"
"2.328.916.055","003","2025","47820","MAIN"
"2.328.916.055","003","2025","46180","MAIN"
"2.328.916.055","003","2025","4671302","MAIN"
"2.328.916.055","003","2025","5320011","MAIN"
"2.328.916.055","003","2025","53200","MAIN"
"2.328.916.055","003","2025","5225002","MAIN"
"2.328.916.055","003","2025","9531101","MAIN"
"2.328.916.055","003","2025","5210002","MAIN"
"2.328.916.055","003","2025","68203","MAIN"
"2.328.916.055","003","2025","52250","MAIN"
"2.328.916.055","003","2025","47811","MAIN"
"2.328.916.055","003","2025","4941004","MAIN"
"2.328.916.055","003","2025","46720","MAIN"
"2.328.916.055","003","2025","52249","MAIN"
"2.328.916.055","003","2025","4942001","MAIN"
"2.328.916.055","003","2025","5226006","MAIN"
"2.328.916.055","003","2025","46711","MAIN"
"2.328.916.055","003","2025","4941003","MAIN"
"2.328.916.055","003","2025","4941001","MAIN"
"2.328.916.055","003","2025","4942003","MAIN"
"2.329.397.392","006","2025","56111","MAIN"
"2.329.397.392","006","2008","56101","MAIN"
"2.329.397.392","003","2008","56101","MAIN"
"2.329.397.392","003","2008","56210","MAIN"
"2.329.397.392","003","2025","56210","MAIN"
"2.329.397.392","003","2025","56111","MAIN"
"2.329.667.113","003","2008","96099","MAIN"
"2.329.667.113","003","2008","9604003","MAIN"
"2.329.667.113","003","2008","85510","MAIN"
"2.329.667.113","003","2008","4645001","MAIN"
"2.329.667.113","003","2008","47750","MAIN"
"2.329.667.113","003","2008","9319902","MAIN"
"2.329.667.113","003","2008","9319901","MAIN"
"2.329.667.113","003","2025","82100","SECO"
"2.329.667.113","003","2025","47279","SECO"
"2.329.667.113","003","2025","9319902","SECO"
"2.329.667.113","003","2025","85510","SECO"
"2.329.667.113","003","2025","4645001","SECO"
"2.329.667.113","003","2025","9319901","SECO"
"2.329.667.113","003","2025","82990","SECO"
"2.329.667.113","003","2025","9623002","MAIN"
"2.329.667.113","003","2025","96999","MAIN"
"2.329.667.113","003","2025","47750","MAIN"
"2.330.406.291","006","2025","56301","MAIN"
"2.330.406.291","003","2008","5610201","MAIN"
"2.330.406.291","003","2008","5610203","MAIN"
"2.330.406.291","003","2025","56112","MAIN"
"2.330.512.496","003","2008","85599","MAIN"
"2.330.512.496","003","2008","82990","MAIN"
"2.330.512.496","003","2008","47640","MAIN"
"2.330.512.496","003","2008","4791003","MAIN"
"2.330.512.496","003","2008","82110","MAIN"
"2.330.512.496","003","2008","96099","MAIN"
"2.330.512.496","003","2025","8009001","SECO"
"2.330.512.496","003","2025","85599","MAIN"
"2.330.512.496","003","2025","82990","MAIN"
"2.330.512.496","003","2025","32300","SECO"
"2.330.512.496","003","2025","47639","MAIN"
"2.330.512.496","003","2025","47120","SECO"
"2.330.512.496","003","2025","82100","MAIN"
"2.330.512.496","003","2025","95290","SECO"
"2.330.512.496","003","2025","74999","SECO"
"2.330.512.496","003","2025","96999","MAIN"
"2.331.368.373","006","2025","49410","MAIN"
"2.331.368.373","003","2008","63990","MAIN"
"2.331.368.373","003","2008","73110","MAIN"
"2.331.368.373","003","2008","7311003","MAIN"
"2.331.368.373","003","2008","74209","MAIN"
"2.331.368.373","003","2008","59202","MAIN"
"2.331.368.373","003","2008","90022","MAIN"
"2.331.368.373","003","2008","74901","MAIN"
"2.331.368.373","003","2008","70210","MAIN"
"2.331.368.373","003","2008","59209","MAIN"
"2.331.368.373","003","2008","5912001","MAIN"
"2.331.368.373","003","2008","62030","MAIN"
"2.331.368.373","003","2008","59111","MAIN"
"2.331.368.373","003","2008","7311002","MAIN"
"2.331.368.373","003","2008","59113","MAIN"
"2.331.368.373","003","2008","5912002","MAIN"
"2.331.368.373","003","2008","79909","MAIN"
"2.331.368.373","003","2008","82990","MAIN"
"2.331.368.373","003","2008","90029","MAIN"
"2.331.368.373","003","2008","74109","MAIN"
"2.331.368.373","003","2008","73200","MAIN"
"2.331.368.373","003","2008","59130","MAIN"
"2.331.368.373","003","2008","7311007","MAIN"
"2.331.368.373","003","2008","59112","MAIN"
"2.331.368.373","003","2008","90021","MAIN"
"2.331.368.373","003","2008","63110","MAIN"
"2.331.368.373","003","2008","59120","MAIN"
"2.331.368.373","003","2008","59203","MAIN"
"2.331.368.373","003","2008","62010","MAIN"
"2.331.368.373","003","2008","62090","MAIN"
"2.331.368.373","003","2008","59201","MAIN"
"2.331.368.373","003","2008","59114","MAIN"
"2.331.368.373","003","2008","90032","MAIN"
"2.331.368.373","003","2008","7311001","MAIN"
"2.331.368.373","003","2008","90031","MAIN"
"2.331.368.373","003","2008","7311006","MAIN"
"2.331.368.373","003","2008","73120","MAIN"
"2.331.368.373","003","2008","90011","MAIN"
"2.331.368.373","003","2008","7311005","MAIN"
"2.331.368.373","003","2008","74103","MAIN"
"2.331.368.373","003","2008","90023","MAIN"
"2.331.368.373","003","2008","74201","MAIN"
"2.331.368.373","003","2008","62020","MAIN"
"2.331.368.373","003","2008","7311004","MAIN"
"2.331.368.373","003","2025","73300","MAIN"
"2.331.368.373","003","2025","62100","MAIN"
"2.331.368.373","003","2025","59113","MAIN"
"2.331.368.373","003","2025","7311003","MAIN"
"2.331.368.373","003","2025","59209","MAIN"
"2.331.368.373","003","2025","74201","MAIN"
"2.331.368.373","003","2025","73120","MAIN"
"2.331.368.373","003","2025","73110","MAIN"
"2.331.368.373","003","2025","7311004","MAIN"
"2.331.368.373","003","2025","90201","MAIN"
"2.331.368.373","003","2025","7311001","MAIN"
"2.331.368.373","003","2025","74991","MAIN"
"2.331.368.373","003","2025","90399","MAIN"
"2.331.368.373","003","2025","59111","MAIN"
"2.331.368.373","003","2025","7311002","MAIN"
"2.331.368.373","003","2025","62200","MAIN"
"2.331.368.373","003","2025","74209","MAIN"
"2.331.368.373","003","2025","59112","MAIN"
"2.331.368.373","003","2025","7311006","MAIN"
"2.331.368.373","003","2025","90120","MAIN"
"2.331.368.373","003","2025","59114","MAIN"
"2.331.368.373","003","2025","59120","MAIN"
"2.331.368.373","003","2025","74120","MAIN"
"2.331.368.373","003","2025","59203","MAIN"
"2.331.368.373","003","2025","73200","MAIN"
"2.331.368.373","003","2025","82990","MAIN"
"2.331.368.373","003","2025","62900","MAIN"
"2.331.368.373","003","2025","59201","MAIN"
"2.331.368.373","003","2025","5912001","MAIN"
"2.331.368.373","003","2025","90111","MAIN"
"2.331.368.373","003","2025","59130","MAIN"
"2.331.368.373","003","2025","90393","MAIN"
"2.331.368.373","003","2025","59202","MAIN"
"2.331.368.373","003","2025","7311005","MAIN"
"2.331.368.373","003","2025","90392","MAIN"
"2.331.368.373","003","2025","7311007","MAIN"
"2.331.368.373","003","2025","90391","MAIN"
"2.331.368.373","003","2025","63920","MAIN"
"2.331.368.373","003","2025","74140","MAIN"
"2.331.368.373","003","2025","5912002","MAIN"
"2.331.368.373","003","2025","63100","MAIN"
"2.331.368.373","003","2025","82400","MAIN"
"2.332.026.587","006","2025","43222","MAIN"
"2.332.026.587","003","2008","43212","MAIN"
"2.332.026.587","003","2008","33130","MAIN"
"2.332.026.587","003","2008","43222","MAIN"
"2.332.026.587","003","2008","43211","MAIN"
"2.332.026.587","003","2008","33140","MAIN"
"2.332.026.587","003","2008","33110","MAIN"
"2.332.026.587","003","2025","43211","MAIN"
"2.332.026.587","003","2025","33140","MAIN"
"2.332.026.587","003","2025","43222","MAIN"
"2.332.026.587","003","2025","33110","MAIN"
"2.332.026.587","003","2025","33130","MAIN"
"2.332.026.587","003","2025","43212","MAIN"
"2.332.277.601","003","2025","5611105","MAIN"
"2.332.277.601","003","2025","55204","MAIN"
"2.332.277.601","003","2025","85599","SECO"
"2.332.277.601","003","2025","82990","SECO"
"2.332.277.601","003","2025","70200","SECO"
"2.332.277.601","003","2025","56112","MAIN"
"2.332.277.601","003","2025","82100","SECO"
"2.332.971.744","003","2025","86220","MAIN"
"2.333.372.513","006","2025","42220","MAIN"
"2.333.372.513","003","2008","4222002","MAIN"
"2.333.372.513","003","2008","4312001","MAIN"
"2.333.372.513","003","2008","47112","MAIN"
"2.333.372.513","003","2025","4222002","MAIN"
"2.333.372.513","003","2025","47110","MAIN"
"2.333.372.513","003","2025","4312001","MAIN"
"2.334.061.510","003","2008","90011","MAIN"
"2.334.061.510","003","2025","73110","MAIN"
"2.334.061.510","003","2025","9031102","SECO"
"2.334.061.510","003","2025","82990","SECO"
"2.334.061.510","003","2025","82100","SECO"
"2.334.061.510","003","2025","73200","SECO"
"2.334.061.510","003","2025","62100","MAIN"
"2.334.061.510","003","2025","90391","MAIN"
"2.334.061.510","003","2025","90201","MAIN"
"2.334.061.510","003","2025","63910","MAIN"
"2.334.061.510","003","2025","90393","SECO"
"2.334.444.659","003","2008","74103","MAIN"
"2.334.444.659","003","2025","14210","SECO"
"2.334.444.659","003","2025","74120","MAIN"
"2.334.444.659","003","2025","60390","SECO"
"2.334.444.659","003","2025","63910","MAIN"
"2.334.444.659","003","2025","85599","SECO"
"2.334.444.659","003","2025","82300","SECO"
"2.334.444.659","003","2025","47110","SECO"
"2.334.444.659","003","2025","74999","MAIN"
"2.334.444.659","003","2025","14220","SECO"
"2.334.444.659","003","2025","74301","MAIN"
"2.334.444.659","003","2025","90120","SECO"
"2.334.444.659","003","2025","90130","SECO"
"2.334.444.659","003","2025","85520","SECO"
"2.334.444.659","003","2025","62900","SECO"
"2.334.444.659","003","2025","14299","MAIN"
"2.334.600.354","006","2025","49330","MAIN"
"2.334.600.354","003","2008","4932002","MAIN"
"2.334.600.354","003","2008","4932001","MAIN"
"2.334.600.354","003","2008","49320","MAIN"
"2.334.600.354","003","2008","49390","MAIN"
"2.334.600.354","003","2025","49330","MAIN"
"2.334.600.354","003","2025","4933002","MAIN"
"2.334.600.354","003","2025","4933001","MAIN"
"2.334.600.354","003","2025","49320","MAIN"
"2.335.013.989","006","2025","47251","MAIN"
"2.335.013.989","003","2008","47251","MAIN"
"2.335.013.989","003","2025","47251","MAIN"
"2.335.737.234","003","2025","71201","SECO"
"2.335.737.234","003","2025","53200","SECO"
"2.335.737.234","003","2025","81210","SECO"
"2.335.737.234","003","2025","82100","MAIN"
"2.335.737.234","003","2025","61100","MAIN"
"2.335.737.234","003","2025","46711","SECO"
"2.335.737.234","003","2025","46190","SECO"
"2.335.737.234","003","2025","49410","SECO"
"2.335.737.234","003","2025","82990","MAIN"
"2.335.737.234","003","2025","73300","MAIN"
"2.335.737.234","003","2025","47820","SECO"
"2.335.737.234","003","2025","70200","MAIN"
"2.335.737.234","003","2025","52210","SECO"
"2.336.139.585","003","2008","9602101","MAIN"
"2.336.139.585","003","2008","96021","MAIN"
"2.336.139.585","003","2008","96022","MAIN"
"2.336.139.585","003","2025","9621001","MAIN"
"2.336.139.585","003","2025","96210","MAIN"
"2.336.139.585","003","2025","96220","MAIN"
"2.336.280.038","003","2008","70210","MAIN"
"2.336.280.038","003","2008","81220","MAIN"
"2.336.280.038","003","2008","7022004","MAIN"
"2.336.280.038","003","2008","81300","MAIN"
"2.336.280.038","003","2008","8122002","MAIN"
"2.336.280.038","003","2008","7021002","MAIN"
"2.336.280.038","003","2008","7022003","MAIN"
"2.336.280.038","003","2008","7021001","MAIN"
"2.336.280.038","003","2008","7022002","MAIN"
"2.336.280.038","003","2008","7022001","MAIN"
"2.336.280.038","003","2008","66199","MAIN"
"2.336.280.038","003","2008","82990","MAIN"
"2.336.280.038","003","2008","81210","MAIN"
"2.336.280.038","003","2008","8130001","MAIN"
"2.336.280.038","003","2008","47761","MAIN"
"2.336.280.038","003","2008","8130002","MAIN"
"2.336.280.038","003","2008","8122001","MAIN"
"2.336.280.038","003","2008","4776104","MAIN"
"2.336.280.038","003","2008","70220","MAIN"
"2.336.280.038","003","2025","82990","MAIN"
"2.336.280.038","003","2025","81210","SECO"
"2.336.280.038","003","2025","70200","MAIN"
"2.336.280.038","003","2025","7020003","SECO"
"2.336.280.038","003","2025","68310","MAIN"
"2.336.280.038","003","2025","7020004","MAIN"
"2.336.280.038","003","2025","47761","SECO"
"2.336.280.038","003","2025","68321","MAIN"
"2.336.280.038","003","2025","73300","SECO"
"2.336.280.038","003","2025","81300","SECO"
"2.336.280.038","003","2025","8122002","SECO"
"2.336.280.038","003","2025","8122001","SECO"
"2.336.280.038","003","2025","81220","SECO"
"2.336.280.038","003","2025","66199","SECO"
"2.336.280.038","003","2025","7330001","SECO"
"2.336.280.038","003","2025","4776103","SECO"
"2.336.280.038","003","2025","7020002","SECO"
"2.336.280.038","003","2025","8130001","SECO"
"2.336.280.038","003","2025","8130002","SECO"
"2.336.280.038","003","2025","7020001","SECO"
"2.336.284.887","003","2008","85591","MAIN"
"2.336.284.887","003","2008","90011","MAIN"
"2.336.284.887","003","2008","90031","MAIN"
"2.336.284.887","003","2008","85609","MAIN"
"2.336.284.887","003","2008","85599","MAIN"
"2.336.284.887","003","2025","82990","SECO"
"2.336.284.887","003","2025","85599","MAIN"
"2.336.284.887","003","2025","74301","SECO"
"2.336.284.887","003","2025","85520","SECO"
"2.336.284.887","003","2025","85699","MAIN"
"2.336.284.887","003","2025","85591","MAIN"
"2.336.284.887","003","2025","90201","MAIN"
"2.336.284.887","003","2025","90111","MAIN"
"2.336.284.887","003","2025","85593","SECO"
"2.337.206.882","006","2025","41001","MAIN"
"2.337.206.882","003","2008","8130001","MAIN"
"2.337.206.882","003","2008","4120302","MAIN"
"2.337.206.882","003","2008","4120101","MAIN"
"2.337.206.882","003","2008","4332002","MAIN"
"2.337.206.882","003","2008","4334101","MAIN"
"2.337.206.882","003","2008","4399901","MAIN"
"2.337.206.882","003","2008","43994","MAIN"
"2.337.206.882","003","2008","8130002","MAIN"
"2.337.206.882","003","2008","4332016","MAIN"
"2.337.206.882","003","2008","43341","MAIN"
"2.337.206.882","003","2008","2331001","MAIN"
"2.337.206.882","003","2008","4332001","MAIN"
"2.337.206.882","003","2008","4399904","MAIN"
"2.337.206.882","003","2008","4399401","MAIN"
"2.337.206.882","003","2008","4322202","MAIN"
"2.337.206.882","003","2008","4399903","MAIN"
"2.337.206.882","003","2008","4120301","MAIN"
"2.337.206.882","003","2008","4322101","MAIN"
"2.337.206.882","003","2008","4399402","MAIN"
"2.337.206.882","003","2008","4322201","MAIN"
"2.337.206.882","003","2008","4332021","MAIN"
"2.337.206.882","003","2008","43211","MAIN"
"2.337.206.882","003","2008","4321101","MAIN"
"2.337.206.882","003","2008","4399906","MAIN"
"2.337.206.882","003","2008","4322211","MAIN"
"2.337.206.882","003","2008","4332003","MAIN"
"2.337.206.882","003","2008","4120111","MAIN"
"2.337.206.882","003","2008","43320","MAIN"
"2.337.206.882","003","2008","43222","MAIN"
"2.337.206.882","003","2008","41203","MAIN"
"2.337.206.882","003","2008","43332","MAIN"
"2.337.206.882","003","2008","43221","MAIN"
"2.337.206.882","003","2008","46349","MAIN"
"2.337.206.882","003","2008","43331","MAIN"
"2.337.206.882","003","2008","4332031","MAIN"
"2.337.206.882","003","2025","46349","MAIN"
"2.337.206.882","003","2025","4342901","MAIN"
"2.337.206.882","003","2025","4334101","MAIN"
"2.337.206.882","003","2025","4322101","MAIN"
"2.337.206.882","003","2025","43332","MAIN"
"2.337.206.882","003","2025","43222","MAIN"
"2.337.206.882","003","2025","4391001","MAIN"
"2.337.206.882","003","2025","43341","MAIN"
"2.337.206.882","003","2025","4322202","MAIN"
"2.337.206.882","003","2025","4332002","MAIN"
"2.337.206.882","003","2025","4321101","MAIN"
"2.337.206.882","003","2025","4342903","MAIN"
"2.337.206.882","003","2025","4342902","MAIN"
"2.337.206.882","003","2025","4322203","MAIN"
"2.337.206.882","003","2025","2331001","MAIN"
"2.337.206.882","003","2025","4332001","MAIN"
"2.337.206.882","003","2025","4399003","MAIN"
"2.337.206.882","003","2025","43910","MAIN"
"2.337.206.882","003","2025","43331","MAIN"
"2.337.206.882","003","2025","4332013","MAIN"
"2.337.206.882","003","2025","41003","MAIN"
"2.337.206.882","003","2025","4100103","MAIN"
"2.337.206.882","003","2025","43221","MAIN"
"2.337.206.882","003","2025","4332003","MAIN"
"2.337.206.882","003","2025","4322201","MAIN"
"2.337.206.882","003","2025","8130002","MAIN"
"2.337.206.882","003","2025","4100301","MAIN"
"2.337.206.882","003","2025","4332011","MAIN"
"2.337.206.882","003","2025","4391002","MAIN"
"2.337.206.882","003","2025","43211","MAIN"
"2.337.206.882","003","2025","4100302","MAIN"
"2.337.206.882","003","2025","43320","MAIN"
"2.337.206.882","003","2025","8130001","MAIN"
"2.337.206.882","003","2025","4332012","MAIN"
"2.337.206.882","003","2025","4100101","MAIN"
"2.337.859.356","006","2025","56301","MAIN"
"2.337.859.356","003","2008","85599","MAIN"
"2.337.859.356","003","2008","82990","MAIN"
"2.337.859.356","003","2008","9101104","MAIN"
"2.337.859.356","003","2025","85599","MAIN"
"2.337.859.356","003","2025","82990","MAIN"
"2.337.859.356","003","2025","9111004","MAIN"
"2.338.047.715","006","2025","43990","MAIN"
"2.338.047.715","003","2008","6311002","MAIN"
"2.338.047.715","003","2008","16230","MAIN"
"2.338.047.715","003","2008","82990","SECO"
"2.338.047.715","003","2008","4332005","MAIN"
"2.338.047.715","003","2008","74909","MAIN"
"2.338.047.715","003","2008","4741001","SECO"
"2.338.047.715","003","2008","63120","MAIN"
"2.338.047.715","003","2008","43331","MAIN"
"2.338.047.715","003","2008","4759102","MAIN"
"2.338.047.715","003","2008","7022001","SECO"
"2.338.047.715","003","2008","7320002","MAIN"
"2.338.047.715","003","2008","62090","MAIN"
"2.338.047.715","003","2008","4120122","MAIN"
"2.338.047.715","003","2008","9511001","SECO"
"2.338.047.715","003","2008","86901","MAIN"
"2.338.047.715","003","2008","62010","MAIN"
"2.338.047.715","003","2008","81300","MAIN"
"2.338.047.715","003","2008","63990","SECO"
"2.338.047.715","003","2008","4332003","MAIN"
"2.338.047.715","003","2008","0220001","MAIN"
"2.338.047.715","003","2008","47410","SECO"
"2.338.047.715","003","2008","73110","SECO"
"2.338.047.715","003","2008","47591","MAIN"
"2.338.047.715","003","2008","4675201","MAIN"
"2.338.047.715","003","2008","4211001","MAIN"
"2.338.047.715","003","2008","02400","MAIN"
"2.338.047.715","003","2008","47761","MAIN"
"2.338.047.715","003","2008","6311012","MAIN"
"2.338.047.715","003","2008","7022002","SECO"
"2.338.047.715","003","2008","7021001","SECO"
"2.338.047.715","003","2008","6311011","MAIN"
"2.338.047.715","003","2008","46220","MAIN"
"2.338.047.715","003","2008","7731002","MAIN"
"2.338.047.715","003","2008","43994","MAIN"
"2.338.047.715","003","2008","72190","MAIN"
"2.338.047.715","003","2008","62020","MAIN"
"2.338.047.715","003","2008","4791003","MAIN"
"2.338.047.715","003","2008","63110","MAIN"
"2.338.047.715","003","2008","71113","MAIN"
"2.338.047.715","003","2008","41101","MAIN"
"2.338.047.715","003","2008","7111302","MAIN"
"2.338.047.715","003","2008","6202001","MAIN"
"2.338.047.715","003","2008","8130001","MAIN"
"2.338.047.715","003","2008","6810002","MAIN"
"2.338.047.715","003","2008","7731001","MAIN"
"2.338.047.715","003","2008","82110","MAIN"
"2.338.047.715","003","2008","82190","MAIN"
"2.338.047.715","003","2008","62030","MAIN"
"2.338.047.715","003","2008","47640","MAIN"
"2.338.047.715","003","2008","68201","MAIN"
"2.338.047.715","003","2008","46752","MAIN"
"2.338.047.715","003","2008","2110001","MAIN"
"2.338.047.715","003","2008","95110","SECO"
"2.338.047.715","003","2008","0161004","MAIN"
"2.338.047.715","003","2008","4399911","MAIN"
"2.338.047.715","003","2008","6810001","MAIN"
"2.338.047.715","003","2008","70220","MAIN"
"2.338.047.715","003","2008","4759902","MAIN"
"2.338.047.715","003","2008","6820103","MAIN"
"2.338.047.715","003","2008","47522","MAIN"
"2.338.047.715","003","2008","43999","MAIN"
"2.338.047.715","003","2008","6311013","MAIN"
"2.338.047.715","003","2008","68100","MAIN"
"2.338.047.715","003","2008","4332015","MAIN"
"2.338.047.715","003","2008","6820102","MAIN"
"2.338.047.715","003","2008","21100","MAIN"
"2.338.047.715","003","2008","46510","SECO"
"2.338.047.715","003","2008","70210","SECO"
"2.338.047.715","003","2008","4110102","MAIN"
"2.338.047.715","003","2008","77310","MAIN"
"2.338.047.715","003","2008","7219001","MAIN"
"2.338.047.715","003","2008","6820101","MAIN"
"2.338.047.715","003","2008","6311001","MAIN"
"2.338.047.715","003","2008","0161006","MAIN"
"2.338.047.715","003","2008","86909","MAIN"
"2.338.047.715","003","2008","7111301","MAIN"
"2.338.047.715","003","2008","4110101","MAIN"
"2.338.047.715","003","2008","8130002","MAIN"
"2.338.047.715","003","2008","4332013","MAIN"
"2.338.047.715","003","2008","4759101","MAIN"
"2.338.047.715","003","2025","4685201","MAIN"
"2.338.047.715","003","2025","8130001","MAIN"
"2.338.047.715","003","2025","86995","MAIN"
"2.338.047.715","003","2025","7111302","MAIN"
"2.338.047.715","003","2025","4740001","SECO"
"2.338.047.715","003","2025","4100106","MAIN"
"2.338.047.715","003","2025","7731001","MAIN"
"2.338.047.715","003","2025","62900","MAIN"
"2.338.047.715","003","2025","4332008","MAIN"
"2.338.047.715","003","2025","68121","MAIN"
"2.338.047.715","003","2025","86910","MAIN"
"2.338.047.715","003","2025","47761","MAIN"
"2.338.047.715","003","2025","47522","MAIN"
"2.338.047.715","003","2025","0161004","MAIN"
"2.338.047.715","003","2025","4332010","MAIN"
"2.338.047.715","003","2025","9510001","SECO"
"2.338.047.715","003","2025","6820103","MAIN"
"2.338.047.715","003","2025","6812101","MAIN"
"2.338.047.715","003","2025","4211001","MAIN"
"2.338.047.715","003","2025","62200","MAIN"
"2.338.047.715","003","2025","82990","SECO"
"2.338.047.715","003","2025","70200","MAIN"
"2.338.047.715","003","2025","0220001","MAIN"
"2.338.047.715","003","2025","46220","MAIN"
"2.338.047.715","003","2025","02400","MAIN"
"2.338.047.715","003","2025","4332003","MAIN"
"2.338.047.715","003","2025","68201","MAIN"
"2.338.047.715","003","2025","47639","MAIN"
"2.338.047.715","003","2025","7731002","MAIN"
"2.338.047.715","003","2025","4755902","MAIN"
"2.338.047.715","003","2025","46500","SECO"
"2.338.047.715","003","2025","4399004","MAIN"
"2.338.047.715","003","2025","73300","SECO"
"2.338.047.715","003","2025","6812102","MAIN"
"2.338.047.715","003","2025","71113","MAIN"
"2.338.047.715","003","2025","63910","MAIN"
"2.338.047.715","003","2025","4332005","MAIN"
"2.338.047.715","003","2025","74999","MAIN"
"2.338.047.715","003","2025","7020002","SECO"
"2.338.047.715","003","2025","73110","SECO"
"2.338.047.715","003","2025","82100","MAIN"
"2.338.047.715","003","2025","43331","MAIN"
"2.338.047.715","003","2025","43990","MAIN"
"2.338.047.715","003","2025","4755102","MAIN"
"2.338.047.715","003","2025","95100","SECO"
"2.338.047.715","003","2025","6811001","MAIN"
"2.338.047.715","003","2025","16230","MAIN"
"2.338.047.715","003","2025","21100","MAIN"
"2.338.047.715","003","2025","43910","MAIN"
"2.338.047.715","003","2025","6220001","MAIN"
"2.338.047.715","003","2025","62100","MAIN"
"2.338.047.715","003","2025","7210901","MAIN"
"2.338.047.715","003","2025","81300","MAIN"
"2.338.047.715","003","2025","4755101","MAIN"
"2.338.047.715","003","2025","6811002","MAIN"
"2.338.047.715","003","2025","6820102","MAIN"
"2.338.047.715","003","2025","47120","MAIN"
"2.338.047.715","003","2025","47551","MAIN"
"2.338.047.715","003","2025","72109","MAIN"
"2.338.047.715","003","2025","63920","SECO"
"2.338.047.715","003","2025","77310","MAIN"
"2.338.047.715","003","2025","7320002","MAIN"
"2.338.047.715","003","2025","0161006","MAIN"
"2.338.047.715","003","2025","7330001","SECO"
"2.338.047.715","003","2025","7111301","MAIN"
"2.338.047.715","003","2025","68110","MAIN"
"2.338.047.715","003","2025","8130002","MAIN"
"2.338.047.715","003","2025","7020001","SECO"
"2.338.047.715","003","2025","2110001","MAIN"
"2.338.047.715","003","2025","46852","MAIN"
"2.338.047.715","003","2025","63100","MAIN"
"2.338.047.715","003","2025","6820101","MAIN"
"2.338.047.715","003","2025","47400","SECO"
"2.339.506.475","003","2008","86210","MAIN"
"2.339.506.475","003","2025","58110","SECO"
"2.339.506.475","003","2025","90201","SECO"
"2.339.506.475","003","2025","86210","MAIN"
"2.339.506.475","003","2025","68203","SECO"
"2.339.506.475","003","2025","68201","SECO"
"2.339.506.475","003","2025","85599","SECO"
"2.339.506.475","003","2025","68110","SECO"
"2.339.506.475","003","2025","90111","SECO"
"2.339.506.475","003","2025","47610","SECO"
"2.339.965.444","003","2008","52210","MAIN"
"2.339.965.444","003","2008","49320","MAIN"
"2.339.965.444","003","2008","4932002","MAIN"
"2.339.965.444","003","2008","49410","MAIN"
"2.339.965.444","003","2008","4932001","MAIN"
"2.339.965.444","003","2008","5310003","MAIN"
"2.339.965.444","003","2008","46190","MAIN"
"2.339.965.444","003","2025","4324003","MAIN"
"2.339.965.444","003","2025","43990","MAIN"
"2.339.965.444","003","2025","43910","MAIN"
"2.339.965.444","003","2025","43331","MAIN"
"2.339.965.444","003","2025","43240","MAIN"
"2.339.965.444","003","2025","4322201","MAIN"
"2.339.965.444","003","2025","4399003","MAIN"
"2.339.965.444","003","2025","41003","MAIN"
"2.339.965.444","003","2025","43221","MAIN"
"2.339.965.444","003","2025","4332013","MAIN"
"2.339.965.444","003","2025","4933001","MAIN"
"2.339.965.444","003","2025","46190","MAIN"
"2.339.965.444","003","2025","43350","MAIN"
"2.339.965.444","003","2025","4322202","MAIN"
"2.339.965.444","003","2025","5310003","MAIN"
"2.339.965.444","003","2025","81220","MAIN"
"2.339.965.444","003","2025","4933002","MAIN"
"2.339.965.444","003","2025","8122011","MAIN"
"2.339.965.444","003","2025","42220","MAIN"
"2.339.965.444","003","2025","43211","MAIN"
"2.339.965.444","003","2025","42219","MAIN"
"2.339.965.444","003","2025","49410","MAIN"
"2.339.965.444","003","2025","43320","MAIN"
"2.339.965.444","003","2025","4335001","MAIN"
"2.339.965.444","003","2025","43310","MAIN"
"2.339.965.444","003","2025","43422","MAIN"
"2.339.965.444","003","2025","4324002","MAIN"
"2.339.965.444","003","2025","4334201","MAIN"
"2.339.965.444","003","2025","4335002","MAIN"
"2.339.965.444","003","2025","4221902","MAIN"
"2.339.965.444","003","2025","52210","MAIN"
"2.339.965.444","003","2025","4222001","MAIN"
"2.339.965.444","003","2025","4322101","MAIN"
"2.339.965.444","003","2025","41002","MAIN"
"2.339.965.444","003","2025","43212","MAIN"
"2.339.965.444","003","2025","43110","MAIN"
"2.339.965.444","003","2025","4324005","MAIN"
"2.339.965.444","003","2025","43223","MAIN"
"2.339.965.444","003","2025","4322203","MAIN"
"2.339.965.444","003","2025","41001","MAIN"
"2.339.965.444","003","2025","4321103","MAIN"
"2.339.965.444","003","2025","4331001","MAIN"
"2.339.965.444","003","2025","43222","MAIN"
"2.339.965.444","003","2025","4321101","MAIN"
"2.339.965.444","003","2025","49330","MAIN"
"2.339.965.444","003","2025","8122002","MAIN"
"2.339.965.444","003","2025","43230","MAIN"
"2.340.095.603","006","2025","46180","MAIN"
"2.340.095.603","003","2008","47640","MAIN"
"2.340.095.603","003","2008","46499","MAIN"
"2.340.095.603","003","2008","4615009","MAIN"
"2.340.095.603","003","2008","46496","MAIN"
"2.340.095.603","003","2008","46180","MAIN"
"2.340.095.603","003","2025","46496","MAIN"
"2.340.095.603","003","2025","46180","MAIN"
"2.340.095.603","003","2025","46499","MAIN"
"2.340.095.603","003","2025","47639","MAIN"
"2.340.095.603","003","2025","4618035","MAIN"
"2.340.397.291","003","2025","47910","MAIN"
"2.340.412.634","003","2025","82990","MAIN"
"2.340.412.634","003","2025","7330001","MAIN"
"2.340.412.634","003","2025","63920","MAIN"
"2.340.412.634","003","2025","82100","MAIN"
"2.341.056.990","003","2008","86220","MAIN"
"2.341.056.990","003","2025","96220","SECO"
"2.341.056.990","003","2025","86220","MAIN"
"2.341.717.580","003","2025","95319","SECO"
"2.341.717.580","003","2025","95312","SECO"
"2.341.717.580","003","2025","82990","SECO"
"2.341.717.580","003","2025","46190","MAIN"
"2.341.717.580","003","2025","68201","SECO"
"2.341.717.580","003","2025","4671201","SECO"
"2.341.717.580","003","2025","68203","SECO"
"2.341.717.580","003","2025","68204","SECO"
"2.341.717.580","003","2025","47812","SECO"
"2.341.717.580","003","2025","47820","SECO"
"2.341.717.580","003","2025","33120","SECO"
"2.341.717.580","003","2025","46712","SECO"
"2.341.717.580","003","2025","25530","SECO"
"2.341.717.580","003","2025","68110","SECO"
"2.341.717.580","003","2025","46720","SECO"
"2.341.717.580","003","2025","46110","MAIN"
"2.341.717.580","003","2025","77399","SECO"
"2.341.717.580","003","2025","77310","SECO"
"2.341.717.580","003","2025","95315","SECO"
"2.342.052.330","003","2008","46510","MAIN"
"2.342.052.330","003","2008","62020","MAIN"
"2.342.052.330","003","2008","62090","MAIN"
"2.342.052.330","003","2008","62030","MAIN"
"2.342.052.330","003","2008","47410","MAIN"
"2.342.052.330","003","2025","46500","MAIN"
"2.342.052.330","003","2025","95100","SECO"
"2.342.052.330","003","2025","62200","MAIN"
"2.342.052.330","003","2025","62100","SECO"
"2.342.052.330","003","2025","6220002","SECO"
"2.342.052.330","003","2025","6220001","SECO"
"2.342.052.330","003","2025","47400","MAIN"
"2.342.052.330","003","2025","77330","SECO"
"2.342.052.330","003","2025","62900","MAIN"
"2.342.097.167","003","2008","90031","MAIN"
"2.342.097.167","003","2008","82300","MAIN"
"2.342.097.167","003","2008","85520","MAIN"
"2.342.097.167","003","2008","47789","MAIN"
"2.342.097.167","003","2008","47910","MAIN"
"2.342.097.167","003","2025","47120","MAIN"
"2.342.097.167","003","2025","47789","MAIN"
"2.342.097.167","003","2025","90111","MAIN"
"2.342.097.167","003","2025","85520","MAIN"
"2.342.097.167","003","2025","82300","MAIN"
"2.342.097.167","003","2025","47910","SECO"
"2.342.657.589","006","2025","43990","MAIN"
"2.342.657.589","003","2008","43221","MAIN"
"2.342.657.589","003","2008","43331","MAIN"
"2.342.657.589","003","2008","43310","MAIN"
"2.342.657.589","003","2008","43211","MAIN"
"2.342.657.589","003","2008","43390","MAIN"
"2.342.657.589","003","2008","43212","MAIN"
"2.342.657.589","003","2008","43110","MAIN"
"2.342.657.589","003","2008","43996","MAIN"
"2.342.657.589","003","2008","43222","MAIN"
"2.342.657.589","003","2008","81100","MAIN"
"2.342.657.589","003","2008","43120","MAIN"
"2.342.657.589","003","2008","43994","MAIN"
"2.342.657.589","003","2008","43999","MAIN"
"2.342.657.589","003","2008","43342","MAIN"
"2.342.657.589","003","2008","43291","MAIN"
"2.342.657.589","003","2025","43222","MAIN"
"2.342.657.589","003","2025","43110","MAIN"
"2.342.657.589","003","2025","43310","MAIN"
"2.342.657.589","003","2025","43212","MAIN"
"2.342.657.589","003","2025","43211","MAIN"
"2.342.657.589","003","2025","81100","MAIN"
"2.342.657.589","003","2025","43422","MAIN"
"2.342.657.589","003","2025","43910","MAIN"
"2.342.657.589","003","2025","43221","MAIN"
"2.342.657.589","003","2025","43990","MAIN"
"2.342.657.589","003","2025","43350","MAIN"
"2.342.657.589","003","2025","43331","MAIN"
"2.342.657.589","003","2025","43120","MAIN"
"2.342.657.589","003","2025","43342","MAIN"
"2.342.657.589","003","2025","43230","MAIN"
"2.343.385.980","003","2025","85599","SECO"
"2.343.385.980","003","2025","72109","SECO"
"2.343.385.980","003","2025","85592","SECO"
"2.343.385.980","003","2025","49320","SECO"
"2.343.385.980","003","2025","72101","SECO"
"2.343.385.980","003","2025","63920","SECO"
"2.343.385.980","003","2025","7020001","SECO"
"2.343.385.980","003","2025","86940","MAIN"
"2.343.914.730","006","2025","47551","MAIN"
"2.343.914.730","003","2008","4332013","MAIN"
"2.343.914.730","003","2008","4332021","MAIN"
"2.343.914.730","003","2008","4332014","MAIN"
"2.343.914.730","003","2008","4332001","MAIN"
"2.343.914.730","003","2008","47591","MAIN"
"2.343.914.730","003","2008","43320","MAIN"
"2.343.914.730","003","2025","4332012","MAIN"
"2.343.914.730","003","2025","43320","MAIN"
"2.343.914.730","003","2025","47551","MAIN"
"2.343.914.730","003","2025","4332001","MAIN"
"2.343.914.730","003","2025","4332008","MAIN"
"2.343.914.730","003","2025","4332009","MAIN"
"2.344.851.472","003","2008","5621001","MAIN"
"2.344.851.472","003","2025","56301","SECO"
"2.344.851.472","003","2025","7010001","MAIN"
"2.344.851.472","003","2025","56210","SECO"
"2.344.851.472","003","2025","5611101","SECO"
"2.344.851.472","003","2025","5621001","MAIN"
"2.344.851.472","003","2025","70100","MAIN"
"2.344.851.472","003","2025","4727903","SECO"
"2.344.851.472","003","2025","56112","SECO"
"2.344.851.472","003","2025","70200","MAIN"
"2.344.851.472","003","2025","73300","MAIN"
"2.344.851.472","003","2025","56220","SECO"
"2.344.851.472","003","2025","5621002","SECO"
"2.345.717.346","003","2008","43212","MAIN"
"2.345.717.346","003","2008","42211","MAIN"
"2.345.717.346","003","2008","43211","MAIN"
"2.345.717.346","003","2008","4321101","MAIN"
"2.345.717.346","003","2025","42220","SECO"
"2.345.717.346","003","2025","4321101","MAIN"
"2.345.717.346","003","2025","42211","MAIN"
"2.345.717.346","003","2025","4222001","SECO"
"2.345.717.346","003","2025","43211","MAIN"
"2.345.717.346","003","2025","43212","MAIN"
"2.345.855.225","006","2025","41001","MAIN"
"2.345.855.225","003","2008","93299","MAIN"
"2.345.855.225","003","2008","82990","MAIN"
"2.345.855.225","003","2008","93199","MAIN"
"2.345.855.225","003","2008","9319902","MAIN"
"2.345.855.225","003","2008","5621002","MAIN"
"2.345.855.225","003","2008","96099","MAIN"
"2.345.855.225","003","2008","9319901","MAIN"
"2.345.855.225","003","2025","9319902","MAIN"
"2.345.855.225","003","2025","9319901","MAIN"
"2.345.855.225","003","2025","93199","MAIN"
"2.345.855.225","003","2025","93299","MAIN"
"2.345.855.225","003","2025","82990","MAIN"
"2.345.855.225","003","2025","96999","MAIN"
"2.345.855.225","003","2025","5621002","MAIN"
"2.345.932.132","003","2008","43994","MAIN"
"2.345.932.132","003","2008","43110","MAIN"
"2.345.932.132","003","2008","43291","MAIN"
"2.345.932.132","003","2025","43910","MAIN"
"2.345.932.132","003","2025","41002","SECO"
"2.345.932.132","003","2025","43421","MAIN"
"2.345.932.132","003","2025","4322301","SECO"
"2.345.932.132","003","2025","4100302","SECO"
"2.345.932.132","003","2025","43230","MAIN"
"2.345.932.132","003","2025","4100101","SECO"
"2.345.932.132","003","2025","8122011","SECO"
"2.345.932.132","003","2025","43110","MAIN"
"2.345.932.132","003","2025","43990","SECO"
"2.345.932.132","003","2025","43331","SECO"
"2.345.932.132","003","2025","4299011","SECO"
"2.345.932.132","003","2025","4299001","SECO"
"2.345.932.132","003","2025","4312001","SECO"
"2.345.932.132","003","2025","43410","MAIN"
"2.345.932.132","003","2025","41001","SECO"
"2.345.932.132","003","2025","4399001","SECO"
"2.345.932.132","003","2025","41003","SECO"
"2.346.480.082","003","2008","47716","MAIN"
"2.346.480.082","003","2008","4791001","MAIN"
"2.346.480.082","003","2008","47910","MAIN"
"2.346.480.082","003","2025","47716","MAIN"
"2.346.480.082","003","2025","47120","MAIN"
"2.347.252.124","003","2008","88101","MAIN"
"2.347.252.124","003","2025","9622003","MAIN"
"2.347.252.124","003","2025","88101","MAIN"
"2.347.581.330","003","2008","56301","MAIN"
"2.347.581.330","003","2008","5610105","MAIN"
"2.347.581.330","003","2008","5610205","MAIN"
"2.347.581.330","003","2025","56301","MAIN"
"2.347.581.330","003","2025","47260","SECO"
"2.347.581.330","003","2025","56112","MAIN"
"2.347.581.330","003","2025","5611105","MAIN"
"2.348.783.140","003","2008","7729901","MAIN"
"2.348.783.140","003","2008","77293","MAIN"
"2.348.783.140","003","2008","77299","MAIN"
"2.348.783.140","003","2025","70200","MAIN"
"2.348.783.140","003","2025","77223","MAIN"
"2.348.783.140","003","2025","68110","SECO"
"2.348.783.140","003","2025","7722911","MAIN"
"2.348.783.140","003","2025","77229","MAIN"
"2.348.783.140","003","2025","68201","SECO"
"2.349.503.415","003","2025","81300","MAIN"
"2.349.503.415","003","2025","8130001","SECO"
"2.349.503.415","003","2025","8130002","SECO"
"2.350.411.948","006","2025","56112","MAIN"
"2.350.411.948","003","2008","56102","SECO"
"2.350.411.948","003","2008","56290","SECO"
"2.350.411.948","003","2008","5610101","MAIN"
"2.350.411.948","003","2008","56101","MAIN"
"2.350.411.948","003","2008","5610201","SECO"
"2.350.411.948","003","2025","56220","SECO"
"2.350.411.948","003","2025","5611101","MAIN"
"2.350.411.948","003","2025","56111","MAIN"
"2.350.411.948","003","2025","56112","SECO"
"2.351.980.576","006","2025","49330","MAIN"
"2.351.980.576","003","2008","49390","MAIN"
"2.351.980.576","003","2008","4932002","MAIN"
"2.351.980.576","003","2008","4932001","MAIN"
"2.351.980.576","003","2008","49320","MAIN"
"2.351.980.576","003","2025","49330","MAIN"
"2.351.980.576","003","2025","49320","MAIN"
"2.351.980.576","003","2025","4933001","MAIN"
"2.351.980.576","003","2025","4933002","MAIN"
"2.352.313.940","003","2008","68202","MAIN"
"2.352.313.940","003","2008","41102","MAIN"
"2.352.313.940","003","2008","41101","MAIN"
"2.352.313.940","003","2008","68203","MAIN"
"2.352.313.940","003","2008","68201","MAIN"
"2.352.313.940","003","2025","68203","MAIN"
"2.352.313.940","003","2025","68122","MAIN"
"2.352.313.940","003","2025","68121","MAIN"
"2.352.313.940","003","2025","68201","MAIN"
"2.352.313.940","003","2025","68202","MAIN"
"2.352.313.940","003","2025","70200","SECO"
"2.352.877.035","003","2008","82300","SECO"
"2.352.877.035","003","2008","5621002","SECO"
"2.352.877.035","003","2008","5621001","MAIN"
"2.352.877.035","003","2008","56102","MAIN"
"2.352.877.035","003","2008","56210","MAIN"
"2.352.877.035","003","2025","82300","SECO"
"2.352.877.035","003","2025","56210","MAIN"
"2.352.877.035","003","2025","5621002","SECO"
"2.352.877.035","003","2025","82990","MAIN"
"2.352.877.035","003","2025","5621001","MAIN"
"2.352.877.035","003","2025","81220","SECO"
"2.352.877.035","003","2025","56120","MAIN"
"2.352.877.035","003","2025","38110","SECO"
"2.352.877.035","003","2025","4335001","SECO"
"2.352.879.015","003","2025","95316","SECO"
"2.352.879.015","003","2025","7711001","SECO"
"2.352.879.015","003","2025","4782002","SECO"
"2.352.879.015","003","2025","4781101","MAIN"
"2.352.980.171","006","2025","56111","MAIN"
"2.352.980.171","003","2008","5610101","MAIN"
"2.352.980.171","003","2008","5610205","SECO"
"2.352.980.171","003","2008","5610204","SECO"
"2.352.980.171","003","2008","56102","MAIN"
"2.352.980.171","003","2008","5610105","SECO"
"2.352.980.171","003","2008","5610202","SECO"
"2.352.980.171","003","2008","5610203","SECO"
"2.352.980.171","003","2008","5610201","SECO"
"2.352.980.171","003","2025","5611101","MAIN"
"2.352.980.171","003","2025","56112","MAIN"
"2.352.980.171","003","2025","5611105","SECO"
"2.353.097.957","003","2025","71121","SECO"
"2.353.097.957","003","2025","82990","MAIN"
"2.353.097.957","003","2025","82100","MAIN"
"2.353.097.957","003","2025","71201","SECO"
"2.353.097.957","003","2025","01610","SECO"
"2.353.097.957","003","2025","74201","SECO"
"2.354.107.153","003","2025","43221","SECO"
"2.354.107.153","003","2025","43310","MAIN"
"2.354.107.153","003","2025","43990","SECO"
"2.354.107.153","003","2025","43222","SECO"
"2.354.107.153","003","2025","33140","SECO"
"2.354.107.153","003","2025","43223","SECO"
"2.354.107.153","003","2025","71121","SECO"
"2.354.107.153","003","2025","43240","SECO"
"2.354.107.153","003","2025","33130","SECO"
"2.354.107.153","003","2025","43212","SECO"
"2.354.107.153","003","2025","43211","SECO"
"2.355.068.344","003","2008","86904","MAIN"
"2.355.068.344","003","2025","86931","MAIN"
"2.355.246.805","003","2025","53200","MAIN"
"2.355.668.061","003","2025","86996","MAIN"
"2.356.312.518","006","2025","53200","MAIN"
"2.356.312.518","006","2008","53200","MAIN"
"2.356.312.518","003","2008","53200","MAIN"
"2.356.312.518","003","2008","5320001","MAIN"
"2.356.312.518","003","2025","9531901","SECO"
"2.356.312.518","003","2025","95311","SECO"
"2.356.312.518","003","2025","53200","MAIN"
"2.356.312.518","003","2025","5320001","MAIN"
"2.356.312.518","003","2025","49410","MAIN"
"2.356.312.518","003","2025","95312","SECO"
"2.356.312.518","003","2025","82990","SECO"
"2.356.312.518","003","2025","52250","MAIN"
"2.356.386.653","006","2025","43120","MAIN"
"2.356.386.653","003","2008","41101","MAIN"
"2.356.386.653","003","2008","43299","MAIN"
"2.356.386.653","003","2008","43332","MAIN"
"2.356.386.653","003","2008","43991","MAIN"
"2.356.386.653","003","2008","43110","MAIN"
"2.356.386.653","003","2008","4110102","MAIN"
"2.356.386.653","003","2008","43222","MAIN"
"2.356.386.653","003","2008","43120","MAIN"
"2.356.386.653","003","2008","46130","MAIN"
"2.356.386.653","003","2008","82990","MAIN"
"2.356.386.653","003","2008","43291","MAIN"
"2.356.386.653","003","2008","43992","MAIN"
"2.356.386.653","003","2008","43999","MAIN"
"2.356.386.653","003","2008","43994","MAIN"
"2.356.386.653","003","2008","43996","MAIN"
"2.356.386.653","003","2008","43331","MAIN"
"2.356.386.653","003","2008","43130","MAIN"
"2.356.386.653","003","2008","43390","MAIN"
"2.356.386.653","003","2008","43310","MAIN"
"2.356.386.653","003","2008","46190","MAIN"
"2.356.386.653","003","2008","43910","MAIN"
"2.356.386.653","003","2008","4110101","MAIN"
"2.356.386.653","003","2008","43211","MAIN"
"2.356.386.653","003","2008","43320","MAIN"
"2.356.386.653","003","2025","42219","SECO"
"2.356.386.653","003","2025","42110","SECO"
"2.356.386.653","003","2025","46190","MAIN"
"2.356.386.653","003","2025","43320","MAIN"
"2.356.386.653","003","2025","4211003","SECO"
"2.356.386.653","003","2025","42212","SECO"
"2.356.386.653","003","2025","4221903","SECO"
"2.356.386.653","003","2025","4332008","SECO"
"2.356.386.653","003","2025","43331","MAIN"
"2.356.386.653","003","2025","43990","MAIN"
"2.356.386.653","003","2025","43240","MAIN"
"2.356.386.653","003","2025","6812102","MAIN"
"2.356.386.653","003","2025","43130","MAIN"
"2.356.386.653","003","2025","4221902","SECO"
"2.356.386.653","003","2025","43332","MAIN"
"2.356.386.653","003","2025","43120","MAIN"
"2.356.386.653","003","2025","6812101","MAIN"
"2.356.386.653","003","2025","43230","MAIN"
"2.356.386.653","003","2025","43211","MAIN"
"2.356.386.653","003","2025","43222","MAIN"
"2.356.386.653","003","2025","82990","MAIN"
"2.356.386.653","003","2025","4211001","SECO"
"2.356.386.653","003","2025","43350","MAIN"
"2.356.386.653","003","2025","81220","MAIN"
"2.356.386.653","003","2025","43110","MAIN"
"2.356.386.653","003","2025","46130","MAIN"
"2.356.386.653","003","2025","42211","SECO"
"2.356.386.653","003","2025","43410","MAIN"
"2.356.386.653","003","2025","43910","MAIN"
"2.356.386.653","003","2025","68121","MAIN"
"2.356.386.653","003","2025","43310","MAIN"
"2.356.386.653","003","2025","43421","MAIN"
"2.356.386.653","003","2025","43422","MAIN"
"2.356.797.914","003","2008","45320","MAIN"
"2.356.797.914","003","2008","45193","MAIN"
"2.356.797.914","003","2008","45113","MAIN"
"2.356.797.914","003","2025","4672001","SECO"
"2.356.797.914","003","2025","9531301","SECO"
"2.356.797.914","003","2025","95312","SECO"
"2.356.797.914","003","2025","4782001","SECO"
"2.356.797.914","003","2025","47811","MAIN"
"2.356.797.914","003","2025","9531302","SECO"
"2.356.797.914","003","2025","46730","SECO"
"2.356.797.914","003","2025","46180","SECO"
"2.356.797.914","003","2025","47820","MAIN"
"2.356.797.914","003","2025","47812","MAIN"
"2.356.797.914","003","2025","95314","SECO"
"2.356.797.914","003","2025","95319","SECO"
"2.356.797.914","003","2025","95313","SECO"
"2.356.797.914","003","2025","7120904","SECO"
"2.356.797.914","003","2025","71209","MAIN"
"2.356.797.914","003","2025","33120","SECO"
"2.356.797.914","003","2025","9531901","SECO"
"2.356.797.914","003","2025","95311","SECO"
"2.356.797.914","003","2025","7120901","SECO"
"2.356.797.914","003","2025","3312001","SECO"
"2.356.797.914","003","2025","47830","SECO"
"2.356.797.914","003","2025","74999","MAIN"
"2.357.890.252","003","2008","43999","MAIN"
"2.357.890.252","003","2008","43994","MAIN"
"2.357.890.252","003","2008","4399902","MAIN"
"2.357.890.252","003","2008","43110","MAIN"
"2.357.890.252","003","2008","4329101","MAIN"
"2.357.890.252","003","2008","4299001","MAIN"
"2.357.890.252","003","2008","43331","MAIN"
"2.357.890.252","003","2008","4211001","MAIN"
"2.357.890.252","003","2008","43320","MAIN"
"2.357.890.252","003","2008","4399901","MAIN"
"2.357.890.252","003","2008","4332031","MAIN"
"2.357.890.252","003","2008","41202","MAIN"
"2.357.890.252","003","2008","43120","MAIN"
"2.357.890.252","003","2008","4329901","MAIN"
"2.357.890.252","003","2008","43291","MAIN"
"2.357.890.252","003","2008","4312003","MAIN"
"2.357.890.252","003","2008","4399401","MAIN"
"2.357.890.252","003","2008","43390","MAIN"
"2.357.890.252","003","2008","4399601","MAIN"
"2.357.890.252","003","2008","4312011","MAIN"
"2.357.890.252","003","2008","4399905","MAIN"
"2.357.890.252","003","2008","43996","MAIN"
"2.357.890.252","003","2008","4399402","MAIN"
"2.357.890.252","003","2008","4312001","MAIN"
"2.357.890.252","003","2008","4120121","MAIN"
"2.357.890.252","003","2008","4399904","MAIN"
"2.357.890.252","003","2008","4120101","MAIN"
"2.357.890.252","003","2008","4311001","MAIN"
"2.357.890.252","003","2008","4120122","MAIN"
"2.357.890.252","003","2025","43230","SECO"
"2.357.890.252","003","2025","4312005","SECO"
"2.357.890.252","003","2025","4100105","SECO"
"2.357.890.252","003","2025","4391001","SECO"
"2.357.890.252","003","2025","4100106","SECO"
"2.357.890.252","003","2025","43120","SECO"
"2.357.890.252","003","2025","43990","SECO"
"2.357.890.252","003","2025","43110","SECO"
"2.357.890.252","003","2025","4211001","SECO"
"2.357.890.252","003","2025","43331","MAIN"
"2.357.890.252","003","2025","4299001","SECO"
"2.357.890.252","003","2025","4100101","SECO"
"2.357.890.252","003","2025","4312001","SECO"
"2.357.890.252","003","2025","43422","MAIN"
"2.357.890.252","003","2025","4342903","SECO"
"2.357.890.252","003","2025","4391002","SECO"
"2.357.890.252","003","2025","4399002","SECO"
"2.357.890.252","003","2025","43320","SECO"
"2.357.890.252","003","2025","4324001","SECO"
"2.357.890.252","003","2025","4311001","SECO"
"2.357.890.252","003","2025","4312003","SECO"
"2.357.890.252","003","2025","4399001","SECO"
"2.357.890.252","003","2025","41002","SECO"
"2.357.890.252","003","2025","43410","MAIN"
"2.357.890.252","003","2025","43350","MAIN"
"2.357.890.252","003","2025","4342901","SECO"
"2.357.890.252","003","2025","4323001","SECO"
"2.357.890.252","003","2025","4332013","SECO"
"2.357.890.252","003","2025","43910","MAIN"
"2.358.027.537","003","2025","95319","MAIN"
"2.358.027.537","003","2025","95316","MAIN"
"2.358.193.031","003","2025","53200","MAIN"
"2.358.193.031","003","2025","68110","SECO"
"2.358.193.031","003","2025","81100","SECO"
"2.358.193.031","003","2025","53100","MAIN"
"2.358.193.031","003","2025","49410","MAIN"
"2.358.193.031","003","2025","82990","SECO"
"2.358.193.031","003","2025","68203","SECO"
"2.358.193.031","003","2025","68201","SECO"
"2.359.512.330","006","2025","25530","MAIN"
"2.359.512.330","003","2008","3109901","MAIN"
"2.359.512.330","003","2008","4329903","MAIN"
"2.359.512.330","003","2008","3109111","MAIN"
"2.359.512.330","003","2008","4120122","MAIN"
"2.359.512.330","003","2008","4399201","MAIN"
"2.359.512.330","003","2008","45204","MAIN"
"2.359.512.330","003","2008","4333201","MAIN"
"2.359.512.330","003","2008","29201","MAIN"
"2.359.512.330","003","2008","4329904","MAIN"
"2.359.512.330","003","2008","8130001","MAIN"
"2.359.512.330","003","2008","8130002","MAIN"
"2.359.512.330","003","2008","4520101","MAIN"
"2.359.512.330","003","2008","45113","MAIN"
"2.359.512.330","003","2008","3109121","MAIN"
"2.359.512.330","003","2008","4391003","MAIN"
"2.359.512.330","003","2008","41201","MAIN"
"2.359.512.330","003","2008","7111103","MAIN"
"2.359.512.330","003","2008","31092","MAIN"
"2.359.512.330","003","2008","4329101","MAIN"
"2.359.512.330","003","2008","2920101","MAIN"
"2.359.512.330","003","2008","4339001","MAIN"
"2.359.512.330","003","2008","2511003","MAIN"
"2.359.512.330","003","2008","4331001","MAIN"
"2.359.512.330","003","2008","8122001","MAIN"
"2.359.512.330","003","2008","4391002","MAIN"
"2.359.512.330","003","2008","43910","MAIN"
"2.359.512.330","003","2008","25110","MAIN"
"2.359.512.330","003","2008","9524001","MAIN"
"2.359.512.330","003","2008","4391001","MAIN"
"2.359.512.330","003","2008","41203","MAIN"
"2.359.512.330","003","2008","4339002","MAIN"
"2.359.512.330","003","2008","4322101","MAIN"
"2.359.512.330","003","2008","43390","MAIN"
"2.359.512.330","003","2008","2223001","MAIN"
"2.359.512.330","003","2008","8122003","MAIN"
"2.359.512.330","003","2008","4329901","MAIN"
"2.359.512.330","003","2008","2511001","MAIN"
"2.359.512.330","003","2008","7112204","MAIN"
"2.359.512.330","003","2008","43291","MAIN"
"2.359.512.330","003","2008","43999","MAIN"
"2.359.512.330","003","2008","4520901","MAIN"
"2.359.512.330","003","2008","2550102","MAIN"
"2.359.512.330","003","2008","41102","MAIN"
"2.359.512.330","003","2008","7111104","MAIN"
"2.359.512.330","003","2008","2920102","MAIN"
"2.359.512.330","003","2008","8122002","MAIN"
"2.359.512.330","003","2008","9529008","MAIN"
"2.359.512.330","003","2008","4511301","MAIN"
"2.359.512.330","003","2025","29201","MAIN"
"2.359.512.330","003","2025","2223001","MAIN"
"2.359.512.330","003","2025","4341001","MAIN"
"2.359.512.330","003","2025","41001","MAIN"
"2.359.512.330","003","2025","68122","MAIN"
"2.359.512.330","003","2025","43350","MAIN"
"2.359.512.330","003","2025","41003","MAIN"
"2.359.512.330","003","2025","8122011","MAIN"
"2.359.512.330","003","2025","43990","MAIN"
"2.359.512.330","003","2025","95314","MAIN"
"2.359.512.330","003","2025","4333201","MAIN"
"2.359.512.330","003","2025","4324004","MAIN"
"2.359.512.330","003","2025","7112203","MAIN"
"2.359.512.330","003","2025","2540102","MAIN"
"2.359.512.330","003","2025","4335002","MAIN"
"2.359.512.330","003","2025","4341003","MAIN"
"2.359.512.330","003","2025","4324003","MAIN"
"2.359.512.330","003","2025","4781101","MAIN"
"2.359.512.330","003","2025","3100404","MAIN"
"2.359.512.330","003","2025","25110","MAIN"
"2.359.512.330","003","2025","4323001","MAIN"
"2.359.512.330","003","2025","9531901","MAIN"
"2.359.512.330","003","2025","8130001","MAIN"
"2.359.512.330","003","2025","4335001","MAIN"
"2.359.512.330","003","2025","4324001","MAIN"
"2.359.512.330","003","2025","8130002","MAIN"
"2.359.512.330","003","2025","4341002","MAIN"
"2.359.512.330","003","2025","31009","MAIN"
"2.359.512.330","003","2025","3100403","MAIN"
"2.359.512.330","003","2025","3100901","MAIN"
"2.359.512.330","003","2025","2511001","MAIN"
"2.359.512.330","003","2025","8122001","MAIN"
"2.359.512.330","003","2025","4331001","MAIN"
"2.359.512.330","003","2025","4322101","MAIN"
"2.359.512.330","003","2025","8122002","MAIN"
"2.359.512.330","003","2025","43410","MAIN"
"2.359.512.330","003","2025","2511003","MAIN"
"2.359.512.330","003","2025","9524001","MAIN"
"2.359.512.330","003","2025","2920101","MAIN"
"2.359.512.330","003","2025","9531101","MAIN"
"2.359.512.330","003","2025","8122003","MAIN"
"2.359.512.330","003","2025","47811","MAIN"
"2.359.512.330","003","2025","7111104","MAIN"
"2.359.512.330","003","2025","43230","MAIN"
"2.359.512.330","003","2025","4100106","MAIN"
"2.359.512.330","003","2025","7111103","MAIN"
"2.359.512.330","003","2025","2920102","MAIN"
"2.359.512.330","003","2025","9529008","MAIN"
"2.360.143.721","003","2008","1813013","MAIN"
"2.360.143.721","003","2008","82990","SECO"
"2.360.143.721","003","2008","86904","SECO"
"2.360.143.721","003","2008","85593","MAIN"
"2.360.143.721","003","2008","85599","MAIN"
"2.360.143.721","003","2008","7311003","SECO"
"2.360.143.721","003","2008","47650","MAIN"
"2.360.143.721","003","2008","74103","SECO"
"2.360.143.721","003","2008","32400","MAIN"
"2.360.143.721","003","2025","4618035","SECO"
"2.360.143.721","003","2025","85593","MAIN"
"2.360.143.721","003","2025","74120","SECO"
"2.360.143.721","003","2025","47640","MAIN"
"2.360.143.721","003","2025","86931","SECO"
"2.360.143.721","003","2025","47610","SECO"
"2.360.143.721","003","2025","90111","SECO"
"2.360.143.721","003","2025","9329905","SECO"
"2.360.143.721","003","2025","32400","MAIN"
"2.360.143.721","003","2025","7311003","SECO"
"2.360.143.721","003","2025","46497","SECO"
"2.360.143.721","003","2025","85599","MAIN"
"2.360.143.721","003","2025","5811001","SECO"
"2.360.143.721","003","2025","85510","SECO"
"2.360.143.721","003","2025","82990","SECO"
"2.360.143.721","003","2025","1813005","MAIN"
"2.360.442.243","003","2025","47715","MAIN"
"2.360.501.532","003","2025","47120","MAIN"
"2.360.767.984","003","2025","47120","MAIN"
"2.360.767.984","003","2025","47910","MAIN"
"2.360.787.582","006","2025","70200","MAIN"
"2.360.787.582","006","2008","70220","MAIN"
"2.360.787.582","003","2008","70100","MAIN"
"2.360.787.582","003","2008","7022001","MAIN"
"2.360.787.582","003","2008","6420011","MAIN"
"2.360.787.582","003","2008","7021001","MAIN"
"2.360.787.582","003","2025","70100","MAIN"
"2.360.787.582","003","2025","77400","SECO"
"2.360.787.582","003","2025","68201","SECO"
"2.360.787.582","003","2025","7020001","MAIN"
"2.360.787.582","003","2025","7330001","MAIN"
"2.360.787.582","003","2025","6820101","SECO"
"2.360.787.582","003","2025","6820401","SECO"
"2.360.787.582","003","2025","6820301","SECO"
"2.360.787.582","003","2025","68204","SECO"
"2.360.787.582","003","2025","64210","SECO"
"2.360.787.582","003","2025","7010001","MAIN"
"2.360.787.582","003","2025","68203","SECO"
"2.360.787.582","003","2025","68110","SECO"
"2.361.013.454","003","2025","86951","MAIN"
"2.361.013.454","003","2025","86995","SECO"
"2.361.519.636","003","2008","7022002","MAIN"
"2.361.519.636","003","2008","4619001","MAIN"
"2.361.519.636","003","2008","7022001","MAIN"
"2.361.519.636","003","2008","46190","MAIN"
"2.361.519.636","003","2008","70220","MAIN"
"2.361.519.636","003","2025","4619001","SECO"
"2.361.519.636","003","2025","56220","MAIN"
"2.361.519.636","003","2025","70200","SECO"
"2.361.519.636","003","2025","7020002","SECO"
"2.361.519.636","003","2025","4755101","MAIN"
"2.361.519.636","003","2025","69109","MAIN"
"2.361.519.636","003","2025","46190","SECO"
"2.361.519.636","003","2025","56112","MAIN"
"2.361.519.636","003","2025","56111","MAIN"
"2.361.519.636","003","2025","7020001","SECO"
"2.361.539.432","003","2008","74109","MAIN"
"2.361.539.432","003","2008","1813013","MAIN"
"2.361.539.432","003","2008","1813012","MAIN"
"2.361.539.432","003","2008","74103","MAIN"
"2.361.539.432","003","2025","74120","MAIN"
"2.361.539.432","003","2025","74140","MAIN"
"2.361.539.432","003","2025","1813004","MAIN"
"2.361.539.432","003","2025","1813005","MAIN"
"2.361.553.684","006","2025","47621","MAIN"
"2.361.553.684","006","2008","47620","MAIN"
"2.361.553.684","003","2008","47620","MAIN"
"2.361.553.684","003","2008","92000","MAIN"
"2.361.553.684","003","2008","47112","MAIN"
"2.361.553.684","003","2008","47260","MAIN"
"2.361.553.684","003","2008","47252","MAIN"
"2.361.553.684","003","2025","7311003","SECO"
"2.361.553.684","003","2025","47811","SECO"
"2.361.553.684","003","2025","92000","MAIN"
"2.361.553.684","003","2025","47621","MAIN"
"2.361.553.684","003","2025","70200","SECO"
"2.361.553.684","003","2025","41001","SECO"
"2.361.553.684","003","2025","7311002","SECO"
"2.361.553.684","003","2025","47110","MAIN"
"2.361.553.684","003","2025","73300","SECO"
"2.361.553.684","003","2025","4100106","SECO"
"2.361.553.684","003","2025","7311001","SECO"
"2.361.553.684","003","2025","47260","MAIN"
"2.361.553.684","003","2025","4100105","SECO"
"2.361.553.684","003","2025","47252","MAIN"
"2.361.553.684","003","2025","4100104","SECO"
"2.361.553.684","003","2025","47812","SECO"
"2.361.553.684","003","2025","47622","SECO"
"2.361.553.684","003","2025","4100103","SECO"
"2.361.553.684","003","2025","4100101","SECO"
"2.361.553.684","003","2025","7311006","SECO"
"2.361.553.684","003","2025","47251","SECO"
"2.361.553.684","003","2025","4100102","SECO"
"2.362.222.786","003","2008","6420012","MAIN"
"2.362.222.786","003","2008","70220","MAIN"
"2.362.222.786","003","2025","52260","SECO"
"2.362.222.786","003","2025","70200","MAIN"
"2.362.222.786","003","2025","82990","SECO"
"2.362.222.786","003","2025","77399","MAIN"
"2.362.222.786","003","2025","52250","SECO"
"2.362.222.786","003","2025","64210","MAIN"
"2.362.929.106","003","2008","82990","SECO"
"2.362.929.106","003","2008","85599","SECO"
"2.362.929.106","003","2008","86909","MAIN"
"2.362.929.106","003","2008","85510","SECO"
"2.362.929.106","003","2008","9604003","SECO"
"2.362.929.106","003","2008","96099","SECO"
"2.362.929.106","003","2008","9319902","SECO"
"2.362.929.106","003","2008","85592","SECO"
"2.362.929.106","003","2025","82990","SECO"
"2.362.929.106","003","2025","85592","SECO"
"2.362.929.106","003","2025","9623002","SECO"
"2.362.929.106","003","2025","85510","SECO"
"2.362.929.106","003","2025","85599","SECO"
"2.362.929.106","003","2025","9319902","SECO"
"2.362.929.106","003","2025","96999","SECO"
"2.362.929.106","003","2025","86995","MAIN"
"2.363.150.424","003","2008","90011","MAIN"
"2.363.150.424","003","2008","82300","MAIN"
"2.363.150.424","003","2008","31091","MAIN"
"2.363.150.424","003","2008","85599","MAIN"
"2.363.150.424","003","2008","43310","MAIN"
"2.363.150.424","003","2025","31004","MAIN"
"2.363.150.424","003","2025","43310","MAIN"
"2.363.150.424","003","2025","85599","MAIN"
"2.363.150.424","003","2025","82300","MAIN"
"2.363.150.424","003","2025","90201","MAIN"
"2.363.173.089","006","2025","95316","MAIN"
"2.363.173.089","003","2008","6311011","SECO"
"2.363.173.089","003","2008","63110","MAIN"
"2.363.173.089","003","2008","7021001","SECO"
"2.363.173.089","003","2008","7311001","SECO"
"2.363.173.089","003","2008","46660","SECO"
"2.363.173.089","003","2008","58290","SECO"
"2.363.173.089","003","2008","4741001","SECO"
"2.363.173.089","003","2008","95110","SECO"
"2.363.173.089","003","2008","4321103","SECO"
"2.363.173.089","003","2008","62090","MAIN"
"2.363.173.089","003","2008","77330","SECO"
"2.363.173.089","003","2008","7311003","SECO"
"2.363.173.089","003","2008","46510","SECO"
"2.363.173.089","003","2008","62020","MAIN"
"2.363.173.089","003","2008","7311005","SECO"
"2.363.173.089","003","2008","6311012","SECO"
"2.363.173.089","003","2008","62010","MAIN"
"2.363.173.089","003","2008","6311013","SECO"
"2.363.173.089","003","2025","46500","SECO"
"2.363.173.089","003","2025","77330","SECO"
"2.363.173.089","003","2025","7311005","SECO"
"2.363.173.089","003","2025","58290","SECO"
"2.363.173.089","003","2025","62200","MAIN"
"2.363.173.089","003","2025","4321103","SECO"
"2.363.173.089","003","2025","4740001","SECO"
"2.363.173.089","003","2025","7311003","SECO"
"2.363.173.089","003","2025","62900","MAIN"
"2.363.173.089","003","2025","95100","SECO"
"2.363.173.089","003","2025","7311001","SECO"
"2.363.173.089","003","2025","63100","SECO"
"2.363.173.089","003","2025","7330001","SECO"
"2.363.173.089","003","2025","62100","MAIN"
"2.363.433.704","006","2025","42220","MAIN"
"2.363.433.704","003","2008","70220","MAIN"
"2.363.433.704","003","2008","4312001","MAIN"
"2.363.433.704","003","2008","43211","MAIN"
"2.363.433.704","003","2008","43212","MAIN"
"2.363.433.704","003","2008","4222001","MAIN"
"2.363.433.704","003","2008","4312011","MAIN"
"2.363.433.704","003","2008","42212","MAIN"
"2.363.433.704","003","2008","4312003","MAIN"
"2.363.433.704","003","2025","4222001","MAIN"
"2.363.433.704","003","2025","4312005","MAIN"
"2.363.433.704","003","2025","43211","MAIN"
"2.363.433.704","003","2025","43212","MAIN"
"2.363.433.704","003","2025","4312001","MAIN"
"2.363.433.704","003","2025","70200","MAIN"
"2.363.433.704","003","2025","42212","MAIN"
"2.363.433.704","003","2025","4312003","MAIN"
"2.363.486.360","006","2025","47279","MAIN"
"2.363.486.360","003","2008","4711301","MAIN"
"2.363.486.360","003","2008","47113","MAIN"
"2.363.486.360","003","2025","47110","MAIN"
"2.363.710.747","006","2025","81210","MAIN"
"2.363.710.747","003","2008","47221","MAIN"
"2.363.710.747","003","2008","47222","MAIN"
"2.363.710.747","003","2008","5610201","MAIN"
"2.363.710.747","003","2008","4722101","MAIN"
"2.363.710.747","003","2025","4722101","MAIN"
"2.363.710.747","003","2025","56112","MAIN"
"2.363.710.747","003","2025","47222","MAIN"
"2.363.710.747","003","2025","47221","MAIN"
"2.363.758.851","003","2008","68322","SECO"
"2.363.758.851","003","2008","71113","SECO"
"2.363.758.851","003","2008","7111102","SECO"
"2.363.758.851","003","2008","71121","SECO"
"2.363.758.851","003","2008","41203","SECO"
"2.363.758.851","003","2008","82110","SECO"
"2.363.758.851","003","2008","71111","MAIN"
"2.363.758.851","003","2008","41201","SECO"
"2.363.758.851","003","2008","41202","SECO"
"2.363.758.851","003","2008","68311","MAIN"
"2.363.758.851","003","2008","68321","SECO"
"2.363.758.851","003","2025","41002","SECO"
"2.363.758.851","003","2025","7111102","SECO"
"2.363.758.851","003","2025","71113","SECO"
"2.363.758.851","003","2025","41001","SECO"
"2.363.758.851","003","2025","71111","MAIN"
"2.363.758.851","003","2025","71121","SECO"
"2.363.758.851","003","2025","68310","MAIN"
"2.363.758.851","003","2025","41003","SECO"
"2.363.758.851","003","2025","82100","SECO"
"2.363.758.851","003","2025","68321","MAIN"
"2.363.758.851","003","2025","68329","SECO"
"2.364.490.212","003","2008","41201","MAIN"
"2.364.490.212","003","2008","43341","MAIN"
"2.364.490.212","003","2008","43991","MAIN"
"2.364.490.212","003","2008","43390","MAIN"
"2.364.490.212","003","2008","43331","MAIN"
"2.364.490.212","003","2008","43320","MAIN"
"2.364.490.212","003","2008","43291","MAIN"
"2.364.490.212","003","2025","43910","SECO"
"2.364.490.212","003","2025","43422","SECO"
"2.364.490.212","003","2025","43240","SECO"
"2.364.490.212","003","2025","81220","SECO"
"2.364.490.212","003","2025","43230","MAIN"
"2.364.490.212","003","2025","43429","SECO"
"2.364.490.212","003","2025","43310","SECO"
"2.364.490.212","003","2025","43333","SECO"
"2.364.490.212","003","2025","43331","MAIN"
"2.364.490.212","003","2025","43221","SECO"
"2.364.490.212","003","2025","43990","SECO"
"2.364.490.212","003","2025","43211","SECO"
"2.364.490.212","003","2025","43320","MAIN"
"2.364.490.212","003","2025","43421","SECO"
"2.364.490.212","003","2025","43222","SECO"
"2.364.490.212","003","2025","43332","SECO"
"2.364.490.212","003","2025","43350","SECO"
"2.364.490.212","003","2025","82990","SECO"
"2.364.490.212","003","2025","43341","MAIN"
"2.364.490.212","003","2025","41001","MAIN"
"2.365.637.384","003","2025","4618012","SECO"
"2.365.637.384","003","2025","46180","SECO"
"2.365.637.384","003","2025","46110","MAIN"
"2.365.637.384","003","2025","55900","SECO"
"2.365.637.384","003","2025","47762","MAIN"
"2.365.637.384","003","2025","46231","MAIN"
"2.366.242.348","006","2025","01480","MAIN"
"2.366.242.348","003","2008","9312901","MAIN"
"2.366.242.348","003","2008","01472","MAIN"
"2.366.242.348","003","2008","46232","MAIN"
"2.366.242.348","003","2008","47762","MAIN"
"2.366.242.348","003","2008","01479","MAIN"
"2.366.242.348","003","2008","46110","MAIN"
"2.366.242.348","003","2008","01490","MAIN"
"2.366.242.348","003","2008","46383","MAIN"
"2.366.242.348","003","2025","47762","MAIN"
"2.366.242.348","003","2025","01472","SECO"
"2.366.242.348","003","2025","01479","MAIN"
"2.366.242.348","003","2025","9312901","MAIN"
"2.366.242.348","003","2025","96993","SECO"
"2.366.242.348","003","2025","01480","MAIN"
"2.366.242.348","003","2025","96995","SECO"
"2.366.242.348","003","2025","46382","SECO"
"2.366.242.348","003","2025","46232","SECO"
"2.366.242.348","003","2025","46110","SECO"
"2.366.980.439","006","2025","56112","MAIN"
"2.366.980.439","003","2008","56102","MAIN"
"2.366.980.439","003","2008","56301","MAIN"
"2.366.980.439","003","2025","81220","SECO"
"2.366.980.439","003","2025","90399","MAIN"
"2.366.980.439","003","2025","56210","SECO"
"2.366.980.439","003","2025","56112","MAIN"
"2.366.980.439","003","2025","81210","MAIN"
"2.366.980.439","003","2025","90391","SECO"
"2.366.980.439","003","2025","90392","SECO"
"2.366.980.439","003","2025","56301","MAIN"
"2.366.980.439","003","2025","81230","SECO"
"2.366.980.439","003","2025","8230001","MAIN"
"2.367.752.677","003","2025","69109","SECO"
"2.367.752.677","003","2025","69101","MAIN"
"2.369.341.794","006","2025","47770","MAIN"
"2.369.341.794","003","2025","4777002","SECO"
"2.369.341.794","003","2025","47770","MAIN"
"2.369.341.794","003","2025","4777001","SECO"
"2.369.341.794","003","2025","4778402","SECO"
"2.369.454.830","006","2025","47811","MAIN"
"2.369.454.830","003","2008","45113","MAIN"
"2.369.454.830","003","2008","45112","MAIN"
"2.369.454.830","003","2025","47811","MAIN"
"2.369.454.830","003","2025","46180","MAIN"
"2.369.746.226","003","2025","47610","MAIN"
"2.369.746.226","003","2025","74120","MAIN"
"2.369.746.226","003","2025","47120","MAIN"
"2.369.746.226","003","2025","82300","MAIN"
"2.369.746.226","003","2025","47513","SECO"
"2.369.746.226","003","2025","90201","MAIN"
"2.369.746.226","003","2025","85599","SECO"
"2.369.746.226","003","2025","4755902","SECO"
"2.369.746.226","003","2025","47640","SECO"
"2.369.765.923","006","2025","73110","MAIN"
"2.369.765.923","003","2025","85599","MAIN"
"2.369.765.923","003","2025","63100","MAIN"
"2.369.765.923","003","2025","63920","MAIN"
"2.369.765.923","003","2025","7311001","MAIN"
"2.369.765.923","003","2025","82100","MAIN"
"2.369.765.923","003","2025","7311006","MAIN"
"2.369.765.923","003","2025","62200","MAIN"
"2.369.765.923","003","2025","7330001","MAIN"
"2.369.765.923","003","2025","7020001","MAIN"
"2.369.765.923","003","2025","62900","MAIN"
"2.369.765.923","003","2025","62100","MAIN"
"2.369.765.923","003","2025","82990","MAIN"
"2.369.765.923","003","2025","63910","MAIN"
"2.369.765.923","003","2025","73200","MAIN"
"2.370.221.625","006","2025","43410","MAIN"
"2.370.221.625","003","2025","43211","MAIN"
"2.370.221.625","003","2025","4341002","MAIN"
"2.370.221.625","003","2025","28250","MAIN"
"2.370.221.625","003","2025","7112103","MAIN"
"2.370.221.625","003","2025","43230","MAIN"
"2.370.221.625","003","2025","81220","MAIN"
"2.370.221.625","003","2025","43990","MAIN"
"2.370.221.625","003","2025","43223","MAIN"
"2.370.221.625","003","2025","43222","MAIN"
"2.370.221.625","003","2025","4341011","MAIN"
"2.370.221.625","003","2025","4341003","MAIN"
"2.370.221.625","003","2025","43410","MAIN"
"2.370.221.625","003","2025","4335002","MAIN"
"2.370.221.625","003","2025","41003","MAIN"
"2.370.221.625","003","2025","4341001","MAIN"
"2.370.221.625","003","2025","8122001","MAIN"
"2.370.221.625","003","2025","41002","MAIN"
"2.370.221.625","003","2025","41001","MAIN"
"2.370.221.625","003","2025","4324001","MAIN"
"2.370.221.625","003","2025","4335001","MAIN"
"2.370.841.039","003","2025","4763901","SECO"
"2.370.841.039","003","2025","47741","MAIN"
"2.370.841.039","003","2025","47639","SECO"
"2.370.841.039","003","2025","86951","SECO"
"2.371.378.992","003","2025","86940","MAIN"
"2.371.694.045","003","2025","46180","MAIN"
"2.371.694.045","003","2025","82990","MAIN"
"2.371.694.045","003","2025","4613002","MAIN"
"2.371.694.045","003","2025","63100","MAIN"
"2.371.694.045","003","2025","47120","MAIN"
"2.371.876.662","006","2025","96999","MAIN"
"2.371.876.662","003","2025","56309","MAIN"
"2.371.876.662","003","2025","9699101","MAIN"
"2.371.876.662","003","2025","56301","MAIN"
"2.371.876.761","006","2025","96999","MAIN"
"2.371.876.761","003","2025","9699101","MAIN"
"2.371.876.761","003","2025","56301","MAIN"
"2.371.876.761","003","2025","56309","MAIN"
"2.372.326.228","003","2025","70200","MAIN"
"2.372.326.228","003","2025","93299","MAIN"
"2.372.326.228","003","2025","82990","MAIN"
"2.372.326.228","003","2025","73300","SECO"
"2.372.326.228","003","2025","5911301","SECO"
"2.372.326.228","003","2025","85510","SECO"
"2.372.326.228","003","2025","90111","SECO"
"2.372.326.228","003","2025","96993","SECO"
"2.372.326.228","003","2025","47639","SECO"
"2.372.326.228","003","2025","58110","SECO"
"2.372.326.228","003","2025","5920302","SECO"
"2.372.326.228","003","2025","85599","MAIN"
"2.372.326.228","003","2025","82300","MAIN"
"2.372.326.228","003","2025","93191","SECO"
"2.372.326.228","003","2025","90391","SECO"
"2.372.326.228","003","2025","93127","SECO"
"2.372.727.490","003","2025","22260","SECO"
"2.372.727.490","003","2025","56210","SECO"
"2.372.727.490","003","2025","71121","MAIN"
"2.372.727.490","003","2025","74140","SECO"
"2.372.727.490","003","2025","56120","SECO"
"2.373.802.410","003","2025","4769022","SECO"
"2.373.802.410","003","2025","4779101","SECO"
"2.373.802.410","003","2025","4779102","SECO"
"2.373.802.410","003","2025","4769021","MAIN"
"2.374.023.629","003","2025","47120","SECO"
"2.374.023.629","003","2025","46349","MAIN"
"2.374.023.629","003","2025","4725201","MAIN"
"2.374.023.629","003","2025","11010","SECO"
"2.374.023.629","003","2025","11070","SECO"
"2.374.023.629","003","2025","47251","MAIN"
"2.374.023.629","003","2025","56301","MAIN"
"2.374.023.629","003","2025","46341","MAIN"
"2.374.310.372","003","2025","1392901","MAIN"
"2.374.310.372","003","2025","93299","SECO"
"2.374.310.372","003","2025","47512","MAIN"
"2.374.310.372","003","2025","62100","SECO"
"2.374.310.372","003","2025","73300","MAIN"
"2.374.310.372","003","2025","74120","MAIN"
"2.374.310.372","003","2025","62900","MAIN"
"2.374.763.995","003","2025","82990","MAIN"
"2.374.763.995","003","2025","68110","SECO"
"2.374.763.995","003","2025","70100","MAIN"
"2.374.763.995","003","2025","68201","SECO"
"2.374.763.995","003","2025","85592","MAIN"
"2.374.763.995","003","2025","68203","SECO"
"2.374.763.995","003","2025","70200","MAIN"
"2.374.763.995","003","2025","7010001","MAIN"
"2.374.763.995","003","2025","85599","SECO"
"2.374.763.995","003","2025","64210","SECO"
"2.375.455.269","003","2025","8699402","MAIN"
"2.375.455.269","003","2025","96210","MAIN"
"2.375.455.269","003","2025","9622003","SECO"
"2.375.455.269","003","2025","9621001","MAIN"
"2.375.455.269","003","2025","82990","SECO"
"2.375.550.190","006","2025","41001","MAIN"
"2.375.550.190","003","2025","43410","MAIN"
"2.375.550.190","003","2025","41003","MAIN"
"2.375.550.190","003","2025","41001","MAIN"
"2.375.550.190","003","2025","43341","MAIN"
"2.375.550.190","003","2025","4100102","MAIN"
"2.376.424.180","003","2025","43221","SECO"
"2.376.424.180","003","2025","3100402","MAIN"
"2.376.424.180","003","2025","85510","MAIN"
"2.376.424.180","003","2025","43341","SECO"
"2.376.424.180","003","2025","3100401","MAIN"
"2.376.424.180","003","2025","1512002","SECO"
"2.376.424.180","003","2025","43350","SECO"
"2.376.424.180","003","2025","41001","SECO"
"2.376.424.180","003","2025","43211","SECO"
"2.376.424.180","003","2025","93130","SECO"
"2.376.424.180","003","2025","41002","SECO"
"2.376.424.180","003","2025","41003","SECO"
"2.376.424.180","003","2025","1392901","MAIN"
"2.376.424.180","003","2025","3100403","MAIN"
"2.376.545.332","003","2025","5621001","MAIN"
"2.376.545.332","003","2025","55100","SECO"
"2.376.545.332","003","2025","90391","SECO"
"2.376.545.332","003","2025","56210","MAIN"
"2.376.545.332","003","2025","55203","SECO"
"2.376.545.332","003","2025","82300","SECO"
"2.376.545.332","003","2025","56301","SECO"
"2.376.545.332","003","2025","5621002","MAIN"
"2.376.545.332","003","2025","56111","MAIN"
"2.376.545.332","003","2025","79909","SECO"
"2.376.545.332","003","2025","55209","SECO"
"2.377.415.857","003","2025","74140","MAIN"
"2.377.415.857","003","2025","47526","SECO"
"2.377.415.857","003","2025","47791","SECO"
"2.377.415.857","003","2025","5621002","SECO"
"2.377.415.857","003","2025","7414002","MAIN"
"2.377.415.857","003","2025","47910","SECO"
"2.377.415.857","003","2025","47553","SECO"
"2.377.415.857","003","2025","47530","SECO"
"2.377.415.857","003","2025","47552","SECO"
"2.377.415.857","003","2025","47551","SECO"
"2.377.415.857","003","2025","47523","SECO"
"2.377.415.857","003","2025","56220","SECO"
"2.377.415.857","003","2025","74130","MAIN"
"2.377.415.857","003","2025","71112","MAIN"
"2.377.415.857","003","2025","8122001","SECO"
"2.377.415.857","003","2025","7414001","SECO"
"2.377.415.857","003","2025","47524","SECO"
"2.377.415.857","003","2025","82990","MAIN"
"2.377.415.857","003","2025","56210","SECO"
"2.377.415.857","003","2025","47512","SECO"
"2.377.415.857","003","2025","5621001","SECO"
"2.377.535.029","003","2025","43240","SECO"
"2.377.535.029","003","2025","43421","SECO"
"2.377.535.029","003","2025","43310","SECO"
"2.377.535.029","003","2025","43422","SECO"
"2.377.535.029","003","2025","79901","SECO"
"2.377.535.029","003","2025","81220","SECO"
"2.377.535.029","003","2025","4100106","SECO"
"2.377.535.029","003","2025","43221","SECO"
"2.377.535.029","003","2025","43110","SECO"
"2.377.535.029","003","2025","4933001","MAIN"
"2.377.535.029","003","2025","43990","SECO"
"2.377.535.029","003","2025","43331","SECO"
"2.377.535.029","003","2025","96210","SECO"
"2.377.535.029","003","2025","81210","SECO"
"2.377.535.029","003","2025","81230","SECO"
"2.377.535.029","003","2025","47120","SECO"
"2.377.535.029","003","2025","43341","SECO"
"2.377.535.029","003","2025","43410","SECO"
"2.377.535.029","003","2025","46471","SECO"
"2.377.535.029","003","2025","43211","SECO"
"2.377.535.029","003","2025","7111103","SECO"
"2.377.535.029","003","2025","43343","SECO"
"2.377.535.029","003","2025","43320","SECO"
"2.377.542.848","006","2025","49410","MAIN"
"2.377.542.848","003","2025","49410","MAIN"
"2.377.542.848","003","2025","41001","SECO"
"2.377.542.848","003","2025","41003","SECO"
"2.377.542.848","003","2025","43410","SECO"
"2.378.227.786","003","2008","82990","MAIN"
"2.378.227.786","003","2008","47640","MAIN"
"2.378.227.786","003","2008","82190","MAIN"
"2.378.227.786","003","2008","96099","MAIN"
"2.378.227.786","003","2025","82100","MAIN"
"2.378.227.786","003","2025","96999","MAIN"
"2.378.227.786","003","2025","82990","MAIN"
"2.378.227.786","003","2025","95290","SECO"
"2.378.227.786","003","2025","47639","MAIN"
"2.378.227.786","003","2025","32300","SECO"
"2.378.592.329","003","2025","8699402","SECO"
"2.378.592.329","003","2025","9622002","SECO"
"2.378.592.329","003","2025","96220","MAIN"
"2.378.592.329","003","2025","9622003","SECO"
"2.378.592.329","003","2025","9622001","SECO"
"2.378.592.329","003","2025","86951","SECO"
"2.379.231.638","003","2025","47552","SECO"
"2.379.231.638","003","2025","47789","MAIN"
"2.379.231.638","003","2025","70200","SECO"
"2.379.231.638","003","2025","47640","MAIN"
"2.379.231.638","003","2025","47770","MAIN"
"2.379.231.638","003","2025","47690","SECO"
"2.379.231.638","003","2025","16281","SECO"
"2.379.231.638","003","2025","47784","MAIN"
"2.379.231.638","003","2025","47559","MAIN"
"2.379.231.638","003","2025","47622","SECO"
"2.379.991.901","003","2025","68204","MAIN"
"2.379.991.901","003","2025","68203","MAIN"
"2.379.991.901","003","2025","66300","MAIN"
"2.379.991.901","003","2025","68110","MAIN"
"2.379.991.901","003","2025","68201","MAIN"
"2.380.454.828","003","2025","74111","MAIN"
"2.380.454.828","003","2025","47789","MAIN"
"2.380.454.828","003","2025","47762","MAIN"
"2.380.454.828","003","2025","13990","MAIN"
"2.380.579.839","003","2025","4332008","SECO"
"2.380.579.839","003","2025","43990","SECO"
"2.380.579.839","003","2025","4332003","SECO"
"2.380.579.839","003","2025","42220","MAIN"
"2.380.579.839","003","2025","43221","MAIN"
"2.380.579.839","003","2025","4322101","SECO"
"2.380.579.839","003","2025","43211","MAIN"
"2.380.779.282","003","2025","95230","MAIN"
"2.380.779.282","003","2025","4781101","SECO"
"2.380.779.282","003","2025","47721","SECO"
"2.380.779.282","003","2025","47811","SECO"
"2.380.833.920","003","2025","96220","SECO"
"2.380.833.920","003","2025","9622003","MAIN"
"2.380.833.920","003","2025","9622002","SECO"
"2.380.833.920","003","2025","9622001","SECO"
"2.381.465.113","003","2025","82400","MAIN"
"2.381.465.113","003","2025","70200","MAIN"
"2.381.541.228","006","2025","81210","MAIN"
"2.381.541.228","003","2025","81220","SECO"
"2.381.541.228","003","2025","43350","SECO"
"2.381.541.228","003","2025","82100","SECO"
"2.381.541.228","003","2025","4222002","SECO"
"2.381.541.228","003","2025","56301","SECO"
"2.381.541.228","003","2025","43310","MAIN"
"2.381.541.228","003","2025","61100","SECO"
"2.381.541.228","003","2025","43110","SECO"
"2.381.541.228","003","2025","4391001","SECO"
"2.381.541.228","003","2025","46349","SECO"
"2.381.541.228","003","2025","46711","SECO"
"2.381.541.228","003","2025","53200","SECO"
"2.381.541.228","003","2025","56112","SECO"
"2.381.541.228","003","2025","43331","SECO"
"2.381.541.228","003","2025","43990","SECO"
"2.381.541.228","003","2025","81210","SECO"
"2.381.541.228","003","2025","43333","SECO"
"2.381.541.228","003","2025","43320","SECO"
"2.381.541.228","003","2025","82990","SECO"
"2.381.541.228","003","2025","95316","SECO"
"2.381.541.228","003","2025","49330","SECO"
"2.381.541.228","003","2025","47512","SECO"
"2.381.541.228","003","2025","43211","SECO"
"2.381.541.228","003","2025","43341","SECO"
"2.381.541.228","003","2025","70200","SECO"
"2.381.558.747","003","2025","5310003","SECO"
"2.381.558.747","003","2025","56210","SECO"
"2.381.558.747","003","2025","47110","MAIN"
"2.381.558.747","003","2025","5320001","SECO"
"2.381.558.747","003","2025","46900","SECO"
"2.381.558.747","003","2025","53200","MAIN"
"2.381.558.747","003","2025","4634901","MAIN"
"2.381.558.747","003","2025","5320011","SECO"
"2.381.558.747","003","2025","46500","SECO"
"2.381.558.747","003","2025","47252","MAIN"
"2.381.558.747","003","2025","47400","SECO"
"2.381.670.197","003","2025","62200","SECO"
"2.381.670.197","003","2025","62900","MAIN"
"2.381.670.197","003","2025","62100","SECO"
"2.381.670.197","003","2025","33150","SECO"
"2.381.897.950","006","2025","49330","MAIN"
"2.381.897.950","003","2025","49410","MAIN"
"2.381.897.950","003","2025","49330","MAIN"
"2.381.897.950","003","2025","49310","MAIN"
"2.381.897.950","003","2025","49320","MAIN"
"2.381.908.640","006","2025","49410","MAIN"
"2.381.908.640","003","2025","53200","MAIN"
"2.381.955.457","006","2025","10712","MAIN"
"2.381.955.457","003","2025","10712","MAIN"
"2.381.955.457","003","2025","4727903","MAIN"
"2.381.955.457","003","2025","10820","MAIN"
"2.381.955.457","003","2025","47241","MAIN"
"2.381.969.612","003","2025","68110","MAIN"
"2.381.969.612","003","2025","68122","MAIN"
"2.381.969.612","003","2025","68203","MAIN"
"2.381.969.612","003","2025","68121","MAIN"
"2.381.969.612","003","2025","68201","MAIN"
"2.382.263.580","006","2025","56112","MAIN"
"2.382.263.580","003","2025","81210","MAIN"
"2.382.263.580","003","2025","43350","MAIN"
"2.382.263.580","003","2025","43341","MAIN"
"2.382.263.580","003","2025","43331","MAIN"
"2.382.332.767","003","2025","43221","SECO"
"2.382.332.767","003","2025","4399003","SECO"
"2.382.332.767","003","2025","4312001","SECO"
"2.382.332.767","003","2025","4324003","SECO"
"2.382.332.767","003","2025","43500","SECO"
"2.382.332.767","003","2025","4211001","SECO"
"2.382.332.767","003","2025","7711001","SECO"
"2.382.332.767","003","2025","46190","SECO"
"2.382.332.767","003","2025","4391002","SECO"
"2.382.332.767","003","2025","42212","SECO"
"2.382.332.767","003","2025","4342901","SECO"
"2.382.332.767","003","2025","41002","MAIN"
"2.382.332.767","003","2025","4399002","SECO"
"2.382.332.767","003","2025","4324004","SECO"
"2.382.332.767","003","2025","41003","MAIN"
"2.382.332.767","003","2025","41001","MAIN"
"2.382.332.767","003","2025","4312003","SECO"
"2.382.332.767","003","2025","4321201","SECO"
"2.382.332.767","003","2025","8122003","SECO"
"2.382.332.767","003","2025","43230","SECO"
"2.382.332.767","003","2025","4312005","SECO"
"2.382.564.676","006","2025","68121","MAIN"
"2.382.564.676","003","2025","25402","MAIN"
"2.382.564.676","003","2025","25110","MAIN"
"2.382.564.676","003","2025","25120","SECO"
"2.382.564.676","003","2025","25510","SECO"
"2.382.564.676","003","2025","68121","MAIN"
"2.382.564.676","003","2025","25530","SECO"
"2.382.564.676","003","2025","43320","MAIN"
"2.382.564.676","003","2025","25401","MAIN"
"2.382.658.609","006","2025","46392","MAIN"
"2.382.658.609","003","2025","46360","MAIN"
"2.382.658.609","003","2025","46392","MAIN"
"2.382.658.609","003","2025","46170","MAIN"
"2.382.658.609","003","2025","46389","MAIN"
"2.382.658.609","003","2025","47110","MAIN"
"2.383.009.094","006","2025","56111","MAIN"
"2.383.009.094","003","2025","82990","MAIN"
"2.383.009.094","003","2025","96210","MAIN"
"2.383.621.085","006","2025","56111","MAIN"
"2.383.621.085","003","2025","56210","SECO"
"2.383.621.085","003","2025","56112","SECO"
"2.383.621.085","003","2025","56301","SECO"
"2.383.621.085","003","2025","56309","SECO"
"2.383.621.085","003","2025","56111","MAIN"
"2.383.936.930","006","2025","56111","MAIN"
"2.383.936.930","003","2025","56111","MAIN"
"2.384.142.511","003","2025","35140","MAIN"
"2.384.142.511","003","2025","35120","MAIN"
"2.384.142.511","003","2025","35300","MAIN"
"2.384.142.511","003","2025","36000","MAIN"
"2.384.142.511","003","2025","35150","MAIN"
"2.384.373.628","006","2025","47279","MAIN"
"2.384.373.628","003","2025","10712","SECO"
"2.384.373.628","003","2025","10720","SECO"
"2.384.373.628","003","2025","47241","MAIN"
"2.384.373.628","003","2025","4727903","SECO"
"2.384.373.628","003","2025","4722101","MAIN"
"2.384.373.628","003","2025","47221","SECO"
"2.384.373.628","003","2025","47222","MAIN"
"2.384.373.628","003","2025","4721001","MAIN"
"2.384.373.628","003","2025","47279","MAIN"
"2.384.423.217","003","2025","96999","MAIN"
"2.384.423.217","003","2025","8009001","SECO"
"2.384.423.217","003","2025","85599","MAIN"
"2.384.423.217","003","2025","95290","SECO"
"2.384.423.217","003","2025","82100","MAIN"
"2.384.423.217","003","2025","32300","SECO"
"2.384.423.217","003","2025","47120","SECO"
"2.384.423.217","003","2025","47639","MAIN"
"2.384.423.217","003","2025","82990","MAIN"
"2.384.423.217","003","2025","74999","SECO"
"2.384.909.997","006","2025","95311","MAIN"
"2.384.909.997","003","2025","95313","MAIN"
"2.384.909.997","003","2025","9531101","MAIN"
"2.384.909.997","003","2025","95312","SECO"
"2.384.909.997","003","2025","9531302","MAIN"
"2.384.909.997","003","2025","95311","MAIN"
"2.384.909.997","003","2025","9531301","SECO"
"2.384.909.997","003","2025","47812","SECO"
"2.384.909.997","003","2025","4781101","SECO"
"2.384.909.997","003","2025","47811","MAIN"
"2.385.089.745","006","2025","43221","MAIN"
"2.385.089.745","003","2025","4335002","MAIN"
"2.385.089.745","003","2025","43410","SECO"
"2.385.089.745","003","2025","43221","MAIN"
"2.385.089.745","003","2025","43332","SECO"
"2.385.089.745","003","2025","7111103","SECO"
"2.385.089.745","003","2025","4334101","SECO"
"2.385.089.745","003","2025","43422","SECO"
"2.385.089.745","003","2025","33200","SECO"
"2.385.089.745","003","2025","43223","SECO"
"2.385.089.745","003","2025","4331001","SECO"
"2.385.089.745","003","2025","43230","SECO"
"2.385.089.745","003","2025","68110","SECO"
"2.385.089.745","003","2025","43333","MAIN"
"2.385.089.745","003","2025","43910","SECO"
"2.385.089.745","003","2025","4100102","SECO"
"2.385.089.745","003","2025","43990","SECO"
"2.385.089.745","003","2025","43421","SECO"
"2.385.089.745","003","2025","43331","SECO"
"2.385.089.745","003","2025","43310","SECO"
"2.385.089.745","003","2025","43222","MAIN"
"2.385.089.745","003","2025","4311001","SECO"
"2.385.089.745","003","2025","47910","SECO"
"2.385.089.745","003","2025","4100106","SECO"
"2.385.089.745","003","2025","8130002","SECO"
"2.385.089.745","003","2025","4332006","SECO"
"2.385.089.745","003","2025","16230","SECO"
"2.385.089.745","003","2025","7111302","SECO"
"2.385.089.745","003","2025","4333101","SECO"
"2.385.089.745","003","2025","43341","SECO"
"2.385.089.745","003","2025","64210","SECO"
"2.385.089.745","003","2025","66300","SECO"
"2.385.089.745","003","2025","41003","SECO"
"2.385.089.745","003","2025","4332001","MAIN"
"2.385.089.745","003","2025","4100104","SECO"
"2.385.089.745","003","2025","4100105","SECO"
"2.385.089.745","003","2025","41001","SECO"
"2.385.089.745","003","2025","43320","SECO"
"2.385.089.745","003","2025","43350","SECO"
"2.385.089.745","003","2025","82990","SECO"
"2.385.089.745","003","2025","43211","SECO"
"2.385.089.745","003","2025","4391002","SECO"
"2.385.089.745","003","2025","41002","SECO"
"2.385.985.511","006","2025","49330","MAIN"
"2.385.985.511","003","2025","49390","MAIN"
"2.385.985.511","003","2025","49420","MAIN"
"2.385.985.511","003","2025","4933001","MAIN"
"2.385.985.511","003","2025","49330","MAIN"
"2.386.139.127","003","2025","47920","MAIN"
"2.386.139.127","003","2025","7810001","SECO"
"2.386.238.404","006","2025","56112","MAIN"
"2.386.238.404","003","2025","47120","SECO"
"2.386.238.404","003","2025","5621001","SECO"
"2.386.238.404","003","2025","56210","SECO"
"2.386.238.404","003","2025","56112","MAIN"
"2.386.238.404","003","2025","47781","SECO"
"2.386.238.404","003","2025","47110","SECO"
"2.386.238.404","003","2025","56120","SECO"
"2.386.238.404","003","2025","5621002","SECO"
"2.387.163.367","006","2025","14210","MAIN"
"2.387.163.367","003","2025","14220","MAIN"
"2.387.163.367","003","2025","82990","SECO"
"2.387.163.367","003","2025","14299","MAIN"
"2.387.163.367","003","2025","46419","SECO"
"2.387.163.367","003","2025","68110","SECO"
"2.387.163.367","003","2025","47716","SECO"
"2.387.163.367","003","2025","14210","MAIN"
"2.387.163.367","003","2025","46160","SECO"
"2.387.163.367","003","2025","47519","SECO"
"2.387.163.367","003","2025","9529004","SECO"
"2.387.273.928","006","2025","95316","MAIN"
"2.387.273.928","003","2025","9531901","SECO"
"2.387.273.928","003","2025","95316","MAIN"
"2.387.324.606","006","2025","56111","MAIN"
"2.387.324.606","003","2025","5611101","MAIN"
"2.387.324.606","003","2025","96400","SECO"
"2.387.324.606","003","2025","56112","MAIN"
"2.387.324.606","003","2025","7911002","SECO"
"2.387.372.908","006","2025","56111","MAIN"
"2.387.372.908","003","2025","56111","MAIN"
"2.387.825.640","006","2025","56111","MAIN"
"2.387.825.640","003","2025","56112","MAIN"
"2.387.825.640","003","2025","56111","MAIN"
"2.388.102.881","003","2025","74120","MAIN"
"2.388.102.881","003","2025","71111","MAIN"
"2.388.102.881","003","2025","82100","MAIN"
"2.388.102.881","003","2025","71112","MAIN"
"2.388.102.881","003","2025","71113","MAIN"
"2.388.156.331","003","2025","82990","MAIN"
"2.388.156.331","003","2025","69109","MAIN"
"2.388.156.331","003","2025","78100","MAIN"
"2.388.156.331","003","2025","69101","MAIN"
"2.388.163.160","003","2025","86963","MAIN"
"2.388.163.160","003","2025","85599","SECO"
"2.388.163.160","003","2025","86999","SECO"
"2.388.163.160","003","2025","70200","SECO"
"2.388.163.160","003","2025","82990","SECO"
"2.388.263.922","003","2025","71121","MAIN"
"2.388.263.922","003","2025","25110","MAIN"
"2.388.263.922","003","2025","33200","MAIN"
"2.388.263.922","003","2025","33120","MAIN"
"2.388.422.288","003","2025","56210","MAIN"
"2.388.571.847","006","2025","43990","MAIN"
"2.388.571.847","003","2025","4399001","MAIN"
"2.388.571.847","003","2025","43990","SECO"
"2.388.632.225","006","2025","43331","MAIN"
"2.388.632.225","003","2025","4333301","SECO"
"2.388.632.225","003","2025","43331","MAIN"
"2.388.632.225","003","2025","43332","SECO"
"2.388.632.225","003","2025","43333","SECO"
"2.388.632.225","003","2025","43341","SECO"
"2.388.686.960","006","2025","43240","MAIN"
"2.388.686.960","003","2025","4324001","MAIN"
"2.388.686.960","003","2025","4324003","MAIN"
"2.388.924.413","003","2025","56112","MAIN"
"2.388.924.413","003","2025","56210","MAIN"
"2.388.924.413","003","2025","56120","MAIN"
"2.388.924.413","003","2025","82990","SECO"
"2.388.924.413","003","2025","56309","MAIN"
"2.388.924.413","003","2025","56111","MAIN"
"2.389.231.645","003","2025","68203","MAIN"
"2.389.231.645","003","2025","68122","MAIN"
"2.389.231.645","003","2025","68201","MAIN"
"2.389.231.645","003","2025","6811001","MAIN"
"2.389.231.645","003","2025","6812102","MAIN"
"2.389.268.465","006","2025","43410","MAIN"
"2.389.268.465","003","2025","5611105","MAIN"
"2.389.268.465","003","2025","96999","MAIN"
"2.389.268.465","003","2025","82990","MAIN"
"2.389.401.097","003","2025","95316","MAIN"
"2.389.440.194","006","2025","56301","MAIN"
"2.389.440.194","003","2025","82990","MAIN"
"2.389.440.194","003","2025","5611105","MAIN"
"2.389.440.194","003","2025","56112","MAIN"
"2.389.454.943","003","2025","47120","SECO"
"2.389.454.943","003","2025","4777002","SECO"
"2.389.454.943","003","2025","47722","SECO"
"2.389.454.943","003","2025","47251","MAIN"
"2.389.483.053","003","2025","9622003","MAIN"
"2.389.483.053","003","2025","47750","SECO"
"2.389.483.053","003","2025","47715","SECO"
"2.389.483.053","003","2025","9622002","SECO"
"2.389.483.053","003","2025","4778402","SECO"
"2.389.483.053","003","2025","96999","MAIN"
"2.389.483.053","003","2025","9622001","SECO"
"2.389.483.053","003","2025","8699402","MAIN"
"2.389.483.053","003","2025","96210","MAIN"
"2.389.483.053","003","2025","47722","SECO"
"2.389.483.053","003","2025","96220","MAIN"
"2.389.493.743","006","2025","47242","MAIN"
"2.389.493.743","003","2025","47242","MAIN"
"2.389.493.743","003","2025","47279","MAIN"
"2.389.584.310","006","2025","81210","MAIN"
"2.389.584.310","003","2025","81210","MAIN"
"2.389.584.310","003","2025","81230","MAIN"
"2.389.584.310","003","2025","43110","MAIN"
"2.389.584.310","003","2025","81220","MAIN"
"2.389.584.310","003","2025","4311001","MAIN"
"2.389.738.322","006","2025","43331","MAIN"
"2.389.738.322","003","2025","43332","MAIN"
"2.389.738.322","003","2025","43331","MAIN"
"2.389.738.322","003","2025","43333","SECO"
"2.389.803.648","006","2025","96210","MAIN"
"2.389.803.648","003","2025","96210","MAIN"
"2.389.803.648","003","2025","9621001","MAIN"
"2.389.803.648","003","2025","47750","SECO"
"2.389.880.159","003","2025","86961","MAIN"
"2.389.880.159","003","2025","86939","MAIN"
"2.389.908.170","003","2008","8690501","MAIN"
"2.389.908.170","003","2025","86951","MAIN"
"2.389.910.843","006","2025","56111","MAIN"
"2.389.910.843","003","2025","5611105","MAIN"
"2.390.108.605","003","2025","43331","SECO"
"2.390.108.605","003","2025","43110","SECO"
"2.390.108.605","003","2025","43332","SECO"
"2.390.108.605","003","2025","43221","MAIN"
"2.390.108.605","003","2025","43910","SECO"
"2.390.108.605","003","2025","47820","SECO"
"2.390.108.605","003","2025","43410","SECO"
"2.390.108.605","003","2025","41003","MAIN"
"2.390.108.605","003","2025","95311","SECO"
"2.390.108.605","003","2025","43223","MAIN"
"2.390.108.605","003","2025","43211","SECO"
"2.390.108.605","003","2025","41001","SECO"
"2.390.108.605","003","2025","43310","SECO"
"2.390.108.605","003","2025","81230","SECO"
"2.390.108.605","003","2025","47812","SECO"
"2.390.108.605","003","2025","47811","MAIN"
"2.390.108.605","003","2025","33140","MAIN"
"2.390.108.605","003","2025","43120","SECO"
"2.390.120.877","006","2025","56111","MAIN"
"2.390.120.877","003","2025","5611101","MAIN"
"2.390.120.877","003","2025","56112","SECO"
"2.390.281.324","006","2025","56111","MAIN"
"2.390.281.324","003","2025","56210","MAIN"
"2.390.281.324","003","2025","56112","MAIN"
"2.390.281.324","003","2025","5611101","MAIN"
"2.390.364.862","003","2025","4777001","SECO"
"2.390.364.862","003","2025","47640","SECO"
"2.390.364.862","003","2025","47512","SECO"
"2.390.364.862","003","2025","47260","SECO"
"2.390.364.862","003","2025","4769011","SECO"
"2.390.364.862","003","2025","4755401","SECO"
"2.390.364.862","003","2025","4727902","SECO"
"2.390.364.862","003","2025","47783","SECO"
"2.390.364.862","003","2025","47540","SECO"
"2.390.364.862","003","2025","4755903","SECO"
"2.390.364.862","003","2025","47621","SECO"
"2.390.364.862","003","2025","4776101","SECO"
"2.390.364.862","003","2025","47789","SECO"
"2.390.364.862","003","2025","47742","SECO"
"2.390.364.862","003","2025","4763901","SECO"
"2.390.364.862","003","2025","47722","SECO"
"2.390.364.862","003","2025","4727901","SECO"
"2.390.364.862","003","2025","47110","SECO"
"2.390.364.862","003","2025","4755402","SECO"
"2.390.364.862","003","2025","4777002","SECO"
"2.390.364.862","003","2025","47750","SECO"
"2.390.364.862","003","2025","4740001","SECO"
"2.390.364.862","003","2025","4769021","SECO"
"2.390.364.862","003","2025","47762","SECO"
"2.390.364.862","003","2025","46190","MAIN"
"2.390.508.481","003","2025","68110","SECO"
"2.390.508.481","003","2025","4619001","SECO"
"2.390.508.481","003","2025","7330001","MAIN"
"2.390.508.481","003","2025","70200","MAIN"
"2.390.508.481","003","2025","56112","MAIN"
"2.390.508.481","003","2025","82990","MAIN"
"2.390.602.018","003","2025","70200","MAIN"
"2.390.602.018","003","2025","85599","MAIN"
"2.390.602.018","003","2025","73300","MAIN"
"2.390.602.018","003","2025","82990","MAIN"
"2.390.602.018","003","2025","85592","MAIN"
"2.391.009.022","003","2025","78200","MAIN"
"2.391.009.022","003","2025","78100","MAIN"
"2.391.127.697","003","2025","82990","SECO"
"2.391.127.697","003","2025","86230","MAIN"
"2.391.127.697","003","2025","85599","SECO"
"2.391.179.167","003","2025","47279","MAIN"
"2.391.179.167","003","2025","47716","MAIN"
"2.391.179.167","003","2025","85510","MAIN"
"2.391.213.019","003","2025","47750","MAIN"
"2.391.213.019","003","2025","47741","MAIN"
"2.391.213.019","003","2025","86994","MAIN"
"2.391.289.629","003","2025","4778402","MAIN"
"2.391.289.629","003","2025","47750","MAIN"
"2.391.289.629","003","2025","9621001","MAIN"
"2.391.289.629","003","2025","96210","MAIN"
"2.391.289.629","003","2025","47789","MAIN"
"2.391.314.175","003","2025","96210","SECO"
"2.391.314.175","003","2025","9621001","MAIN"
"2.391.324.964","003","2025","46389","MAIN"
"2.391.324.964","003","2025","59113","MAIN"
"2.391.324.964","003","2025","10850","MAIN"
"2.391.324.964","003","2025","56210","MAIN"
"2.391.324.964","003","2025","56112","MAIN"
"2.391.389.993","006","2025","66191","MAIN"
"2.391.389.993","003","2025","66191","MAIN"
"2.391.448.688","003","2025","41003","MAIN"
"2.391.448.688","003","2025","68121","SECO"
"2.391.448.688","003","2025","6820201","SECO"
"2.391.448.688","003","2025","43331","SECO"
"2.391.448.688","003","2025","4222002","MAIN"
"2.391.448.688","003","2025","68122","SECO"
"2.391.448.688","003","2025","41001","MAIN"
"2.391.448.688","003","2025","41002","MAIN"
"2.391.448.688","003","2025","6812201","SECO"
"2.391.448.688","003","2025","6812202","SECO"
"2.391.451.262","003","2025","81210","MAIN"
"2.391.451.262","003","2025","81220","MAIN"
"2.391.451.262","003","2025","53200","MAIN"
"2.391.465.615","003","2025","74120","SECO"
"2.391.465.615","003","2025","62100","MAIN"
"2.391.465.615","003","2025","62900","MAIN"
"2.391.465.615","003","2025","63100","MAIN"
"2.391.465.615","003","2025","62200","MAIN"
"2.391.465.615","003","2025","90201","SECO"
"2.391.465.615","003","2025","63910","MAIN"
"2.391.508.076","003","2025","73300","MAIN"
"2.391.508.076","003","2025","90120","SECO"
"2.391.508.076","003","2025","85599","MAIN"
"2.391.508.076","003","2025","96999","MAIN"
"2.391.508.076","003","2025","47910","SECO"
"2.391.508.076","003","2025","70200","MAIN"
"2.391.508.076","003","2025","7330001","SECO"
"2.391.508.076","003","2025","73110","SECO"
"2.391.508.076","003","2025","82990","MAIN"
"2.391.508.076","003","2025","74120","SECO"
"2.391.550.242","003","2025","62100","MAIN"
"2.391.550.242","003","2025","47910","MAIN"
"2.391.550.242","003","2025","58290","MAIN"
"2.391.550.242","003","2025","63910","MAIN"
"2.391.550.242","003","2025","73120","MAIN"
"2.391.622.496","003","2025","49330","SECO"
"2.391.622.496","003","2025","47830","SECO"
"2.391.622.496","003","2025","43310","SECO"
"2.391.622.496","003","2025","43343","SECO"
"2.391.622.496","003","2025","41001","SECO"
"2.391.622.496","003","2025","81300","MAIN"
"2.391.622.496","003","2025","43320","SECO"
"2.391.622.496","003","2025","43221","SECO"
"2.391.622.496","003","2025","82100","MAIN"
"2.391.622.496","003","2025","43341","SECO"
"2.391.622.496","003","2025","95290","MAIN"
"2.391.622.496","003","2025","95320","SECO"
"2.391.622.496","003","2025","43211","MAIN"
"2.391.622.496","003","2025","62900","MAIN"
"2.391.622.496","003","2025","47632","SECO"
"2.391.641.896","003","2025","9622003","MAIN"
"2.391.641.896","003","2025","9622002","MAIN"
"2.391.641.896","003","2025","9622001","MAIN"
"2.391.676.738","003","2025","10520","MAIN"
"2.391.676.738","003","2025","1052001","MAIN"
"2.391.676.738","003","2025","56112","MAIN"
"2.391.676.738","003","2025","56120","MAIN"
"2.391.678.223","003","2025","81300","MAIN"
"2.391.678.223","003","2025","82990","MAIN"
"2.391.678.223","003","2025","4312001","MAIN"
"2.391.688.715","003","2025","58110","SECO"
"2.391.688.715","003","2025","85592","SECO"
"2.391.688.715","003","2025","70200","MAIN"
"2.391.688.715","003","2025","85599","SECO"
"2.391.688.715","003","2025","73200","SECO"
"2.391.688.715","003","2025","63920","SECO"
"2.391.698.910","003","2025","4324003","MAIN"
"2.391.698.910","003","2025","81300","MAIN"
"2.391.698.910","003","2025","7111302","SECO"
"2.391.698.910","003","2025","4211001","SECO"
"2.391.698.910","003","2025","81230","SECO"
"2.391.698.910","003","2025","7111301","SECO"
"2.391.698.910","003","2025","4312001","MAIN"
"2.391.713.360","003","2025","74209","MAIN"
"2.391.713.360","003","2025","74201","MAIN"
"2.391.713.360","003","2025","85599","MAIN"
"2.391.713.360","003","2025","59113","MAIN"
"2.391.713.360","003","2025","82990","MAIN"
"2.391.716.132","003","2025","86220","MAIN"
"2.391.716.231","003","2025","62100","MAIN"
"2.391.716.231","003","2025","62200","MAIN"
"2.391.716.231","003","2025","58290","MAIN"
"2.391.716.330","003","2025","7990101","MAIN"
"2.391.716.330","003","2025","82990","MAIN"
"2.391.716.429","003","2025","8122002","SECO"
"2.391.716.429","003","2025","4312005","SECO"
"2.391.716.429","003","2025","4399003","SECO"
"2.391.716.429","003","2025","4335002","MAIN"
"2.391.716.429","003","2025","81230","SECO"
"2.391.716.429","003","2025","43120","SECO"
"2.391.716.429","003","2025","4324004","MAIN"
"2.391.716.429","003","2025","4335001","SECO"
"2.391.716.429","003","2025","43240","SECO"
"2.391.716.429","003","2025","8122011","SECO"
"2.391.716.429","003","2025","43600","MAIN"
"2.391.716.627","003","2025","93110","MAIN"
"2.391.716.627","003","2025","47639","MAIN"
"2.391.716.627","003","2025","47716","SECO"
"2.391.716.627","003","2025","47279","SECO"
"2.391.716.627","003","2025","93299","SECO"
"2.391.716.627","003","2025","85510","MAIN"
"2.391.716.627","003","2025","9623002","MAIN"
"2.391.716.627","003","2025","93199","MAIN"
"2.391.716.726","003","2025","47784","MAIN"
"2.391.716.726","003","2025","90120","MAIN"
"2.391.716.726","003","2025","47690","SECO"
"2.391.716.726","003","2025","3299005","MAIN"
"2.391.716.726","003","2025","47789","MAIN"
"2.391.716.726","003","2025","47559","MAIN"
"2.391.716.825","003","2025","88101","MAIN"
"2.391.716.924","003","2025","82990","MAIN"
"2.391.717.023","003","2025","96210","MAIN"
"2.391.717.023","003","2025","47750","MAIN"
"2.391.717.122","003","2025","01620","MAIN"
"2.391.717.122","003","2025","01430","SECO"
"2.391.717.122","003","2025","81300","SECO"
"2.391.717.122","003","2025","82990","SECO"
"2.391.717.122","003","2025","46649","SECO"
"2.391.717.122","003","2025","77310","SECO"
"2.391.717.122","003","2025","46610","SECO"
"2.391.717.122","003","2025","0162004","MAIN"
"2.391.717.320","003","2025","47715","SECO"
"2.391.717.320","003","2025","47721","SECO"
"2.391.717.320","003","2025","4755902","MAIN"
"2.391.717.320","003","2025","47716","SECO"
"2.391.717.320","003","2025","47722","SECO"
"2.391.717.320","003","2025","47712","MAIN"
"2.391.717.320","003","2025","47792","MAIN"
"2.391.717.320","003","2025","47711","MAIN"
"2.391.717.320","003","2025","4771201","MAIN"
"2.391.717.419","003","2025","82990","MAIN"
"2.391.717.419","003","2025","81230","MAIN"
"2.391.717.518","003","2025","8122001","SECO"
"2.391.717.518","003","2025","82990","MAIN"
"2.391.717.518","003","2025","4342903","SECO"
"2.391.717.518","003","2025","43310","MAIN"
"2.391.717.518","003","2025","2511001","SECO"
"2.391.717.518","003","2025","2553011","MAIN"
"2.391.717.518","003","2025","2540102","MAIN"
"2.391.717.617","003","2025","86951","MAIN"
"2.391.717.617","003","2025","85510","MAIN"
"2.391.717.617","003","2025","85599","MAIN"
"2.391.717.716","003","2025","53200","MAIN"
"2.391.717.815","003","2025","64999","MAIN"
"2.391.717.815","003","2025","66199","MAIN"
"2.391.717.815","003","2025","82990","MAIN"
"2.391.718.013","003","2025","47762","SECO"
"2.391.718.013","003","2025","47722","SECO"
"2.391.718.013","003","2025","73110","SECO"
"2.391.718.013","003","2025","82100","SECO"
"2.391.718.013","003","2025","47714","SECO"
"2.391.718.013","003","2025","63910","SECO"
"2.391.718.013","003","2025","47770","SECO"
"2.391.718.013","003","2025","2341002","SECO"
"2.391.718.013","003","2025","47242","SECO"
"2.391.718.013","003","2025","47783","SECO"
"2.391.718.013","003","2025","47711","SECO"
"2.391.718.013","003","2025","7311005","SECO"
"2.391.718.013","003","2025","8292003","SECO"
"2.391.718.013","003","2025","47513","SECO"
"2.391.718.013","003","2025","4778902","SECO"
"2.391.718.013","003","2025","4755902","SECO"
"2.391.718.013","003","2025","60390","SECO"
"2.391.718.013","003","2025","4755901","SECO"
"2.391.718.013","003","2025","3299004","SECO"
"2.391.718.013","003","2025","1330001","MAIN"
"2.391.718.013","003","2025","7311001","SECO"
"2.391.718.013","003","2025","1814002","SECO"
"2.391.718.013","003","2025","74111","MAIN"
"2.391.718.013","003","2025","4771501","SECO"
"2.391.718.013","003","2025","47789","MAIN"
"2.391.718.013","003","2025","47750","SECO"
"2.391.718.013","003","2025","2341001","SECO"
"2.391.718.013","003","2025","7311002","SECO"
"2.391.718.013","003","2025","47640","SECO"
"2.391.718.013","003","2025","47519","SECO"
"2.391.718.013","003","2025","47559","SECO"
"2.391.718.013","003","2025","74120","SECO"
"2.391.718.013","003","2025","13300","SECO"
"2.391.718.013","003","2025","47512","SECO"
"2.391.718.013","003","2025","62900","SECO"
"2.391.718.013","003","2025","2341004","SECO"
"2.391.718.013","003","2025","47784","SECO"
"2.391.718.013","003","2025","18120","MAIN"
"2.391.718.013","003","2025","47622","SECO"
"2.391.718.013","003","2025","47761","SECO"
"2.391.718.013","003","2025","82990","SECO"
"2.391.718.013","003","2025","47120","MAIN"
"2.391.718.013","003","2025","47712","SECO"
"2.391.718.013","003","2025","4776101","SECO"
"2.391.718.013","003","2025","47511","SECO"
"2.391.718.013","003","2025","63100","SECO"
"2.391.718.013","003","2025","47713","SECO"
"2.391.718.013","003","2025","47716","SECO"
"2.391.718.013","003","2025","4778921","SECO"
"2.391.718.013","003","2025","47610","SECO"
"2.391.718.013","003","2025","47554","SECO"
"2.391.718.013","003","2025","47715","SECO"
"2.391.718.013","003","2025","47553","SECO"
"2.391.718.211","003","2025","47552","SECO"
"2.391.718.211","003","2025","68204","SECO"
"2.391.718.211","003","2025","68203","MAIN"
"2.391.718.211","003","2025","47524","SECO"
"2.391.718.211","003","2025","95220","SECO"
"2.391.718.211","003","2025","47529","SECO"
"2.391.718.211","003","2025","47559","SECO"
"2.391.718.211","003","2025","47540","SECO"
"2.391.718.211","003","2025","47526","MAIN"
"2.391.718.211","003","2025","47527","SECO"
"2.391.718.211","003","2025","95210","MAIN"
"2.391.718.211","003","2025","68201","MAIN"
"2.391.718.211","003","2025","82990","SECO"
"2.391.718.211","003","2025","47551","SECO"
"2.391.718.409","003","2025","85510","MAIN"
"2.391.718.508","003","2025","43230","MAIN"
"2.391.718.508","003","2025","43240","SECO"
"2.391.718.508","003","2025","81300","SECO"
"2.391.718.508","003","2025","43120","MAIN"
"2.391.718.508","003","2025","43130","MAIN"
"2.391.718.508","003","2025","81220","SECO"
"2.391.718.508","003","2025","43221","MAIN"
"2.391.718.607","003","2025","86230","MAIN"
"2.391.718.805","003","2025","96210","MAIN"
"2.391.718.805","003","2025","9621001","MAIN"
"2.391.718.805","003","2025","47750","SECO"
"2.391.718.904","003","2025","10820","MAIN"
"2.391.718.904","003","2025","47252","MAIN"
"2.391.718.904","003","2025","10712","MAIN"
"2.391.718.904","003","2025","47221","SECO"
"2.391.718.904","003","2025","47241","SECO"
"2.391.718.904","003","2025","47271","MAIN"
"2.391.718.904","003","2025","4727903","SECO"
"2.391.718.904","003","2025","47242","SECO"
"2.391.718.904","003","2025","10720","MAIN"
"2.391.719.003","003","2025","2041201","MAIN"
"2.391.719.003","003","2025","46649","MAIN"
"2.391.719.003","003","2025","77399","MAIN"
"2.391.719.003","003","2025","46450","MAIN"
"2.391.719.102","003","2025","43120","MAIN"
"2.391.719.102","003","2025","81300","MAIN"
"2.391.719.102","003","2025","71113","MAIN"
"2.391.719.102","003","2025","81230","MAIN"
"2.391.719.201","003","2025","62900","SECO"
"2.391.719.201","003","2025","2651006","SECO"
"2.391.719.201","003","2025","33200","MAIN"
"2.391.719.201","003","2025","62100","MAIN"
"2.391.719.201","003","2025","33120","MAIN"
"2.391.719.201","003","2025","62200","MAIN"
"2.391.719.201","003","2025","82990","MAIN"
"2.391.719.201","003","2025","33130","SECO"
"2.391.719.201","003","2025","33140","SECO"
"2.391.719.201","003","2025","9510001","SECO"
"2.391.719.201","003","2025","33190","SECO"
"2.391.719.201","003","2025","28990","SECO"
"2.391.719.397","003","2025","85592","MAIN"
"2.391.719.397","003","2025","70200","MAIN"
"2.391.719.595","003","2025","9699903","MAIN"
"2.391.719.694","003","2025","86940","MAIN"
"2.391.719.793","003","2025","43120","MAIN"
"2.391.719.793","003","2025","42110","SECO"
"2.391.719.793","003","2025","46831","SECO"
"2.391.719.793","003","2025","77320","SECO"
"2.391.719.793","003","2025","81300","SECO"
"2.391.719.892","003","2025","96102","MAIN"
"2.391.719.991","003","2025","47690","SECO"
"2.391.719.991","003","2025","77110","MAIN"
"2.391.719.991","003","2025","47750","MAIN"
"2.391.719.991","003","2025","96210","MAIN"
"2.391.719.991","003","2025","56210","SECO"
"2.391.719.991","003","2025","82990","SECO"
"2.391.719.991","003","2025","4769021","MAIN"
"2.391.719.991","003","2025","56120","SECO"
"2.391.720.090","003","2025","47750","MAIN"
"2.391.720.090","003","2025","47690","SECO"
"2.391.720.090","003","2025","77110","MAIN"
"2.391.720.090","003","2025","96210","MAIN"
"2.391.720.090","003","2025","56120","SECO"
"2.391.720.090","003","2025","4769021","MAIN"
"2.391.720.090","003","2025","56210","SECO"
"2.391.720.090","003","2025","82990","SECO"
"2.391.720.288","003","2008","41101","MAIN"
"2.391.720.288","003","2008","41102","MAIN"
"2.391.720.288","003","2025","68121","MAIN"
"2.391.720.288","003","2025","68122","MAIN"
"2.391.720.486","003","2025","4778402","MAIN"
"2.391.720.486","003","2025","82990","MAIN"
"2.391.720.486","003","2025","47716","MAIN"
"2.391.720.585","003","2025","66199","MAIN"
"2.391.720.684","003","2025","71121","MAIN"
"2.391.720.783","003","2025","01461","MAIN"
"2.391.720.783","003","2025","01110","MAIN"
"2.391.720.981","003","2025","29201","MAIN"
"2.391.720.981","003","2025","47811","MAIN"
"2.391.720.981","003","2025","5221004","SECO"
"2.391.720.981","003","2025","47812","MAIN"
"2.391.720.981","003","2025","81100","SECO"
"2.391.720.981","003","2025","95314","SECO"
"2.391.720.981","003","2025","95316","SECO"
"2.391.720.981","003","2025","47830","SECO"
"2.391.720.981","003","2025","2920102","SECO"
"2.391.720.981","003","2025","95319","MAIN"
"2.391.720.981","003","2025","47813","MAIN"
"2.391.720.981","003","2025","82990","SECO"
"2.391.721.080","003","2025","86963","SECO"
"2.391.721.080","003","2025","86951","MAIN"
"2.391.721.080","003","2025","86964","SECO"
"2.391.721.080","003","2025","93199","SECO"
"2.391.721.080","003","2025","93192","SECO"
"2.391.721.080","003","2025","85510","SECO"
"2.391.721.080","003","2025","86965","SECO"
"2.391.721.179","003","2025","47811","MAIN"
"2.391.721.179","003","2025","70200","MAIN"
"2.391.721.179","003","2025","95312","MAIN"
"2.391.721.179","003","2025","47830","MAIN"
"2.391.721.179","003","2025","95311","MAIN"
"2.391.721.278","003","2025","47120","MAIN"
"2.391.721.278","003","2025","47789","MAIN"
"2.391.721.278","003","2025","46190","MAIN"
"2.391.721.278","003","2025","85599","MAIN"
"2.391.721.377","003","2025","86220","MAIN"
"2.391.721.476","003","2025","70200","MAIN"
"2.391.721.476","003","2025","47252","MAIN"
"2.391.721.476","003","2025","68201","MAIN"
"2.391.721.476","003","2025","93299","MAIN"
"2.391.721.476","003","2025","85592","MAIN"
"2.391.721.674","003","2025","6832101","MAIN"
"2.391.721.674","003","2025","69209","MAIN"
"2.391.721.674","003","2025","96999","MAIN"
"2.391.721.674","003","2025","82990","MAIN"
"2.391.721.773","003","2025","82100","MAIN"
"2.391.721.773","003","2025","74140","MAIN"
"2.391.721.773","003","2025","82990","MAIN"
"2.391.722.070","003","2025","47784","MAIN"
"2.391.722.070","003","2025","32990","MAIN"
"2.391.722.070","003","2025","47690","MAIN"
"2.391.722.070","003","2025","74111","MAIN"
"2.391.722.070","003","2025","4755902","MAIN"
"2.391.722.070","003","2025","74201","SECO"
"2.391.722.169","003","2025","86230","MAIN"
"2.391.722.268","003","2025","70100","MAIN"
"2.391.722.367","003","2025","86940","MAIN"
"2.391.722.466","003","2025","73300","MAIN"
"2.391.722.466","003","2025","82100","MAIN"
"2.391.722.466","003","2025","70200","MAIN"
"2.391.722.466","003","2025","74301","MAIN"
"2.391.722.565","003","2025","6811001","MAIN"
"2.391.722.565","003","2025","6820101","MAIN"
"2.391.722.565","003","2025","6820301","MAIN"
"2.391.722.565","003","2025","68201","MAIN"
"2.391.722.565","003","2025","6811002","SECO"
"2.391.722.565","003","2025","66300","SECO"
"2.391.722.565","003","2025","55900","SECO"
"2.391.722.565","003","2025","68203","MAIN"
"2.391.722.664","003","2025","86951","MAIN"
"2.391.722.862","003","2025","49420","SECO"
"2.391.722.862","003","2025","4312005","MAIN"
"2.391.722.862","003","2025","81220","MAIN"
"2.391.722.862","003","2025","81210","MAIN"
"2.391.722.862","003","2025","96102","MAIN"
"2.391.722.862","003","2025","81230","MAIN"
"2.391.722.961","003","2025","82300","MAIN"
"2.391.722.961","003","2025","32500","MAIN"
"2.391.722.961","003","2025","77225","MAIN"
"2.391.722.961","003","2025","86230","MAIN"
"2.391.723.060","003","2025","72109","MAIN"
"2.391.723.060","003","2025","74999","MAIN"
"2.391.723.060","003","2025","82990","MAIN"
"2.391.723.159","003","2008","86904","MAIN"
"2.391.723.159","003","2025","86931","MAIN"
"2.391.723.258","003","2025","63100","MAIN"
"2.391.723.258","003","2025","70200","SECO"
"2.391.723.258","003","2025","82300","SECO"
"2.391.723.258","003","2025","74201","SECO"
"2.391.723.258","003","2025","74209","SECO"
"2.391.723.258","003","2025","85599","MAIN"
"2.391.723.258","003","2025","7330001","MAIN"
"2.391.723.258","003","2025","63920","SECO"
"2.391.723.258","003","2025","85510","SECO"
"2.391.723.258","003","2025","62200","SECO"
"2.391.723.258","003","2025","62100","SECO"
"2.391.723.258","003","2025","59113","SECO"
"2.391.723.258","003","2025","62900","SECO"
"2.391.723.258","003","2025","73300","SECO"
"2.391.723.258","003","2025","73110","MAIN"
"2.391.723.258","003","2025","73200","SECO"
"2.391.723.258","003","2025","74120","SECO"
"2.391.723.258","003","2025","93199","SECO"
"2.391.723.258","003","2025","82990","MAIN"
"2.391.723.456","003","2008","66300","SECO"
"2.391.723.456","003","2008","6820301","MAIN"
"2.391.723.456","003","2008","6810002","SECO"
"2.391.723.456","003","2008","68203","MAIN"
"2.391.723.456","003","2008","6810001","MAIN"
"2.391.723.456","003","2008","68201","MAIN"
"2.391.723.456","003","2008","6820101","MAIN"
"2.391.723.456","003","2008","55900","SECO"
"2.391.723.456","003","2025","66300","SECO"
"2.391.723.456","003","2025","68201","MAIN"
"2.391.723.456","003","2025","55900","SECO"
"2.391.723.456","003","2025","6811001","MAIN"
"2.391.723.456","003","2025","6820101","MAIN"
"2.391.723.456","003","2025","6811002","SECO"
"2.391.723.456","003","2025","68203","MAIN"
"2.391.723.456","003","2025","6820301","MAIN"
"2.391.723.555","003","2025","46890","MAIN"
"2.391.723.654","003","2025","73300","MAIN"
"2.391.723.654","003","2025","7010001","SECO"
"2.391.723.654","003","2025","7330001","MAIN"
"2.391.723.654","003","2025","64210","MAIN"
"2.391.723.654","003","2025","7020001","MAIN"
"2.391.723.654","003","2025","70200","MAIN"
"2.391.723.654","003","2025","82990","SECO"
"2.391.723.753","003","2025","70200","SECO"
"2.391.723.753","003","2025","7010001","MAIN"
"2.391.723.753","003","2025","82990","SECO"
"2.391.723.852","003","2025","68201","SECO"
"2.391.723.852","003","2025","82990","SECO"
"2.391.723.852","003","2025","62900","MAIN"
"2.391.723.852","003","2025","95100","SECO"
"2.391.723.852","003","2025","68110","SECO"
"2.391.723.852","003","2025","62100","MAIN"
"2.391.723.852","003","2025","70200","SECO"
"2.391.723.852","003","2025","58290","SECO"
"2.391.723.852","003","2025","62200","MAIN"
"2.391.723.852","003","2025","47400","SECO"
"2.391.723.852","003","2025","63100","MAIN"
"2.391.724.149","003","2025","86940","MAIN"
"2.391.724.248","003","2025","49330","MAIN"
"2.391.724.347","003","2025","68201","SECO"
"2.391.724.347","003","2025","47722","MAIN"
"2.391.724.347","003","2025","47715","MAIN"
"2.391.724.347","003","2025","68110","SECO"
"2.391.724.347","003","2025","47712","SECO"
"2.391.724.347","003","2025","47711","MAIN"
"2.391.724.347","003","2025","47713","SECO"
"2.391.724.347","003","2025","4778402","MAIN"
"2.391.724.347","003","2025","68203","SECO"
"2.391.724.347","003","2025","47721","MAIN"
"2.391.724.644","003","2025","74111","SECO"
"2.391.724.644","003","2025","47714","MAIN"
"2.391.724.743","003","2025","4324004","MAIN"
"2.391.724.842","003","2025","4324004","MAIN"
"2.391.724.842","003","2025","81230","SECO"
"2.391.724.842","003","2025","4324006","SECO"
"2.391.724.842","003","2025","4324001","SECO"
"2.391.724.842","003","2025","43130","SECO"
"2.391.724.842","003","2025","4399002","SECO"
"2.391.724.842","003","2025","4391002","SECO"
"2.391.724.842","003","2025","4324003","SECO"
"2.391.724.842","003","2025","43230","MAIN"
"2.391.724.842","003","2025","4342901","SECO"
"2.391.724.842","003","2025","4399003","SECO"
"2.391.724.842","003","2025","4342903","SECO"
"2.391.724.842","003","2025","43350","MAIN"
"2.391.724.842","003","2025","81210","SECO"
"2.391.724.842","003","2025","81220","MAIN"
"2.391.724.842","003","2025","43120","MAIN"
"2.391.725.040","003","2025","86230","MAIN"
"2.391.725.238","003","2025","43240","SECO"
"2.391.725.238","003","2025","41003","SECO"
"2.391.725.238","003","2025","43331","SECO"
"2.391.725.238","003","2025","43990","SECO"
"2.391.725.238","003","2025","43212","MAIN"
"2.391.725.238","003","2025","43421","SECO"
"2.391.725.238","003","2025","43343","SECO"
"2.391.725.238","003","2025","43110","SECO"
"2.391.725.238","003","2025","43422","SECO"
"2.391.725.238","003","2025","43910","SECO"
"2.391.725.238","003","2025","43221","SECO"
"2.391.725.238","003","2025","43211","MAIN"
"2.391.725.238","003","2025","43410","SECO"
"2.391.725.238","003","2025","41001","SECO"
"2.391.725.238","003","2025","43130","SECO"
"2.391.725.238","003","2025","41002","SECO"
"2.391.725.238","003","2025","43350","SECO"
"2.391.725.238","003","2025","43230","SECO"
"2.391.725.238","003","2025","43341","SECO"
"2.391.725.238","003","2025","43320","SECO"
"2.391.725.238","003","2025","43429","SECO"
"2.391.725.238","003","2025","43342","SECO"
"2.391.725.238","003","2025","43332","SECO"
"2.391.725.238","003","2025","43222","SECO"
"2.391.725.238","003","2025","43120","SECO"
"2.391.725.238","003","2025","43223","SECO"
"2.391.725.238","003","2025","43333","SECO"
"2.391.725.238","003","2025","43310","SECO"
"2.391.725.337","003","2025","56112","MAIN"
"2.391.725.337","003","2025","56210","MAIN"
"2.391.725.436","003","2025","90201","MAIN"
"2.391.725.535","003","2025","46424","MAIN"
"2.391.725.535","003","2025","47789","MAIN"
"2.391.725.535","003","2025","47750","MAIN"
"2.391.725.535","003","2025","47559","MAIN"
"2.391.725.535","003","2025","73110","SECO"
"2.391.725.535","003","2025","47120","MAIN"
"2.391.725.535","003","2025","47910","SECO"
"2.391.725.733","003","2025","47741","MAIN"
"2.391.725.733","003","2025","66199","SECO"
"2.391.725.733","003","2025","7010001","SECO"
"2.391.725.733","003","2025","82990","SECO"
"2.391.725.733","003","2025","68110","SECO"
"2.391.725.733","003","2025","47750","MAIN"
"2.391.725.733","003","2025","47730","MAIN"
"2.391.725.733","003","2025","21201","MAIN"
"2.391.725.832","003","2025","82990","MAIN"
"2.391.725.832","003","2025","82100","MAIN"
"2.391.725.931","003","2025","95311","MAIN"
"2.391.725.931","003","2025","16120","SECO"
"2.391.725.931","003","2025","95314","MAIN"
"2.391.725.931","003","2025","1612002","SECO"
"2.391.725.931","003","2025","95316","SECO"
"2.391.725.931","003","2025","82990","MAIN"
"2.391.726.030","003","2025","86951","MAIN"
"2.391.726.030","003","2025","82990","SECO"
"2.391.726.030","003","2025","85599","SECO"
"2.391.726.030","003","2025","86995","SECO"
"2.391.726.030","003","2025","85510","SECO"
"2.391.726.030","003","2025","85699","SECO"
"2.391.726.129","003","2025","74209","MAIN"
"2.391.726.129","003","2025","63920","SECO"
"2.391.726.129","003","2025","74201","MAIN"
"2.391.726.129","003","2025","86995","SECO"
"2.391.726.129","003","2025","74130","MAIN"
"2.391.726.129","003","2025","82990","MAIN"
"2.391.726.129","003","2025","96230","SECO"
"2.391.726.129","003","2025","96220","MAIN"
"2.391.726.129","003","2025","85599","SECO"
"2.391.726.228","003","2025","4391002","SECO"
"2.391.726.228","003","2025","43222","MAIN"
"2.391.726.228","003","2025","43333","SECO"
"2.391.726.228","003","2025","43320","SECO"
"2.391.726.228","003","2025","43990","SECO"
"2.391.726.228","003","2025","43221","MAIN"
"2.391.726.228","003","2025","43332","SECO"
"2.391.726.228","003","2025","81230","SECO"
"2.391.726.228","003","2025","90392","SECO"
"2.391.726.426","003","2025","52210","SECO"
"2.391.726.426","003","2025","52250","SECO"
"2.391.726.426","003","2025","53200","SECO"
"2.391.726.426","003","2025","52249","SECO"
"2.391.726.426","003","2025","49320","SECO"
"2.391.726.426","003","2025","52260","SECO"
"2.391.726.426","003","2025","49410","MAIN"
"2.391.726.426","003","2025","52310","SECO"
"2.391.726.525","003","2025","96220","MAIN"
"2.391.726.525","003","2025","86961","MAIN"
"2.391.726.525","003","2025","86994","MAIN"
"2.391.726.624","003","2025","71111","MAIN"
"2.391.726.723","003","2025","8699402","MAIN"
"2.391.726.723","003","2025","47559","SECO"
"2.391.726.723","003","2025","3299004","SECO"
"2.391.726.921","006","2025","52100","MAIN"
"2.391.727.119","003","2025","58290","SECO"
"2.391.727.119","003","2025","4331001","SECO"
"2.391.727.119","003","2025","43211","SECO"
"2.391.727.119","003","2025","41001","MAIN"
"2.391.727.119","003","2025","68121","SECO"
"2.391.727.119","003","2025","70200","MAIN"
"2.391.727.119","003","2025","41002","SECO"
"2.391.727.119","003","2025","43212","SECO"
"2.391.727.119","003","2025","68122","SECO"
"2.391.727.119","003","2025","41003","MAIN"
"2.391.727.119","003","2025","43331","SECO"
"2.391.727.119","003","2025","33200","SECO"
"2.391.727.119","003","2025","71121","MAIN"
"2.391.727.119","003","2025","43910","SECO"
"2.391.727.119","003","2025","42220","SECO"
"2.391.727.119","003","2025","62200","MAIN"
"2.391.727.218","003","2025","81300","MAIN"
"2.391.727.218","003","2025","8130001","MAIN"
"2.391.727.218","003","2025","82990","MAIN"
"2.391.727.317","006","2025","88994","MAIN"
"2.391.727.416","003","2025","47791","MAIN"
"2.391.727.515","003","2025","81210","MAIN"
"2.391.727.515","003","2025","81220","MAIN"
"2.391.727.515","003","2025","4335001","MAIN"
"2.391.727.614","003","2025","47120","SECO"
"2.391.727.614","003","2025","47400","MAIN"
"2.391.727.614","003","2025","47621","MAIN"
"2.391.727.614","003","2025","47722","MAIN"
"2.391.727.614","003","2025","82100","MAIN"
"2.391.727.614","003","2025","18130","MAIN"
"2.391.727.713","003","2025","9531101","SECO"
"2.391.727.713","003","2025","95312","MAIN"
"2.391.727.713","003","2025","47812","MAIN"
"2.391.727.713","003","2025","5221004","SECO"
"2.391.727.713","003","2025","95311","MAIN"
"2.391.727.713","003","2025","9531901","SECO"
"2.391.727.713","003","2025","4783001","SECO"
"2.391.727.713","003","2025","47811","MAIN"
"2.391.727.713","003","2025","95319","SECO"
"2.391.727.713","003","2025","95314","SECO"
"2.391.728.010","003","2025","82990","MAIN"
"2.391.728.208","003","2025","70200","MAIN"
"2.391.728.208","003","2025","64210","MAIN"
"2.391.728.208","003","2025","82990","MAIN"
"2.391.728.406","003","2025","56301","MAIN"
"2.391.728.406","003","2025","56112","MAIN"
"2.391.728.505","003","2025","32130","SECO"
"2.391.728.505","003","2025","32123","SECO"
"2.391.728.505","003","2025","4777002","SECO"
"2.391.728.505","003","2025","46820","MAIN"
"2.391.728.505","003","2025","95250","MAIN"
"2.391.728.505","003","2025","47770","MAIN"
"2.391.728.505","003","2025","46480","MAIN"
"2.391.728.505","003","2025","74111","SECO"
"2.391.728.505","003","2025","4777001","SECO"
"2.391.728.505","003","2025","4682002","SECO"
"2.391.728.604","003","2025","47722","MAIN"
"2.391.728.703","003","2025","47811","SECO"
"2.391.728.703","003","2025","16110","MAIN"
"2.391.728.703","003","2025","47553","SECO"
"2.391.728.703","003","2025","46842","SECO"
"2.391.728.703","003","2025","82990","SECO"
"2.391.728.703","003","2025","95312","SECO"
"2.391.728.703","003","2025","68204","MAIN"
"2.391.728.703","003","2025","46130","SECO"
"2.391.728.703","003","2025","95311","SECO"
"2.391.728.703","003","2025","6820402","MAIN"
"2.391.728.703","003","2025","95319","SECO"
"2.391.728.703","003","2025","95314","SECO"
"2.391.728.703","003","2025","46832","MAIN"
"2.391.728.703","003","2025","4778101","MAIN"
"2.391.728.703","003","2025","47812","SECO"
"2.391.728.802","003","2025","7010001","SECO"
"2.391.728.802","003","2025","70200","MAIN"
"2.391.728.802","003","2025","82990","SECO"
"2.391.728.802","003","2025","64210","SECO"
"2.391.728.901","003","2025","41001","MAIN"
"2.391.728.901","003","2025","81300","MAIN"
"2.391.728.901","003","2025","82990","MAIN"
"2.391.728.901","003","2025","43120","MAIN"
"2.391.728.901","003","2025","43910","MAIN"
"2.391.729.097","003","2025","96999","MAIN"
"2.391.729.196","003","2025","47762","MAIN"
"2.391.729.196","003","2025","75000","MAIN"
"2.391.729.295","003","2025","81300","MAIN"
"2.391.729.295","003","2025","82990","MAIN"
"2.391.729.295","003","2025","01610","MAIN"
"2.391.729.295","003","2025","43120","MAIN"
"2.391.729.394","003","2008","62030","MAIN"
"2.391.729.394","003","2008","46190","MAIN"
"2.391.729.394","003","2008","62020","MAIN"
"2.391.729.394","003","2025","46190","MAIN"
"2.391.729.394","003","2025","62200","MAIN"
"2.391.729.493","003","2025","47781","MAIN"
"2.391.729.493","003","2025","25401","MAIN"
"2.391.729.493","003","2025","81300","MAIN"
"2.391.729.493","003","2025","71121","MAIN"
"2.391.729.493","003","2025","46832","SECO"
"2.391.729.493","003","2025","02200","MAIN"
"2.391.729.691","003","2025","8699402","MAIN"
"2.391.729.691","003","2025","86994","MAIN"
"2.391.729.790","003","2025","47714","MAIN"
"2.391.729.790","003","2025","47721","MAIN"
"2.391.729.790","003","2025","47715","MAIN"
"2.391.729.790","003","2025","47712","MAIN"
"2.391.729.790","003","2025","47711","MAIN"
"2.391.729.889","003","2025","71209","MAIN"
"2.391.729.889","003","2025","8130001","MAIN"
"2.391.729.988","003","2025","4324001","SECO"
"2.391.729.988","003","2025","4323001","MAIN"
"2.391.729.988","003","2025","81210","MAIN"
"2.391.729.988","003","2025","4312001","MAIN"
"2.391.729.988","003","2025","43230","MAIN"
"2.391.729.988","003","2025","4312005","MAIN"
"2.391.730.087","003","2025","25530","MAIN"
"2.391.730.087","003","2025","3312003","MAIN"
"2.391.730.186","003","2025","4727902","MAIN"
"2.391.730.186","003","2025","47252","MAIN"
"2.391.730.186","003","2025","4727903","MAIN"
"2.391.730.186","003","2025","4727101","MAIN"
"2.391.730.285","003","2025","86997","MAIN"
"2.391.730.285","003","2025","9699901","MAIN"
"2.391.730.285","003","2025","86961","MAIN"
"2.391.730.285","003","2025","86999","MAIN"
"2.391.730.384","003","2025","56301","SECO"
"2.391.730.384","003","2025","9699301","SECO"
"2.391.730.384","003","2025","56112","SECO"
"2.391.730.384","003","2025","47640","SECO"
"2.391.730.384","003","2025","03120","MAIN"
"2.391.730.582","003","2025","70200","MAIN"
"2.391.730.582","003","2025","62100","SECO"
"2.391.730.582","003","2025","62900","MAIN"
"2.391.730.582","003","2025","82990","MAIN"
"2.391.730.582","003","2025","62200","MAIN"
"2.391.730.681","003","2025","7733002","MAIN"
"2.391.730.681","003","2025","62200","MAIN"
"2.391.730.681","003","2025","4740001","SECO"
"2.391.730.681","003","2025","63100","MAIN"
"2.391.730.681","003","2025","62900","MAIN"
"2.391.730.681","003","2025","58290","SECO"
"2.391.730.681","003","2025","6220001","SECO"
"2.391.730.681","003","2025","62100","MAIN"
"2.391.730.780","003","2025","62200","MAIN"
"2.391.730.780","003","2025","80090","MAIN"
"2.391.730.780","003","2025","70200","MAIN"
"2.391.730.879","003","2025","43341","MAIN"
"2.391.730.879","003","2025","43320","MAIN"
"2.391.730.879","003","2025","43310","MAIN"
"2.391.730.879","003","2025","43331","MAIN"
"2.391.730.879","003","2025","43910","MAIN"
"2.391.730.978","003","2025","69109","MAIN"
"2.391.730.978","003","2025","64210","MAIN"
"2.391.730.978","003","2025","70200","MAIN"
"2.391.731.077","003","2025","93299","MAIN"
"2.391.731.077","003","2025","74130","MAIN"
"2.391.731.176","003","2025","77392","MAIN"
"2.391.731.176","003","2025","77223","MAIN"
"2.391.731.176","003","2025","82990","MAIN"
"2.391.731.176","003","2025","77229","MAIN"
"2.391.731.374","003","2025","53200","MAIN"
"2.391.731.374","003","2025","47110","MAIN"
"2.391.731.374","003","2025","47910","MAIN"
"2.391.731.374","003","2025","5320001","MAIN"
"2.391.731.374","003","2025","47750","MAIN"
"2.391.731.473","003","2025","56210","MAIN"
"2.391.731.473","003","2025","82300","MAIN"
"2.391.731.473","003","2025","56111","MAIN"
"2.391.731.473","003","2025","47910","MAIN"
"2.391.731.572","003","2025","71112","MAIN"
"2.391.731.671","003","2025","4751201","MAIN"
"2.391.731.671","003","2025","4753004","MAIN"
"2.391.731.671","003","2025","47789","MAIN"
"2.391.731.869","003","2025","85599","MAIN"
"2.391.731.869","003","2025","86951","MAIN"
"2.391.732.166","003","2025","8699402","MAIN"
"2.391.732.166","003","2025","9622003","MAIN"
"2.391.732.265","003","2025","58290","MAIN"
"2.391.732.265","003","2025","95311","MAIN"
"2.391.732.265","003","2025","7311001","MAIN"
"2.391.732.265","003","2025","5811001","SECO"
"2.391.732.265","003","2025","49410","MAIN"
"2.391.732.265","003","2025","95312","SECO"
"2.391.732.265","003","2025","53200","SECO"
"2.391.732.265","003","2025","95313","SECO"
"2.391.732.265","003","2025","4781101","MAIN"
"2.391.732.265","003","2025","82990","SECO"
"2.391.732.265","003","2025","95319","SECO"
"2.391.732.364","003","2025","01620","SECO"
"2.391.732.364","003","2025","33120","MAIN"
"2.391.732.364","003","2025","4614004","SECO"
"2.391.732.364","003","2025","01610","SECO"
"2.391.732.364","003","2025","95319","SECO"
"2.391.732.364","003","2025","33200","MAIN"
"2.391.732.364","003","2025","46610","SECO"
"2.391.732.364","003","2025","01630","SECO"
"2.391.732.364","003","2025","33190","MAIN"
"2.391.732.364","003","2025","95311","SECO"
"2.391.732.364","003","2025","95312","SECO"
"2.391.732.463","003","2025","69101","MAIN"
"2.391.732.562","003","2025","62100","MAIN"
"2.391.732.562","003","2025","63100","MAIN"
"2.391.732.562","003","2025","62900","MAIN"
"2.391.732.661","003","2025","5310003","MAIN"
"2.391.732.859","003","2025","74999","MAIN"
"2.391.732.958","003","2025","10712","MAIN"
"2.391.732.958","003","2025","85599","MAIN"
"2.391.732.958","003","2025","47279","MAIN"
"2.391.732.958","003","2025","46370","SECO"
"2.391.732.958","003","2025","47241","MAIN"
"2.391.732.958","003","2025","56210","MAIN"
"2.391.733.057","003","2025","56301","MAIN"
"2.391.733.057","003","2025","56112","MAIN"
"2.391.733.156","003","2025","43230","MAIN"
"2.391.733.156","003","2025","8122001","MAIN"
"2.391.733.156","003","2025","4323003","SECO"
"2.391.733.156","003","2025","4399003","SECO"
"2.391.733.156","003","2025","4399002","SECO"
"2.391.733.156","003","2025","4391002","SECO"
"2.391.733.156","003","2025","4334202","SECO"
"2.391.733.156","003","2025","2511003","SECO"
"2.391.733.156","003","2025","4324001","MAIN"
"2.391.733.156","003","2025","2511001","SECO"
"2.391.733.156","003","2025","4335001","SECO"
"2.391.733.156","003","2025","4211001","SECO"
"2.391.733.156","003","2025","4312001","SECO"
"2.391.733.156","003","2025","4323001","MAIN"
"2.391.733.156","003","2025","4324006","SECO"
"2.391.733.156","003","2025","4323002","SECO"
"2.391.733.156","003","2025","81210","SECO"
"2.391.733.156","003","2025","4312005","MAIN"
"2.391.733.156","003","2025","4342903","SECO"
"2.391.733.255","003","2025","56112","MAIN"
"2.391.733.354","003","2025","56112","MAIN"
"2.391.733.453","003","2025","86999","MAIN"
"2.391.733.453","003","2025","88999","MAIN"
"2.391.733.453","003","2025","85592","MAIN"
"2.391.733.453","003","2025","85599","MAIN"
"2.391.733.552","003","2025","86220","MAIN"
"2.391.733.651","003","2025","56301","MAIN"
"2.391.733.651","003","2025","56112","MAIN"
"2.391.733.750","003","2025","62900","MAIN"
"2.391.733.750","003","2025","46140","SECO"
"2.391.733.750","003","2025","62200","MAIN"
"2.391.733.750","003","2025","62100","MAIN"
"2.391.733.849","003","2025","10712","MAIN"
"2.391.733.849","003","2025","10820","MAIN"
"2.391.733.849","003","2025","4727903","MAIN"
"2.391.733.849","003","2025","47241","MAIN"
"2.391.733.948","003","2025","43222","MAIN"
"2.391.733.948","003","2025","7112103","MAIN"
"2.391.733.948","003","2025","47120","MAIN"
"2.391.733.948","003","2025","43223","MAIN"
"2.391.733.948","003","2025","33140","MAIN"
"2.391.733.948","003","2025","82990","SECO"
"2.391.734.146","003","2025","47820","SECO"
"2.391.734.146","003","2025","47811","MAIN"
"2.391.734.344","003","2025","82990","SECO"
"2.391.734.344","003","2025","7330001","SECO"
"2.391.734.344","003","2025","70200","MAIN"
"2.391.734.344","003","2025","7020001","MAIN"
"2.391.734.344","003","2025","73110","MAIN"
"2.391.734.344","003","2025","7311001","MAIN"
"2.391.734.344","003","2025","73300","SECO"
"2.391.734.344","003","2025","7311003","SECO"
"2.391.734.344","003","2025","7010001","MAIN"
"2.391.734.344","003","2025","73120","SECO"
"2.391.734.443","003","2008","64200","MAIN"
"2.391.734.443","003","2025","64210","MAIN"
"2.391.734.542","003","2025","47639","MAIN"
"2.391.734.542","003","2025","93299","MAIN"
"2.391.734.542","003","2025","70200","MAIN"
"2.391.734.542","003","2025","77399","MAIN"
"2.391.734.542","003","2025","56112","MAIN"
"2.391.734.641","003","2025","01420","MAIN"
"2.391.734.641","003","2025","01620","SECO"
"2.391.734.641","003","2025","01610","SECO"
"2.391.734.641","003","2025","01630","SECO"
"2.391.734.641","003","2025","10620","SECO"
"2.391.734.641","003","2025","01130","MAIN"
"2.391.734.641","003","2025","01410","MAIN"
"2.391.734.641","003","2025","01110","MAIN"
"2.391.734.740","003","2025","66199","MAIN"
"2.391.734.740","003","2025","47400","MAIN"
"2.391.734.740","003","2025","47260","MAIN"
"2.391.734.740","003","2025","47553","MAIN"
"2.391.734.740","003","2025","47110","MAIN"
"2.391.734.839","003","2025","47120","MAIN"
"2.391.734.839","003","2025","47791","MAIN"
"2.391.734.839","003","2025","47252","MAIN"
"2.391.734.839","003","2025","47793","MAIN"
"2.391.734.839","003","2025","47242","MAIN"
"2.391.735.136","003","2025","82990","MAIN"
"2.391.735.136","003","2025","81300","MAIN"
"2.391.735.235","003","2025","73110","SECO"
"2.391.735.235","003","2025","74120","MAIN"
"2.391.735.235","003","2025","59113","SECO"
"2.391.735.235","003","2025","63910","MAIN"
"2.391.735.235","003","2025","73300","MAIN"
"2.391.735.235","003","2025","70200","SECO"
"2.391.735.235","003","2025","82300","MAIN"
"2.391.735.235","003","2025","74201","MAIN"
"2.391.735.235","003","2025","90111","SECO"
"2.391.735.334","003","2025","81210","MAIN"
"2.391.735.334","003","2025","81300","MAIN"
"2.391.735.334","003","2025","38110","MAIN"
"2.391.735.532","003","2025","47750","SECO"
"2.391.735.532","003","2025","96220","MAIN"
"2.391.735.730","003","2025","47279","MAIN"
"2.391.735.730","003","2025","10410","MAIN"
"2.391.735.829","003","2025","73300","MAIN"
"2.391.735.829","003","2025","82400","MAIN"
"2.391.735.829","003","2025","63910","MAIN"
"2.391.735.829","003","2025","60390","MAIN"
"2.391.735.928","003","2025","47690","MAIN"
"2.391.736.126","003","2025","86220","MAIN"
"2.391.736.225","003","2025","53200","MAIN"
"2.391.736.225","003","2025","49410","MAIN"
"2.391.736.324","003","2025","4321102","MAIN"
"2.391.736.324","003","2025","47400","MAIN"
"2.391.736.423","003","2025","53200","MAIN"
"2.391.736.423","003","2025","82990","MAIN"
"2.391.736.621","003","2025","62100","MAIN"
"2.391.736.621","003","2025","63100","SECO"
"2.391.736.720","003","2025","70100","MAIN"
"2.391.736.720","003","2025","7020001","MAIN"
"2.391.736.720","003","2025","7010001","MAIN"
"2.391.736.720","003","2025","70200","MAIN"
"2.391.736.720","003","2025","82990","SECO"
"2.391.736.720","003","2025","82100","SECO"
"2.391.736.918","003","2025","8001001","MAIN"
"2.391.736.918","003","2025","80090","MAIN"
"2.391.736.918","003","2025","80010","SECO"
"2.391.736.918","003","2025","8001002","SECO"
"2.391.736.918","003","2025","8009001","SECO"
"2.391.737.116","003","2025","7010001","SECO"
"2.391.737.116","003","2025","66199","SECO"
"2.391.737.116","003","2025","85599","SECO"
"2.391.737.116","003","2025","64210","SECO"
"2.391.737.116","003","2025","7020002","SECO"
"2.391.737.116","003","2025","68110","SECO"
"2.391.737.116","003","2025","70100","SECO"
"2.391.737.116","003","2025","63920","SECO"
"2.391.737.116","003","2025","82990","MAIN"
"2.391.737.116","003","2025","70200","MAIN"
"2.391.737.116","003","2025","68201","SECO"
"2.391.737.116","003","2025","82300","SECO"
"2.391.737.116","003","2025","68203","SECO"
"2.391.737.116","003","2025","7020001","MAIN"
"2.391.737.314","003","2025","73110","SECO"
"2.391.737.314","003","2025","47400","SECO"
"2.391.737.314","003","2025","82100","SECO"
"2.391.737.314","003","2025","66220","SECO"
"2.391.737.314","003","2025","6619904","MAIN"
"2.391.737.314","003","2025","70200","SECO"
"2.391.737.314","003","2025","66199","SECO"
"2.391.737.314","003","2025","62100","SECO"
"2.391.737.413","003","2025","62100","MAIN"
"2.391.737.413","003","2025","62200","MAIN"
"2.391.737.512","003","2025","64210","MAIN"
"2.391.737.611","003","2025","59113","MAIN"
"2.391.737.611","003","2025","96910","SECO"
"2.391.737.611","003","2025","85510","MAIN"
"2.391.737.611","003","2025","73110","MAIN"
"2.391.737.710","003","2025","4322202","SECO"
"2.391.737.710","003","2025","3320001","SECO"
"2.391.737.710","003","2025","33140","SECO"
"2.391.737.710","003","2025","4321103","SECO"
"2.391.737.710","003","2025","8130002","SECO"
"2.391.737.710","003","2025","9529008","SECO"
"2.391.737.710","003","2025","4323002","SECO"
"2.391.737.710","003","2025","43212","MAIN"
"2.391.737.710","003","2025","27402","SECO"
"2.391.737.710","003","2025","4222002","SECO"
"2.391.737.710","003","2025","4322203","SECO"
"2.391.737.710","003","2025","8130001","SECO"
"2.391.737.710","003","2025","4323003","SECO"
"2.391.737.710","003","2025","2825002","SECO"
"2.391.737.710","003","2025","82990","SECO"
"2.391.737.710","003","2025","4324005","SECO"
"2.391.737.710","003","2025","43211","MAIN"
"2.391.737.710","003","2025","43350","SECO"
"2.391.737.710","003","2025","4335002","SECO"
"2.391.737.710","003","2025","33130","SECO"
"2.391.737.710","003","2025","4222001","SECO"
"2.391.737.710","003","2025","9522001","SECO"
"2.391.737.710","003","2025","43221","MAIN"
"2.391.737.710","003","2025","4321101","SECO"
"2.391.737.710","003","2025","4322201","SECO"
"2.391.737.710","003","2025","27110","SECO"
"2.391.737.710","003","2025","43222","MAIN"
"2.391.737.710","003","2025","7112101","SECO"
"2.391.737.710","003","2025","4321102","SECO"
"2.391.737.710","003","2025","43230","SECO"
"2.391.737.710","003","2025","42220","SECO"
"2.391.737.710","003","2025","4323001","SECO"
"2.391.737.710","003","2025","43223","SECO"
"2.391.737.710","003","2025","4221902","SECO"
"2.391.737.809","003","2025","77393","SECO"
"2.391.737.809","003","2025","82990","MAIN"
"2.391.737.809","003","2025","96999","MAIN"
"2.391.737.809","003","2025","77210","MAIN"
"2.391.737.908","003","2025","82990","MAIN"
"2.391.737.908","003","2025","56309","SECO"
"2.391.737.908","003","2025","93299","MAIN"
"2.391.737.908","003","2025","82300","MAIN"
"2.391.737.908","003","2025","85593","MAIN"
"2.391.737.908","003","2025","85599","MAIN"
"2.391.738.007","003","2025","43350","SECO"
"2.391.738.007","003","2025","4322101","SECO"
"2.391.738.007","003","2025","4324004","SECO"
"2.391.738.007","003","2025","41002","SECO"
"2.391.738.007","003","2025","4341001","SECO"
"2.391.738.007","003","2025","43212","SECO"
"2.391.738.007","003","2025","4333201","SECO"
"2.391.738.007","003","2025","43211","SECO"
"2.391.738.007","003","2025","41001","MAIN"
"2.391.738.007","003","2025","4332013","SECO"
"2.391.738.007","003","2025","4333301","SECO"
"2.391.738.007","003","2025","43343","SECO"
"2.391.738.007","003","2025","43990","MAIN"
"2.391.738.007","003","2025","43910","SECO"
"2.391.738.007","003","2025","43130","SECO"
"2.391.738.007","003","2025","43331","SECO"
"2.391.738.007","003","2025","43110","SECO"
"2.391.738.007","003","2025","43213","SECO"
"2.391.738.007","003","2025","43240","MAIN"
"2.391.738.007","003","2025","41003","SECO"
"2.391.738.007","003","2025","43410","SECO"
"2.391.738.007","003","2025","43429","SECO"
"2.391.738.007","003","2025","4341011","SECO"
"2.391.738.007","003","2025","4341003","SECO"
"2.391.738.007","003","2025","43333","SECO"
"2.391.738.007","003","2025","4332011","SECO"
"2.391.738.007","003","2025","4335001","SECO"
"2.391.738.007","003","2025","43221","SECO"
"2.391.738.007","003","2025","43320","SECO"
"2.391.738.007","003","2025","43222","SECO"
"2.391.738.007","003","2025","43332","SECO"
"2.391.738.007","003","2025","43422","SECO"
"2.391.738.007","003","2025","43341","MAIN"
"2.391.738.007","003","2025","4324003","SECO"
"2.391.738.007","003","2025","43120","SECO"
"2.391.738.007","003","2025","43223","SECO"
"2.391.738.007","003","2025","4399003","SECO"
"2.391.738.007","003","2025","4100102","SECO"
"2.391.738.007","003","2025","4341002","SECO"
"2.391.738.007","003","2025","43310","MAIN"
"2.391.738.007","003","2025","43230","SECO"
"2.391.738.007","003","2025","4334101","SECO"
"2.391.738.007","003","2025","43421","SECO"
"2.391.738.007","003","2025","4332006","SECO"
"2.391.738.007","003","2025","4334201","SECO"
"2.391.738.106","003","2025","41002","SECO"
"2.391.738.106","003","2025","3312003","MAIN"
"2.391.738.106","003","2025","43222","SECO"
"2.391.738.106","003","2025","9522001","SECO"
"2.391.738.106","003","2025","41001","SECO"
"2.391.738.106","003","2025","41003","SECO"
"2.391.738.106","003","2025","4322203","SECO"
"2.391.738.106","003","2025","43221","MAIN"
"2.391.738.106","003","2025","43211","SECO"
"2.391.738.205","003","2025","86951","MAIN"
"2.391.738.403","003","2025","70200","SECO"
"2.391.738.403","003","2025","62200","SECO"
"2.391.738.403","003","2025","47120","SECO"
"2.391.738.403","003","2025","62100","SECO"
"2.391.738.403","003","2025","73110","MAIN"
"2.391.738.403","003","2025","90111","SECO"
"2.391.738.403","003","2025","85599","SECO"
"2.391.738.502","003","2025","86951","MAIN"
"2.391.738.601","003","2025","62200","SECO"
"2.391.738.601","003","2025","47120","SECO"
"2.391.738.601","003","2025","90111","SECO"
"2.391.738.601","003","2025","85599","SECO"
"2.391.738.601","003","2025","73110","MAIN"
"2.391.738.601","003","2025","70200","SECO"
"2.391.738.797","003","2025","33140","MAIN"
"2.391.738.797","003","2025","43211","MAIN"
"2.391.738.797","003","2025","33200","MAIN"
"2.391.738.797","003","2025","42220","MAIN"
"2.391.738.797","003","2025","43212","MAIN"
"2.391.738.995","003","2025","62200","SECO"
"2.391.738.995","003","2025","47400","SECO"
"2.391.738.995","003","2025","7020001","MAIN"
"2.391.738.995","003","2025","7810001","SECO"
"2.391.738.995","003","2025","82990","SECO"
"2.391.738.995","003","2025","70200","MAIN"
"2.391.738.995","003","2025","82100","SECO"
"2.391.738.995","003","2025","73300","SECO"
"2.391.738.995","003","2025","63920","SECO"
"2.391.739.094","003","2025","60390","SECO"
"2.391.739.094","003","2025","74201","SECO"
"2.391.739.094","003","2025","73300","SECO"
"2.391.739.094","003","2025","47920","SECO"
"2.391.739.094","003","2025","58190","SECO"
"2.391.739.094","003","2025","59113","MAIN"
"2.391.739.094","003","2025","90201","SECO"
"2.391.739.094","003","2025","73110","SECO"
"2.391.739.094","003","2025","7491001","SECO"
"2.391.739.094","003","2025","47910","SECO"
"2.391.739.094","003","2025","85599","SECO"
"2.391.739.193","003","2025","82990","SECO"
"2.391.739.193","003","2025","63920","SECO"
"2.391.739.193","003","2025","7020001","MAIN"
"2.391.739.193","003","2025","70200","MAIN"
"2.391.739.193","003","2025","7010001","MAIN"
"2.391.739.193","003","2025","47910","MAIN"
"2.391.739.193","003","2025","74999","SECO"
"2.391.739.292","003","2025","60310","MAIN"
"2.391.739.292","003","2025","62100","MAIN"
"2.391.739.292","003","2025","73110","MAIN"
"2.391.739.391","003","2025","86220","MAIN"
"2.391.739.490","003","2025","9622002","MAIN"
"2.391.739.490","003","2025","9622003","MAIN"
"2.391.739.490","003","2025","96220","MAIN"
"2.391.739.490","003","2025","9622001","MAIN"
"2.391.739.589","003","2025","47621","MAIN"
"2.391.739.589","003","2025","56111","MAIN"
"2.391.739.589","003","2025","85599","SECO"
"2.391.739.589","003","2025","56301","MAIN"
"2.391.739.589","003","2025","47690","MAIN"
"2.391.739.589","003","2025","47610","MAIN"
"2.391.739.589","003","2025","90391","SECO"
"2.391.739.688","003","2025","47742","MAIN"
"2.391.739.787","003","2025","7711003","SECO"
"2.391.739.787","003","2025","95311","MAIN"
"2.391.739.787","003","2025","82990","SECO"
"2.391.739.787","003","2025","77120","SECO"
"2.391.739.787","003","2025","7711001","SECO"
"2.391.739.787","003","2025","95314","MAIN"
"2.391.739.787","003","2025","95312","MAIN"
"2.391.739.886","003","2025","86220","MAIN"
"2.391.739.985","003","2025","96210","MAIN"
"2.391.740.183","003","2025","4222001","MAIN"
"2.391.740.183","003","2025","43214","MAIN"
"2.391.740.183","003","2025","43213","MAIN"
"2.391.740.183","003","2025","43211","MAIN"
"2.391.740.183","003","2025","62200","MAIN"
"2.391.740.282","003","2025","62200","SECO"
"2.391.740.282","003","2025","70200","MAIN"
"2.391.740.579","003","2025","64310","MAIN"
"2.391.740.579","003","2025","70200","MAIN"
"2.391.740.678","003","2025","58190","SECO"
"2.391.740.678","003","2025","90201","SECO"
"2.391.740.678","003","2025","59113","MAIN"
"2.391.740.876","003","2025","86220","MAIN"
"2.391.740.975","003","2025","43410","SECO"
"2.391.740.975","003","2025","47529","SECO"
"2.391.740.975","003","2025","43222","SECO"
"2.391.740.975","003","2025","43320","SECO"
"2.391.740.975","003","2025","4350002","SECO"
"2.391.740.975","003","2025","4334101","SECO"
"2.391.740.975","003","2025","81300","SECO"
"2.391.740.975","003","2025","81230","SECO"
"2.391.740.975","003","2025","4324003","SECO"
"2.391.740.975","003","2025","43213","MAIN"
"2.391.740.975","003","2025","43990","MAIN"
"2.391.740.975","003","2025","43214","SECO"
"2.391.740.975","003","2025","4333101","SECO"
"2.391.740.975","003","2025","43221","SECO"
"2.391.740.975","003","2025","4322201","SECO"
"2.391.740.975","003","2025","4324004","MAIN"
"2.391.740.975","003","2025","77320","SECO"
"2.391.740.975","003","2025","49410","SECO"
"2.391.740.975","003","2025","4332010","SECO"
"2.391.740.975","003","2025","47910","SECO"
"2.391.740.975","003","2025","4322202","SECO"
"2.391.740.975","003","2025","4332005","MAIN"
"2.391.740.975","003","2025","43240","SECO"
"2.391.740.975","003","2025","43350","SECO"
"2.391.740.975","003","2025","43310","SECO"
"2.391.740.975","003","2025","43211","MAIN"
"2.391.740.975","003","2025","43341","SECO"
"2.391.740.975","003","2025","43230","SECO"
"2.391.740.975","003","2025","4335002","SECO"
"2.391.740.975","003","2025","4299011","SECO"
"2.391.740.975","003","2025","4322203","SECO"
"2.391.740.975","003","2025","81210","SECO"
"2.391.740.975","003","2025","81100","SECO"
"2.391.741.074","003","2025","90111","MAIN"
"2.391.741.074","003","2025","7420102","SECO"
"2.391.741.074","003","2025","73110","MAIN"
"2.391.741.074","003","2025","59120","MAIN"
"2.391.741.074","003","2025","7311006","SECO"
"2.391.741.074","003","2025","59113","SECO"
"2.391.741.074","003","2025","74201","MAIN"
"2.391.741.074","003","2025","70200","MAIN"
"2.391.741.074","003","2025","18130","SECO"
"2.391.741.074","003","2025","59130","SECO"
"2.391.741.173","003","2025","68110","SECO"
"2.391.741.173","003","2025","86230","MAIN"
"2.391.741.173","003","2025","68203","SECO"
"2.391.741.173","003","2025","7020001","SECO"
"2.391.741.173","003","2025","68201","SECO"
"2.391.741.173","003","2025","7010001","SECO"
"2.391.741.173","003","2025","68204","SECO"
"2.391.741.371","003","2025","4771601","SECO"
"2.391.741.371","003","2025","4771101","SECO"
"2.391.741.371","003","2025","96210","MAIN"
"2.391.741.371","003","2025","47750","MAIN"
"2.391.741.371","003","2025","47716","MAIN"
"2.391.741.371","003","2025","4771201","SECO"
"2.391.741.371","003","2025","47120","MAIN"
"2.391.741.371","003","2025","74111","MAIN"
"2.391.741.470","003","2025","62900","SECO"
"2.391.741.470","003","2025","70200","SECO"
"2.391.741.470","003","2025","85592","MAIN"
"2.391.741.470","003","2025","62200","MAIN"
"2.391.741.470","003","2025","63100","MAIN"
"2.391.741.470","003","2025","62100","SECO"
"2.391.741.569","003","2025","86220","MAIN"
"2.391.741.668","003","2025","82100","SECO"
"2.391.741.668","003","2025","46220","SECO"
"2.391.741.668","003","2025","81300","MAIN"
"2.391.741.668","003","2025","01309","SECO"
"2.391.741.668","003","2025","46130","SECO"
"2.391.741.668","003","2025","81100","SECO"
"2.391.741.668","003","2025","81210","MAIN"
"2.391.741.668","003","2025","81230","SECO"
"2.391.741.668","003","2025","78100","MAIN"
"2.391.741.668","003","2025","68203","SECO"
"2.391.741.668","003","2025","70200","MAIN"
"2.391.741.668","003","2025","46831","SECO"
"2.391.741.668","003","2025","4335002","SECO"
"2.391.741.767","003","2025","43990","MAIN"
"2.391.741.767","003","2025","95316","MAIN"
"2.391.741.866","003","2025","82100","MAIN"
"2.391.741.866","003","2025","49410","SECO"
"2.391.741.866","003","2025","52250","MAIN"
"2.391.741.866","003","2025","53200","SECO"
"2.391.741.866","003","2025","5320011","SECO"
"2.391.741.866","003","2025","5320001","SECO"
"2.391.741.965","003","2025","86951","MAIN"
"2.391.741.965","003","2025","85510","SECO"
"2.391.742.064","003","2025","47279","MAIN"
"2.391.742.064","003","2025","10840","MAIN"
"2.391.742.064","003","2025","4727902","MAIN"
"2.391.742.064","003","2025","68110","MAIN"
"2.391.742.064","003","2025","10890","MAIN"
"2.391.742.163","003","2025","47789","MAIN"
"2.391.742.163","003","2025","43221","SECO"
"2.391.742.163","003","2025","82990","MAIN"
"2.391.742.262","003","2025","43310","SECO"
"2.391.742.262","003","2025","4100103","MAIN"
"2.391.742.262","003","2025","4322201","SECO"
"2.391.742.262","003","2025","43910","SECO"
"2.391.742.262","003","2025","43331","SECO"
"2.391.742.262","003","2025","4335002","SECO"
"2.391.742.262","003","2025","43422","SECO"
"2.391.742.262","003","2025","43341","SECO"
"2.391.742.262","003","2025","43230","SECO"
"2.391.742.262","003","2025","43320","MAIN"
"2.391.742.262","003","2025","43410","MAIN"
"2.391.742.262","003","2025","4100101","MAIN"
"2.391.742.262","003","2025","43221","SECO"
"2.391.742.262","003","2025","4322203","SECO"
"2.391.742.262","003","2025","43211","MAIN"
"2.391.742.361","003","2025","81100","SECO"
"2.391.742.361","003","2025","74999","MAIN"
"2.391.742.361","003","2025","71209","MAIN"
"2.391.742.361","003","2025","71113","SECO"
"2.391.742.361","003","2025","7112102","SECO"
"2.391.742.361","003","2025","71112","SECO"
"2.391.742.361","003","2025","82100","SECO"
"2.391.742.559","003","2025","82990","SECO"
"2.391.742.559","003","2025","73110","SECO"
"2.391.742.559","003","2025","85599","SECO"
"2.391.742.559","003","2025","64999","MAIN"
"2.391.742.658","003","2025","47110","MAIN"
"2.391.742.757","003","2025","01430","MAIN"
"2.391.742.757","003","2025","49410","SECO"
"2.391.742.757","003","2025","0162004","MAIN"
"2.391.742.757","003","2025","2553011","MAIN"
"2.391.742.757","003","2025","47525","MAIN"
"2.391.742.757","003","2025","25520","SECO"
"2.391.742.757","003","2025","47920","MAIN"
"2.391.742.856","003","2025","86230","MAIN"
"2.391.742.955","003","2025","4727903","SECO"
"2.391.742.955","003","2025","85510","MAIN"
"2.391.742.955","003","2025","56112","SECO"
"2.391.742.955","003","2025","9623002","SECO"
"2.391.742.955","003","2025","46389","MAIN"
"2.391.742.955","003","2025","93299","MAIN"
"2.391.742.955","003","2025","56309","SECO"
"2.391.742.955","003","2025","93110","MAIN"
"2.391.742.955","003","2025","70200","MAIN"
"2.391.743.153","003","2025","82990","MAIN"
"2.391.743.153","003","2025","68310","MAIN"
"2.391.743.153","003","2025","68329","MAIN"
"2.391.743.153","003","2025","68322","MAIN"
"2.391.743.450","003","2025","47110","SECO"
"2.391.743.450","003","2025","47221","MAIN"
"2.391.743.450","003","2025","47279","SECO"
"2.391.743.450","003","2025","47222","MAIN"
"2.391.743.450","003","2025","56112","MAIN"
"2.391.743.549","003","2025","86940","MAIN"
"2.391.743.648","003","2025","7311008","MAIN"
"2.391.743.747","003","2025","47279","MAIN"
"2.391.743.747","003","2025","9622001","SECO"
"2.391.743.747","003","2025","4638907","MAIN"
"2.391.743.747","003","2025","9623002","SECO"
"2.391.743.747","003","2025","96220","SECO"
"2.391.743.846","003","2025","9622003","MAIN"
"2.391.743.945","003","2025","43320","SECO"
"2.391.743.945","003","2025","43333","SECO"
"2.391.743.945","003","2025","43341","SECO"
"2.391.743.945","003","2025","43331","MAIN"
"2.391.743.945","003","2025","43422","SECO"
"2.391.744.044","003","2025","68203","MAIN"
"2.391.744.044","003","2025","68204","MAIN"
"2.391.744.044","003","2025","82990","MAIN"
"2.391.744.044","003","2025","68201","MAIN"
"2.391.744.044","003","2025","68110","MAIN"
"2.391.744.143","003","2025","9622003","MAIN"
"2.391.744.143","003","2025","9623002","SECO"
"2.391.744.143","003","2025","47750","SECO"
"2.391.744.242","003","2025","86220","MAIN"
"2.391.744.341","003","2025","85510","MAIN"
"2.391.744.341","003","2025","82990","SECO"
"2.391.744.341","003","2025","86997","MAIN"
"2.391.744.341","003","2025","93299","SECO"
"2.391.744.341","003","2025","9623002","MAIN"
"2.391.744.341","003","2025","93199","MAIN"
"2.391.744.341","003","2025","96999","MAIN"
"2.391.744.440","003","2025","5320001","MAIN"
"2.391.744.440","003","2025","53200","MAIN"
"2.391.744.539","003","2025","90201","MAIN"
"2.391.744.638","003","2025","82990","MAIN"
"2.391.744.638","003","2025","49330","MAIN"
"2.391.744.737","003","2025","9623002","MAIN"
"2.391.744.836","003","2025","62200","SECO"
"2.391.744.836","003","2025","73110","SECO"
"2.391.744.836","003","2025","5611101","MAIN"
"2.391.744.836","003","2025","56210","SECO"
"2.391.744.836","003","2025","56112","MAIN"
"2.391.744.935","003","2025","47910","MAIN"
"2.391.745.034","003","2025","52320","MAIN"
"2.391.745.133","003","2025","9319902","MAIN"
"2.391.745.133","003","2025","85599","MAIN"
"2.391.745.133","003","2025","85510","MAIN"
"2.391.745.232","003","2025","69101","MAIN"
"2.391.745.331","003","2025","46180","MAIN"
"2.391.745.331","003","2025","4727903","SECO"
"2.391.745.331","003","2025","47221","SECO"
"2.391.745.331","003","2025","4619001","SECO"
"2.391.745.331","003","2025","1013001","SECO"
"2.391.745.331","003","2025","4721002","MAIN"
"2.391.745.331","003","2025","10130","SECO"
"2.391.745.331","003","2025","4727902","SECO"
"2.391.745.331","003","2025","47260","SECO"
"2.391.745.331","003","2025","47252","MAIN"
"2.391.745.331","003","2025","49410","SECO"
"2.391.745.331","003","2025","47750","SECO"
"2.391.745.331","003","2025","1085001","SECO"
"2.391.745.331","003","2025","82990","SECO"
"2.391.745.331","003","2025","46190","SECO"
"2.391.745.331","003","2025","47210","MAIN"
"2.391.745.331","003","2025","1013003","SECO"
"2.391.745.331","003","2025","1013002","SECO"
"2.391.745.331","003","2025","47110","SECO"
"2.391.745.331","003","2025","46389","SECO"
"2.391.745.331","003","2025","47271","SECO"
"2.391.745.430","003","2025","68203","MAIN"
"2.391.745.628","003","2025","43222","SECO"
"2.391.745.628","003","2025","46190","MAIN"
"2.391.745.628","003","2025","74999","SECO"
"2.391.745.628","003","2025","82100","SECO"
"2.391.745.727","003","2025","82990","MAIN"
"2.391.745.727","003","2025","70200","MAIN"
"2.391.745.727","003","2025","7020001","MAIN"
"2.391.745.727","003","2025","7020002","MAIN"
"2.391.745.826","003","2025","69103","MAIN"
"2.391.745.925","003","2025","77221","MAIN"
"2.391.745.925","003","2025","77110","MAIN"
"2.391.745.925","003","2025","77229","MAIN"
"2.391.745.925","003","2025","77393","MAIN"
"2.391.746.123","003","2025","86951","MAIN"
"2.391.746.321","003","2025","58190","SECO"
"2.391.746.321","003","2025","68110","SECO"
"2.391.746.321","003","2025","68201","SECO"
"2.391.746.321","003","2025","4781101","SECO"
"2.391.746.321","003","2025","74120","MAIN"
"2.391.746.321","003","2025","9699401","SECO"
"2.391.746.321","003","2025","4100106","MAIN"
"2.391.746.321","003","2025","74140","MAIN"
"2.391.746.321","003","2025","47811","SECO"
"2.391.746.321","003","2025","68203","SECO"
"2.391.746.321","003","2025","4618001","SECO"
"2.391.746.321","003","2025","96993","SECO"
"2.391.746.321","003","2025","96994","SECO"
"2.391.746.321","003","2025","4618011","SECO"
"2.391.746.321","003","2025","74999","MAIN"
"2.391.746.321","003","2025","85599","SECO"
"2.391.746.321","003","2025","1813005","SECO"
"2.391.746.420","003","2025","47811","MAIN"
"2.391.746.420","003","2025","95314","MAIN"
"2.391.746.420","003","2025","95313","MAIN"
"2.391.746.420","003","2025","9531101","MAIN"
"2.391.746.519","003","2025","96220","SECO"
"2.391.746.519","003","2025","9623002","SECO"
"2.391.746.519","003","2025","9622002","SECO"
"2.391.746.519","003","2025","9622003","MAIN"
"2.391.746.519","003","2025","47750","SECO"
"2.391.746.519","003","2025","9622001","SECO"
"2.391.746.618","003","2025","35400","MAIN"
"2.391.746.618","003","2025","61200","MAIN"
"2.391.746.717","003","2025","85592","SECO"
"2.391.746.717","003","2025","74120","MAIN"
"2.391.746.717","003","2025","62100","MAIN"
"2.391.746.717","003","2025","70200","MAIN"
"2.391.746.717","003","2025","73300","MAIN"
"2.391.746.717","003","2025","82400","SECO"
"2.391.746.717","003","2025","73110","MAIN"
"2.391.746.816","003","2025","4341002","MAIN"
"2.391.746.816","003","2025","43230","MAIN"
"2.391.746.816","003","2025","43910","MAIN"
"2.391.746.816","003","2025","43429","MAIN"
"2.391.746.816","003","2025","4341011","MAIN"
"2.391.746.915","003","2025","90201","MAIN"
"2.391.747.014","003","2025","62200","MAIN"
"2.391.747.014","003","2025","62900","MAIN"
"2.391.747.014","003","2025","63100","MAIN"
"2.391.747.014","003","2025","63910","MAIN"
"2.391.747.014","003","2025","62100","MAIN"
"2.391.747.113","003","2025","85510","SECO"
"2.391.747.113","003","2025","82990","SECO"
"2.391.747.113","003","2025","86999","SECO"
"2.391.747.113","003","2025","86951","MAIN"
"2.391.747.113","003","2025","85599","SECO"
"2.391.747.212","003","2025","7311001","SECO"
"2.391.747.212","003","2025","90391","MAIN"
"2.391.747.212","003","2025","47690","SECO"
"2.391.747.212","003","2025","82990","SECO"
"2.391.747.212","003","2025","4779101","SECO"
"2.391.747.212","003","2025","7311003","MAIN"
"2.391.747.212","003","2025","90399","MAIN"
"2.391.747.212","003","2025","4769022","SECO"
"2.391.747.212","003","2025","73110","MAIN"
"2.391.747.212","003","2025","47120","SECO"
"2.391.747.212","003","2025","82100","SECO"
"2.391.747.212","003","2025","4769021","MAIN"
"2.391.747.311","003","2025","73300","SECO"
"2.391.747.311","003","2025","59113","SECO"
"2.391.747.311","003","2025","74209","SECO"
"2.391.747.311","003","2025","90399","SECO"
"2.391.747.311","003","2025","47610","SECO"
"2.391.747.311","003","2025","90201","MAIN"
"2.391.747.311","003","2025","90391","SECO"
"2.391.747.311","003","2025","58110","MAIN"
"2.391.747.311","003","2025","90393","SECO"
"2.391.747.311","003","2025","74201","SECO"
"2.391.747.311","003","2025","59203","SECO"
"2.391.747.509","003","2025","74201","MAIN"
"2.391.747.905","003","2025","86931","MAIN"
"2.391.748.004","003","2025","74140","SECO"
"2.391.748.004","003","2025","4324004","SECO"
"2.391.748.004","003","2025","77399","SECO"
"2.391.748.004","003","2025","22260","SECO"
"2.391.748.004","003","2025","4324003","SECO"
"2.391.748.004","003","2025","90393","SECO"
"2.391.748.004","003","2025","2553011","SECO"
"2.391.748.004","003","2025","25110","MAIN"
"2.391.748.004","003","2025","81230","SECO"
"2.391.748.301","003","2025","58290","SECO"
"2.391.748.301","003","2025","47400","SECO"
"2.391.748.301","003","2025","47742","MAIN"
"2.391.748.301","003","2025","82990","MAIN"
"2.391.748.301","003","2025","86993","MAIN"
"2.391.748.794","003","2025","85510","MAIN"
"2.391.748.893","003","2025","47716","MAIN"
"2.391.748.992","003","2025","96210","MAIN"
"2.391.749.190","003","2025","68110","SECO"
"2.391.749.190","003","2025","68201","MAIN"
"2.391.749.190","003","2025","68203","SECO"
"2.391.749.289","003","2025","88911","MAIN"
"2.391.749.388","003","2025","85510","MAIN"
"2.391.749.487","003","2025","85510","MAIN"
"2.391.749.784","003","2025","85599","SECO"
"2.391.749.784","003","2025","86939","MAIN"
"2.391.749.784","003","2025","90111","SECO"
"2.391.749.784","003","2025","58190","SECO"
"2.391.749.784","003","2025","70200","SECO"
"2.391.749.883","003","2025","5813001","MAIN"
"2.391.749.883","003","2025","49410","SECO"
"2.391.749.883","003","2025","53200","SECO"
"2.391.749.883","003","2025","58120","MAIN"
"2.391.750.081","003","2025","47639","MAIN"
"2.391.750.081","003","2025","4725201","SECO"
"2.391.750.081","003","2025","77110","SECO"
"2.391.750.081","003","2025","47260","SECO"
"2.391.750.081","003","2025","4763901","MAIN"
"2.391.750.279","003","2025","81220","MAIN"
"2.391.750.279","003","2025","4335001","MAIN"
"2.391.750.279","003","2025","81230","MAIN"
"2.391.750.279","003","2025","81210","MAIN"
"2.391.750.378","003","2025","47400","MAIN"
"2.391.750.378","003","2025","63100","SECO"
"2.391.750.378","003","2025","58290","MAIN"
"2.391.750.378","003","2025","62100","MAIN"
"2.391.750.378","003","2025","62900","SECO"
"2.391.750.378","003","2025","62200","MAIN"
"2.391.750.378","003","2025","26200","SECO"
"2.391.750.477","003","2025","96230","MAIN"
"2.391.750.576","003","2025","70200","MAIN"
"2.391.750.576","003","2025","82990","SECO"
"2.391.750.675","003","2025","62900","MAIN"
"2.391.750.675","003","2025","82300","MAIN"
"2.391.750.675","003","2025","62100","MAIN"
"2.391.750.675","003","2025","62200","MAIN"
"2.391.750.675","003","2025","47640","MAIN"
"2.391.750.774","003","2025","69201","MAIN"
"2.391.750.873","003","2025","90120","MAIN"
"2.391.750.972","003","2025","9319902","MAIN"
"2.391.750.972","003","2025","93130","MAIN"
"2.391.750.972","003","2025","85510","MAIN"
"2.391.750.972","003","2025","86951","MAIN"
"2.391.751.071","003","2025","66199","MAIN"
"2.391.751.071","003","2025","47910","MAIN"
"2.391.751.170","003","2025","43211","SECO"
"2.391.751.170","003","2025","70200","MAIN"
"2.391.751.170","003","2025","43212","SECO"
"2.391.751.170","003","2025","43213","SECO"
"2.391.751.170","003","2025","43222","SECO"
"2.391.751.467","003","2025","49330","MAIN"
"2.391.751.665","003","2025","93110","MAIN"
"2.391.751.665","003","2025","93199","MAIN"
"2.391.751.665","003","2025","49410","SECO"
"2.391.751.665","003","2025","85510","SECO"
"2.391.751.665","003","2025","93129","MAIN"
"2.391.751.665","003","2025","93127","MAIN"
"2.391.751.665","003","2025","96993","SECO"
"2.391.751.863","003","2025","68203","MAIN"
"2.391.751.863","003","2025","68201","SECO"
"2.391.751.962","003","2025","82990","MAIN"
"2.391.752.061","003","2025","47920","MAIN"
"2.391.752.061","003","2025","59113","MAIN"
"2.391.752.160","003","2025","49330","MAIN"
"2.391.752.457","003","2025","63100","SECO"
"2.391.752.457","003","2025","86999","MAIN"
"2.391.752.457","003","2025","62900","SECO"
"2.391.752.556","003","2025","86951","MAIN"
"2.391.752.655","003","2025","52100","MAIN"
"2.391.752.754","003","2025","43320","MAIN"
"2.391.752.754","003","2025","31009","MAIN"
"2.391.752.754","003","2025","4332001","SECO"
"2.391.752.754","003","2025","31004","SECO"
"2.391.752.754","003","2025","31001","SECO"
"2.391.752.754","003","2025","31002","SECO"
"2.391.753.051","003","2025","01610","SECO"
"2.391.753.051","003","2025","01110","MAIN"
"2.391.753.051","003","2025","01620","SECO"
"2.391.753.051","003","2025","01130","MAIN"
"2.391.753.150","003","2025","42212","SECO"
"2.391.753.150","003","2025","43221","MAIN"
"2.391.753.150","003","2025","4312001","SECO"
"2.391.753.150","003","2025","43990","MAIN"
"2.391.753.150","003","2025","43211","SECO"
"2.391.753.150","003","2025","4221902","SECO"
"2.391.753.150","003","2025","43910","SECO"
"2.391.753.150","003","2025","3312003","SECO"
"2.391.753.249","003","2025","47789","MAIN"
"2.391.753.249","003","2025","47242","MAIN"
"2.391.753.249","003","2025","74111","MAIN"
"2.391.753.249","003","2025","88999","MAIN"
"2.391.753.249","003","2025","10820","MAIN"
"2.391.753.348","003","2025","9622001","SECO"
"2.391.753.348","003","2025","9622002","MAIN"
"2.391.753.348","003","2025","86994","MAIN"
"2.391.753.348","003","2025","96220","MAIN"
"2.391.753.348","003","2025","47750","SECO"
"2.391.753.348","003","2025","9622003","MAIN"
"2.391.753.348","003","2025","8699402","MAIN"
"2.391.753.447","003","2025","7111302","SECO"
"2.391.753.447","003","2025","74111","SECO"
"2.391.753.447","003","2025","47551","SECO"
"2.391.753.447","003","2025","25401","MAIN"
"2.391.753.447","003","2025","90120","MAIN"
"2.391.753.447","003","2025","25610","SECO"
"2.391.753.447","003","2025","47789","SECO"
"2.391.753.447","003","2025","31009","SECO"
"2.391.753.447","003","2025","74140","MAIN"
"2.391.753.447","003","2025","74130","SECO"
"2.391.753.447","003","2025","23410","SECO"
"2.391.753.447","003","2025","25620","SECO"
"2.391.753.447","003","2025","2512001","SECO"
"2.391.753.447","003","2025","85599","SECO"
"2.391.753.447","003","2025","74112","MAIN"
"2.391.753.447","003","2025","82300","SECO"
"2.391.753.447","003","2025","7112102","MAIN"
"2.391.753.447","003","2025","85510","SECO"
"2.391.753.447","003","2025","3100101","SECO"
"2.391.753.447","003","2025","9319902","SECO"
"2.391.753.447","003","2025","47559","SECO"
"2.391.753.447","003","2025","74120","SECO"
"2.391.753.447","003","2025","82990","SECO"
"2.391.753.546","003","2025","90111","MAIN"
"2.391.753.546","003","2025","47120","SECO"
"2.391.753.546","003","2025","90120","MAIN"
"2.391.753.546","003","2025","23450","MAIN"
"2.391.753.546","003","2025","23410","MAIN"
"2.391.753.546","003","2025","85592","MAIN"
"2.391.753.645","003","2025","86951","MAIN"
"2.391.753.744","003","2025","62900","MAIN"
"2.391.753.744","003","2025","62200","MAIN"
"2.391.753.744","003","2025","62100","MAIN"
"2.391.753.843","003","2025","96220","MAIN"
"2.391.753.843","003","2025","85592","MAIN"
"2.391.753.843","003","2025","47920","MAIN"
"2.391.753.942","003","2025","7020003","MAIN"
"2.391.753.942","003","2025","82990","MAIN"
"2.391.753.942","003","2025","7020001","MAIN"
"2.391.754.239","003","2025","61200","MAIN"
"2.391.754.239","003","2025","35400","MAIN"
"2.391.754.338","003","2025","43222","SECO"
"2.391.754.338","003","2025","43221","MAIN"
"2.391.754.338","003","2025","4322101","SECO"
"2.391.754.338","003","2025","43341","SECO"
"2.391.754.437","003","2025","82100","MAIN"
"2.391.754.536","003","2025","74201","MAIN"
"2.391.754.635","003","2025","9622001","MAIN"
"2.391.754.635","003","2025","4335001","SECO"
"2.391.754.635","003","2025","9622002","MAIN"
"2.391.754.635","003","2025","9622003","SECO"
"2.391.754.635","003","2025","81210","SECO"
"2.391.754.635","003","2025","9623002","SECO"
"2.391.754.635","003","2025","96220","MAIN"
"2.391.754.833","003","2025","96210","MAIN"
"2.391.754.833","003","2025","8122002","MAIN"
"2.391.754.833","003","2025","82990","MAIN"
"2.391.754.833","003","2025","47750","SECO"
"2.391.754.932","003","2025","4779302","SECO"
"2.391.754.932","003","2025","47715","SECO"
"2.391.754.932","003","2025","4778402","SECO"
"2.391.754.932","003","2025","4771501","SECO"
"2.391.754.932","003","2025","47793","SECO"
"2.391.754.932","003","2025","47792","MAIN"
"2.391.755.031","003","2025","86931","MAIN"
"2.391.755.130","003","2025","74999","MAIN"
"2.391.755.130","003","2025","70200","MAIN"
"2.391.755.130","003","2025","71121","MAIN"
"2.391.755.229","003","2025","62100","MAIN"
"2.391.755.229","003","2025","63100","MAIN"
"2.391.755.229","003","2025","72109","SECO"
"2.391.755.229","003","2025","77400","SECO"
"2.391.755.229","003","2025","73300","MAIN"
"2.391.755.229","003","2025","58290","SECO"
"2.391.755.229","003","2025","85592","SECO"
"2.391.755.229","003","2025","64210","SECO"
"2.391.755.229","003","2025","73110","SECO"
"2.391.755.229","003","2025","62200","MAIN"
"2.391.755.229","003","2025","70200","MAIN"
"2.391.755.328","003","2025","85510","MAIN"
"2.391.755.328","003","2025","86997","MAIN"
"2.391.755.427","003","2025","86939","MAIN"
"2.391.755.526","003","2025","62900","SECO"
"2.391.755.526","003","2025","74999","MAIN"
"2.391.755.526","003","2025","58290","SECO"
"2.391.755.526","003","2025","7010001","SECO"
"2.391.755.526","003","2025","85599","SECO"
"2.391.755.526","003","2025","72109","MAIN"
"2.391.755.526","003","2025","70200","SECO"
"2.391.755.526","003","2025","62200","MAIN"
"2.391.755.625","003","2025","43212","SECO"
"2.391.755.625","003","2025","43211","SECO"
"2.391.755.625","003","2025","74999","SECO"
"2.391.755.625","003","2025","43213","MAIN"
"2.391.755.625","003","2025","43222","SECO"
"2.391.755.724","003","2025","4941001","MAIN"
"2.391.755.823","003","2025","74999","SECO"
"2.391.755.823","003","2025","85599","SECO"
"2.391.755.823","003","2025","71121","MAIN"
"2.391.755.823","003","2025","62900","SECO"
"2.391.755.823","003","2025","62100","SECO"
"2.391.755.823","003","2025","62200","SECO"
"2.391.756.021","003","2025","49320","SECO"
"2.391.756.021","003","2025","52250","SECO"
"2.391.756.021","003","2025","49330","MAIN"
"2.391.756.021","003","2025","49310","SECO"
"2.391.756.120","003","2025","9623002","SECO"
"2.391.756.120","003","2025","9622001","MAIN"
"2.391.756.120","003","2025","47750","SECO"
"2.391.756.120","003","2025","9622003","SECO"
"2.391.756.120","003","2025","9622002","MAIN"
"2.391.756.120","003","2025","96220","MAIN"
"2.391.756.318","003","2025","43221","MAIN"
"2.391.756.318","003","2025","4322201","MAIN"
"2.391.756.318","003","2025","43223","MAIN"
"2.391.756.318","003","2025","43230","MAIN"
"2.391.756.318","003","2025","4322101","MAIN"
"2.391.756.417","003","2025","7311008","MAIN"
"2.391.756.516","003","2025","47252","SECO"
"2.391.756.516","003","2025","79110","MAIN"
"2.391.756.516","003","2025","47400","SECO"
"2.391.756.516","003","2025","66199","SECO"
"2.391.756.516","003","2025","53200","SECO"
"2.391.756.615","006","2025","86210","MAIN"
"2.391.756.714","003","2025","69109","MAIN"
"2.391.756.813","003","2025","86992","MAIN"
"2.391.756.813","003","2025","49330","MAIN"
"2.391.756.813","003","2025","77229","MAIN"
"2.391.756.813","003","2025","77223","MAIN"
"2.391.756.912","003","2025","85699","SECO"
"2.391.756.912","003","2025","96999","MAIN"
"2.391.756.912","003","2025","9329905","SECO"
"2.391.756.912","003","2025","85599","SECO"
"2.391.756.912","003","2025","9319902","MAIN"
"2.391.756.912","003","2025","86961","MAIN"
"2.391.756.912","003","2025","93199","SECO"
"2.391.756.912","003","2025","85510","SECO"
"2.391.757.011","003","2025","85510","SECO"
"2.391.757.011","003","2025","8122002","SECO"
"2.391.757.011","003","2025","81210","MAIN"
"2.391.757.011","003","2025","81230","SECO"
"2.391.757.011","003","2025","82990","SECO"
"2.391.757.011","003","2025","81220","MAIN"
"2.391.757.011","003","2025","8122001","MAIN"
"2.391.757.110","003","2025","69101","MAIN"
"2.391.757.209","003","2025","64210","MAIN"
"2.391.757.407","003","2025","5320001","SECO"
"2.391.757.407","003","2025","53200","SECO"
"2.391.757.407","003","2025","4725201","MAIN"
"2.391.757.407","003","2025","4755903","SECO"
"2.391.757.407","003","2025","47110","MAIN"
"2.391.757.407","003","2025","4727903","MAIN"
"2.391.757.407","003","2025","47260","MAIN"
"2.391.757.407","003","2025","47621","SECO"
"2.391.757.407","003","2025","82990","SECO"
"2.391.757.407","003","2025","9200004","SECO"
"2.391.757.803","003","2025","96999","SECO"
"2.391.757.803","003","2025","85599","SECO"
"2.391.757.803","003","2025","85510","SECO"
"2.391.757.803","003","2025","86951","MAIN"
"2.391.757.803","003","2025","86959","MAIN"
"2.391.757.803","003","2025","47741","SECO"
"2.391.757.803","003","2025","43211","SECO"
"2.391.757.803","003","2025","77225","SECO"
"2.391.757.803","003","2025","82990","SECO"
"2.391.757.803","003","2025","86963","MAIN"
"2.391.757.902","003","2025","43110","MAIN"
"2.391.757.902","003","2025","41001","MAIN"
"2.391.757.902","003","2025","43341","MAIN"
"2.391.757.902","003","2025","43333","MAIN"
"2.391.757.902","003","2025","43350","MAIN"
"2.391.758.001","003","2025","47793","SECO"
"2.391.758.001","003","2025","47400","MAIN"
"2.391.758.001","003","2025","47789","SECO"
"2.391.758.197","003","2025","81210","MAIN"
"2.391.758.197","003","2025","81300","SECO"
"2.391.758.197","003","2025","95316","SECO"
"2.391.758.296","003","2025","86951","MAIN"
"2.391.758.395","003","2025","62100","MAIN"
"2.391.758.395","003","2025","58210","MAIN"
"2.391.758.395","003","2025","58290","MAIN"
"2.391.758.395","003","2025","63100","SECO"
"2.391.758.395","003","2025","63910","MAIN"
"2.391.758.395","003","2025","74120","MAIN"
"2.391.758.395","003","2025","62900","SECO"
"2.391.758.395","003","2025","62200","SECO"
"2.391.758.593","003","2025","47716","MAIN"
"2.391.758.692","003","2008","87301","MAIN"
"2.391.758.692","003","2025","87301","MAIN"
"2.391.758.890","003","2025","56112","MAIN"
"2.391.758.890","003","2025","53200","MAIN"
"2.391.759.088","003","2025","96210","MAIN"
"2.391.759.187","003","2025","82100","MAIN"
"2.391.759.286","003","2025","85599","SECO"
"2.391.759.286","003","2025","73200","MAIN"
"2.391.759.286","003","2025","70200","MAIN"
"2.391.759.286","003","2025","96999","SECO"
"2.391.759.286","003","2025","73300","MAIN"
"2.391.759.286","003","2025","82990","MAIN"
"2.391.759.286","003","2025","82100","MAIN"
"2.391.759.385","003","2025","82990","SECO"
"2.391.759.385","003","2025","73110","MAIN"
"2.391.759.385","003","2025","82100","SECO"
"2.391.759.385","003","2025","85592","MAIN"
"2.391.759.385","003","2025","73300","MAIN"
"2.391.759.385","003","2025","60390","MAIN"
"2.391.759.385","003","2025","58110","SECO"
"2.391.759.385","003","2025","70200","MAIN"
"2.391.759.385","003","2025","96999","SECO"
"2.391.759.484","003","2025","4333201","SECO"
"2.391.759.484","003","2025","46842","SECO"
"2.391.759.484","003","2025","4332013","SECO"
"2.391.759.484","003","2025","42219","MAIN"
"2.391.759.484","003","2025","46499","SECO"
"2.391.759.484","003","2025","43223","MAIN"
"2.391.759.484","003","2025","8122003","SECO"
"2.391.759.484","003","2025","82990","SECO"
"2.391.759.484","003","2025","4322203","MAIN"
"2.391.759.484","003","2025","43221","MAIN"
"2.391.759.484","003","2025","43222","MAIN"
"2.391.759.484","003","2025","4778101","SECO"
"2.391.759.484","003","2025","43331","SECO"
"2.391.759.484","003","2025","4341011","SECO"
"2.391.759.583","003","2025","62100","MAIN"
"2.391.759.583","003","2025","70200","SECO"
"2.391.759.583","003","2025","9622001","SECO"
"2.391.759.583","003","2025","96220","MAIN"
"2.391.759.583","003","2025","63920","SECO"
"2.391.759.583","003","2025","9622003","SECO"
"2.391.759.583","003","2025","47750","SECO"
"2.391.759.583","003","2025","85599","SECO"
"2.391.759.583","003","2025","9622002","SECO"
"2.391.759.682","003","2025","47920","MAIN"
"2.391.759.682","003","2025","7810001","SECO"
"2.391.759.781","003","2025","4321101","SECO"
"2.391.759.781","003","2025","4335002","SECO"
"2.391.759.781","003","2025","43221","MAIN"
"2.391.759.781","003","2025","4334101","MAIN"
"2.391.759.781","003","2025","4332003","SECO"
"2.391.759.781","003","2025","63920","SECO"
"2.391.759.781","003","2025","43331","SECO"
"2.391.759.781","003","2025","43223","SECO"
"2.391.759.781","003","2025","43990","SECO"
"2.391.759.781","003","2025","43230","SECO"
"2.391.759.781","003","2025","43333","SECO"
"2.391.759.781","003","2025","4332002","SECO"
"2.391.759.781","003","2025","4332013","MAIN"
"2.391.759.781","003","2025","4683302","SECO"
"2.391.759.781","003","2025","4332005","SECO"
"2.391.759.781","003","2025","4333101","SECO"
"2.391.759.781","003","2025","43341","MAIN"
"2.391.759.781","003","2025","4613001","SECO"
"2.391.759.781","003","2025","4335001","SECO"
"2.391.759.781","003","2025","82990","MAIN"
"2.391.760.078","003","2025","4312001","MAIN"
"2.391.760.078","003","2025","4323001","MAIN"
"2.391.760.078","003","2025","4335001","MAIN"
"2.391.760.078","003","2025","43230","MAIN"
"2.391.760.078","003","2025","4342901","MAIN"
"2.391.760.177","003","2025","86931","MAIN"
"2.391.760.276","003","2008","49390","MAIN"
"2.391.760.276","003","2008","82990","MAIN"
"2.391.760.276","003","2008","53200","MAIN"
"2.391.760.276","003","2003","64120","MAIN"
"2.391.760.276","003","2003","60230","MAIN"
"2.391.760.276","003","2025","82990","MAIN"
"2.391.760.276","003","2025","49320","MAIN"
"2.391.760.276","003","2025","53200","MAIN"
"2.391.760.375","003","2025","43130","SECO"
"2.391.760.375","003","2025","4323001","SECO"
"2.391.760.375","003","2025","4334202","SECO"
"2.391.760.375","003","2025","4312005","SECO"
"2.391.760.375","003","2025","4399003","SECO"
"2.391.760.375","003","2025","4324006","SECO"
"2.391.760.375","003","2025","2511001","SECO"
"2.391.760.375","003","2025","4324001","SECO"
"2.391.760.375","003","2025","4221901","SECO"
"2.391.760.375","003","2025","4321102","SECO"
"2.391.760.375","003","2025","4391002","SECO"
"2.391.760.375","003","2025","4399002","SECO"
"2.391.760.375","003","2025","4342903","SECO"
"2.391.760.375","003","2025","4335001","SECO"
"2.391.760.375","003","2025","43230","SECO"
"2.391.760.375","003","2025","4211001","SECO"
"2.391.760.375","003","2025","4312001","SECO"
"2.391.760.375","003","2025","41001","MAIN"
"2.391.760.375","003","2025","2511003","SECO"
"2.391.760.375","003","2025","4323003","SECO"
"2.391.760.375","003","2025","4323002","SECO"
"2.391.760.375","003","2025","3312003","SECO"
"2.391.760.375","003","2025","4222002","SECO"
"2.391.760.474","003","2025","4335001","MAIN"
"2.391.760.474","003","2025","4342901","MAIN"
"2.391.760.474","003","2025","43230","MAIN"
"2.391.760.474","003","2025","4312001","MAIN"
"2.391.760.474","003","2025","4323001","MAIN"
"2.391.760.573","003","2025","63100","MAIN"
"2.391.760.573","003","2025","58290","MAIN"
"2.391.760.573","003","2025","62200","SECO"
"2.391.760.573","003","2025","63910","MAIN"
"2.391.760.573","003","2025","82990","SECO"
"2.391.760.573","003","2025","62100","MAIN"
"2.391.760.672","003","2025","46140","MAIN"
"2.391.760.672","003","2025","20590","MAIN"
"2.391.760.672","003","2025","46647","MAIN"
"2.391.760.672","003","2025","47789","MAIN"
"2.391.760.672","003","2025","46649","MAIN"
"2.391.760.771","003","2025","68201","SECO"
"2.391.760.771","003","2025","4399004","MAIN"
"2.391.760.771","003","2025","4342901","MAIN"
"2.391.760.771","003","2025","4312001","MAIN"
"2.391.760.771","003","2025","4941001","SECO"
"2.391.760.771","003","2025","42212","SECO"
"2.391.760.771","003","2025","68110","SECO"
"2.391.760.771","003","2025","4350002","SECO"
"2.391.760.771","003","2025","4342903","SECO"
"2.391.760.771","003","2025","4299011","SECO"
"2.391.760.771","003","2025","42990","SECO"
"2.391.760.771","003","2025","81300","MAIN"
"2.391.760.771","003","2025","82990","MAIN"
"2.391.760.771","003","2025","68204","SECO"
"2.391.760.771","003","2025","4399002","SECO"
"2.391.760.771","003","2025","91300","SECO"
"2.391.760.771","003","2025","42120","SECO"
"2.391.760.771","003","2025","68203","SECO"
"2.391.760.870","003","2025","47110","MAIN"
"2.391.760.969","003","2025","7120901","MAIN"
"2.391.760.969","003","2025","82990","MAIN"
"2.391.760.969","003","2025","96999","MAIN"
"2.391.760.969","003","2025","71121","MAIN"
"2.391.761.167","003","2025","47811","SECO"
"2.391.761.167","003","2025","8122001","MAIN"
"2.391.761.167","003","2025","49410","MAIN"
"2.391.761.167","003","2025","49420","MAIN"
"2.391.761.167","003","2025","43341","SECO"
"2.391.761.167","003","2025","43410","SECO"
"2.391.761.167","003","2025","43333","SECO"
"2.391.761.167","003","2025","43350","MAIN"
"2.391.761.167","003","2025","81220","MAIN"
"2.391.761.167","003","2025","4333301","SECO"
"2.391.761.167","003","2025","43331","SECO"
"2.391.761.167","003","2025","43429","SECO"
"2.391.761.167","003","2025","43990","SECO"
"2.391.761.167","003","2025","43910","SECO"
"2.391.761.167","003","2025","46711","SECO"
"2.391.761.266","003","2025","8130002","MAIN"
"2.391.761.266","003","2025","7111301","MAIN"
"2.391.761.266","003","2025","7111302","MAIN"
"2.391.761.266","003","2025","8130001","MAIN"
"2.391.761.266","003","2025","82990","MAIN"
"2.391.761.365","003","2025","9622001","MAIN"
"2.391.761.563","003","2025","9141001","MAIN"
"2.391.761.662","003","2025","4211001","SECO"
"2.391.761.662","003","2025","82990","SECO"
"2.391.761.662","003","2025","43320","SECO"
"2.391.761.662","003","2025","8122002","MAIN"
"2.391.761.662","003","2025","7020001","SECO"
"2.391.761.662","003","2025","43410","SECO"
"2.391.761.662","003","2025","4334101","MAIN"
"2.391.761.662","003","2025","43211","SECO"
"2.391.761.662","003","2025","43212","SECO"
"2.391.761.662","003","2025","43350","SECO"
"2.391.761.662","003","2025","43310","SECO"
"2.391.761.662","003","2025","81220","SECO"
"2.391.761.662","003","2025","43343","SECO"
"2.391.761.662","003","2025","4332001","SECO"
"2.391.761.662","003","2025","8130002","SECO"
"2.391.761.662","003","2025","74999","SECO"
"2.391.761.662","003","2025","4322101","SECO"
"2.391.761.662","003","2025","4324004","SECO"
"2.391.761.662","003","2025","43422","SECO"
"2.391.761.662","003","2025","4332006","SECO"
"2.391.761.662","003","2025","43230","SECO"
"2.391.761.662","003","2025","43331","SECO"
"2.391.761.662","003","2025","43221","SECO"
"2.391.761.662","003","2025","43910","SECO"
"2.391.761.662","003","2025","43990","SECO"
"2.391.761.662","003","2025","63920","SECO"
"2.391.761.662","003","2025","4342101","SECO"
"2.391.761.761","003","2025","62100","MAIN"
"2.391.761.761","003","2025","6220001","SECO"
"2.391.761.761","003","2025","62900","MAIN"
"2.391.761.761","003","2025","63100","MAIN"
"2.391.761.761","003","2025","62200","MAIN"
"2.391.761.761","003","2025","47120","MAIN"
"2.391.761.959","003","2025","53200","MAIN"
"2.391.762.058","003","2025","86230","MAIN"
"2.391.762.157","003","2025","52250","MAIN"
"2.391.762.157","003","2025","49410","MAIN"
"2.391.762.355","003","2025","41001","SECO"
"2.391.762.355","003","2025","56210","SECO"
"2.391.762.355","003","2025","4332006","MAIN"
"2.391.762.355","003","2025","41003","SECO"
"2.391.762.355","003","2025","82990","SECO"
"2.391.762.355","003","2025","41002","SECO"
"2.391.762.355","003","2025","4332001","MAIN"
"2.391.762.355","003","2025","5621001","SECO"
"2.391.762.454","003","2025","49330","MAIN"
"2.391.762.454","003","2025","47811","MAIN"
"2.391.762.454","003","2025","53100","MAIN"
"2.391.762.454","003","2025","49320","MAIN"
"2.391.762.454","003","2025","49410","MAIN"
"2.391.762.553","003","2025","47110","MAIN"
"2.391.762.652","003","2025","4755902","MAIN"
"2.391.762.652","003","2025","47621","MAIN"
"2.391.762.652","003","2025","47559","MAIN"
"2.391.762.652","003","2025","74120","MAIN"
"2.391.762.652","003","2025","32990","MAIN"
"2.391.762.850","003","2025","86220","MAIN"
"2.391.763.048","003","2025","47639","SECO"
"2.391.763.048","003","2025","46499","MAIN"
"2.391.763.048","003","2025","82990","SECO"
"2.391.763.048","003","2025","46232","MAIN"
"2.391.763.048","003","2025","85510","SECO"
"2.391.763.048","003","2025","46890","SECO"
"2.391.763.048","003","2025","9319901","SECO"
"2.391.763.048","003","2025","46496","MAIN"
"2.391.763.048","003","2025","9319902","MAIN"
"2.391.763.048","003","2025","47721","SECO"
"2.391.763.048","003","2025","47910","SECO"
"2.391.763.048","003","2025","96994","SECO"
"2.391.763.048","003","2025","47762","SECO"
"2.391.763.048","003","2025","47722","SECO"
"2.391.763.048","003","2025","46382","SECO"
"2.391.763.048","003","2025","46110","MAIN"
"2.391.763.048","003","2025","47789","SECO"
"2.391.763.048","003","2025","46212","SECO"
"2.391.763.048","003","2025","47716","SECO"
"2.391.763.246","003","2025","82990","MAIN"
"2.391.763.246","003","2025","69109","MAIN"
"2.391.763.246","003","2025","70200","MAIN"
"2.391.763.246","003","2025","82100","MAIN"
"2.391.763.246","003","2025","73300","MAIN"
"2.391.763.345","003","2025","5621002","MAIN"
"2.391.763.345","003","2025","93299","MAIN"
"2.391.763.345","003","2025","82300","MAIN"
"2.391.763.444","003","2025","85699","MAIN"
"2.391.763.444","003","2025","70200","MAIN"
"2.391.763.444","003","2025","86939","MAIN"
"2.391.763.543","003","2025","56210","MAIN"
"2.391.763.543","003","2025","56301","MAIN"
"2.391.763.543","003","2025","56111","MAIN"
"2.391.763.543","003","2025","56112","MAIN"
"2.391.763.642","003","2025","85510","MAIN"
"2.391.763.840","003","2025","70200","SECO"
"2.391.763.840","003","2025","72109","SECO"
"2.391.763.840","003","2025","85599","SECO"
"2.391.763.840","003","2025","63920","SECO"
"2.391.763.840","003","2025","82990","MAIN"
"2.391.763.939","003","2025","49330","MAIN"
"2.391.763.939","003","2025","53200","MAIN"
"2.391.764.038","003","2025","96999","MAIN"
"2.391.764.038","003","2025","86939","MAIN"
"2.391.764.137","003","2025","47120","SECO"
"2.391.764.137","003","2025","47711","SECO"
"2.391.764.137","003","2025","47910","MAIN"
"2.391.764.137","003","2025","47715","SECO"
"2.391.764.137","003","2025","47750","SECO"
"2.391.764.236","003","2025","86951","MAIN"
"2.391.764.335","003","2025","74999","SECO"
"2.391.764.335","003","2025","62100","SECO"
"2.391.764.335","003","2025","46643","MAIN"
"2.391.764.335","003","2025","47529","MAIN"
"2.391.764.434","003","2025","41003","MAIN"
"2.391.764.434","003","2025","4334101","SECO"
"2.391.764.434","003","2025","43230","SECO"
"2.391.764.434","003","2025","43410","SECO"
"2.391.764.434","003","2025","43320","SECO"
"2.391.764.632","003","2025","68203","SECO"
"2.391.764.632","003","2025","85520","SECO"
"2.391.764.632","003","2025","59202","SECO"
"2.391.764.632","003","2025","90112","SECO"
"2.391.764.632","003","2025","90391","SECO"
"2.391.764.632","003","2025","90201","MAIN"
"2.391.764.731","003","2025","59203","SECO"
"2.391.764.731","003","2025","59201","SECO"
"2.391.764.731","003","2025","90120","SECO"
"2.391.764.731","003","2025","90201","MAIN"
"2.391.764.731","003","2025","90393","SECO"
"2.391.764.830","003","2025","7810001","SECO"
"2.391.764.830","003","2025","47920","MAIN"
"2.391.764.929","003","2025","43341","SECO"
"2.391.764.929","003","2025","43910","SECO"
"2.391.764.929","003","2025","43240","MAIN"
"2.391.764.929","003","2025","43990","SECO"
"2.391.764.929","003","2025","4100102","SECO"
"2.391.764.929","003","2025","41003","SECO"
"2.391.764.929","003","2025","43110","SECO"
"2.391.764.929","003","2025","43120","SECO"
"2.391.764.929","003","2025","81220","SECO"
"2.391.764.929","003","2025","4100104","SECO"
"2.391.764.929","003","2025","43421","SECO"
"2.391.764.929","003","2025","43230","MAIN"
"2.391.764.929","003","2025","8122011","SECO"
"2.391.764.929","003","2025","43422","SECO"
"2.391.764.929","003","2025","4100106","SECO"
"2.391.764.929","003","2025","4100101","SECO"
"2.391.764.929","003","2025","43410","SECO"
"2.391.764.929","003","2025","41002","SECO"
"2.391.764.929","003","2025","4100103","SECO"
"2.391.764.929","003","2025","43221","SECO"
"2.391.764.929","003","2025","43212","SECO"
"2.391.764.929","003","2025","43342","SECO"
"2.391.764.929","003","2025","43343","SECO"
"2.391.764.929","003","2025","4100105","SECO"
"2.391.764.929","003","2025","43310","SECO"
"2.391.764.929","003","2025","43350","SECO"
"2.391.764.929","003","2025","4332013","SECO"
"2.391.764.929","003","2025","43333","SECO"
"2.391.764.929","003","2025","41001","MAIN"
"2.391.764.929","003","2025","43211","SECO"
"2.391.764.929","003","2025","43320","MAIN"
"2.391.764.929","003","2025","4100301","SECO"
"2.391.764.929","003","2025","43331","MAIN"
"2.391.764.929","003","2025","43332","SECO"
"2.391.765.226","003","2025","86230","MAIN"
"2.391.765.424","003","2025","9622003","MAIN"
"2.391.765.523","003","2025","47920","MAIN"
"2.391.765.523","003","2025","62100","SECO"
"2.391.765.622","003","2025","90111","SECO"
"2.391.765.622","003","2025","58110","MAIN"
"2.391.765.622","003","2025","73110","SECO"
"2.391.765.622","003","2025","47610","SECO"
"2.391.765.622","003","2025","47622","SECO"
"2.391.765.721","003","2025","85593","SECO"
"2.391.765.721","003","2025","58190","SECO"
"2.391.765.721","003","2025","58110","SECO"
"2.391.765.721","003","2025","4778402","SECO"
"2.391.765.721","003","2025","86931","MAIN"
"2.391.765.820","003","2008","69101","MAIN"
"2.391.765.820","003","2025","69101","MAIN"
"2.391.765.919","003","2025","43990","MAIN"
"2.391.765.919","003","2025","43110","SECO"
"2.391.765.919","003","2025","4100101","SECO"
"2.391.765.919","003","2025","4100105","SECO"
"2.391.765.919","003","2025","43910","MAIN"
"2.391.765.919","003","2025","82990","MAIN"
"2.391.766.117","003","2025","23322","MAIN"
"2.391.766.117","003","2025","23410","MAIN"
"2.391.766.117","003","2025","90130","SECO"
"2.391.766.117","003","2025","23310","MAIN"
"2.391.766.117","003","2025","47553","MAIN"
"2.391.766.117","003","2025","4778401","MAIN"
"2.391.766.315","003","2025","43310","MAIN"
"2.391.766.315","003","2025","4332013","MAIN"
"2.391.766.414","003","2025","86995","MAIN"
"2.391.766.414","003","2025","96999","MAIN"
"2.391.766.414","003","2025","85510","MAIN"
"2.391.766.414","003","2025","93129","MAIN"
"2.391.766.711","003","2025","5320001","MAIN"
"2.391.766.711","003","2025","49410","MAIN"
"2.391.766.711","003","2025","5320011","MAIN"
"2.391.766.711","003","2025","53200","MAIN"
"2.391.766.810","003","2025","16281","MAIN"
"2.391.766.810","003","2025","71121","MAIN"
"2.391.766.810","003","2025","16250","MAIN"
"2.391.766.810","003","2025","82990","MAIN"
"2.391.766.810","003","2025","16270","MAIN"
"2.391.766.909","003","2025","4933001","MAIN"
"2.391.766.909","003","2025","52210","MAIN"
"2.391.766.909","003","2025","5320001","SECO"
"2.391.766.909","003","2025","53200","SECO"
"2.391.766.909","003","2025","5320011","SECO"
"2.391.766.909","003","2025","53300","SECO"
"2.391.766.909","003","2025","4933002","MAIN"
"2.391.766.909","003","2025","49320","MAIN"
"2.391.766.909","003","2025","49330","MAIN"
"2.391.767.008","003","2025","93110","SECO"
"2.391.767.008","003","2025","85520","SECO"
"2.391.767.008","003","2025","82300","SECO"
"2.391.767.008","003","2025","85510","SECO"
"2.391.767.008","003","2025","9529003","MAIN"
"2.391.767.008","003","2025","85599","SECO"
"2.391.767.206","003","2025","86940","MAIN"
