"EntityNumber","TypeOfAddress","CountryNL","CountryFR","Zipcode","MunicipalityNL","MunicipalityFR","StreetNL","StreetFR","HouseNumber","Box","ExtraAddressInfo","DateStrikingOff"
"0212.143.849","REGO",,,"7050","Jurbise","Jurbise","Rue du Moustier(J)","Rue du Moustier(J)","1A","","",
"0407.094.251","REGO",,,"2650","Edegem","Edegem","Mechelsesteenweg","Mechelsesteenweg","144","","",
"0407.627.850","REGO",,,"4460","Grâce-Hollogne","Grâce-Hollogne","Rue de l'Aéropostale","Rue de l'Aéropostale","8","","",
"0415.472.180","REGO",,,"3500","Hasselt","Hasselt","Heksenbergstraat","Heksenbergstraat","Z/N","","",
"0415.512.564","REGO",,,"9200","Dendermonde","Dendermonde","Burgemeester Potiaulaan (STG)","Burgemeester Potiaulaan (STG)","14","2","",
"0416.621.928","REGO",,,"9800","Deinze","Deinze","Lange Akkerstraat","Lange Akkerstraat","16/A","","",
"0420.575.271","REGO",,,"3800","Sint-Truiden","Sint-Truiden","Naamsesteenweg","Naamsesteenweg","55","101","",
"0421.365.426","REGO",,,"8000","Brugge","Brugge","Gotevlietstraat","Gotevlietstraat","34","","",
"0422.500.029","REGO",,,"1000","Brussel","Bruxelles","Handelskaai","Quai du Commerce","48","2","",
"0424.387.272","REGO",,,"3570","Alken","Alken","Reigerlaan","Reigerlaan","3","","",
"0433.978.493","REGO",,,"2580","Putte","Putte","Heiststeenweg","Heiststeenweg","57","","",
"0435.569.788","REGO",,,"1480","Tubize","Tubize","Rue des Ponts","Rue des Ponts","98","B","",
"0438.251.938","REGO",,,"1480","Tubize","Tubize","Rue des Ponts","Rue des Ponts","23","","",
"0439.410.295","REGO",,,"7340","Colfontaine","Colfontaine","Rue du Grand Passage","Rue du Grand Passage","126","","",
"0439.833.038","REGO",,,"1560","Hoeilaart","Hoeilaart","Ildefonse Vandammestraat","Ildefonse Vandammestraat","5-7","D","",
"0440.061.680","REGO",,,"9100","Sint-Niklaas","Sint-Niklaas","Parkstraat","Parkstraat","13","","",
"0440.396.529","REGO",,,"2018","Antwerpen","Antwerpen","Plantin en Moretuslei","Plantin en Moretuslei","12","","",
"0444.495.570","REGO",,,"4671","Blégny","Blégny","Rue Haie delle Praye","Rue Haie delle Praye","27","","",
"0444.634.538","REGO",,,"2240","Zandhoven","Zandhoven","Hovenierspad","Hovenierspad","3","","",
"0448.948.662","REGO",,,"1380","Lasne","Lasne","Rue de la Gendarmerie","Rue de la Gendarmerie","10","1","",
"0449.059.817","REGO",,,"8530","Harelbeke","Harelbeke","Overleiestraat","Overleiestraat","3","","",
"0449.678.043","REGO",,,"9300","Aalst","Aalst","Vlaanderenstraat","Vlaanderenstraat","11","","",
"0450.310.028","REGO",,,"3000","Leuven","Leuven","Tiensesteenweg","Tiensesteenweg","294","","",
"0454.118.960","REGO",,,"4020","Liège","Liège","Bld Emile-de-Laveleye","Bld Emile-de-Laveleye","191","","Science Park Sart-Tilman",
"0455.818.341","REGO",,,"8510","Kortrijk","Kortrijk","Rollegemseweg(Rol)","Rollegemseweg(Rol)","100","","",
"0456.065.492","REGO",,,"1325","Chaumont-Gistoux","Chaumont-Gistoux","Chaussée de Huy","Chaussée de Huy","17","3","",
"0456.456.660","REGO",,,"1050","Brussel","Bruxelles","Louizalaan","Avenue Louise","231","","",
"0457.328.670","REGO",,,"1050","Elsene","Ixelles","Louizalaan","Avenue Louise","500","","",19-06-2026
"0457.976.293","REGO",,,"9450","Haaltert","Haaltert","Pontweg(HA)","Pontweg(HA)","33","","",
"0458.215.825","REGO",,,"9120","Beveren-Kruibeke-Zwijndrecht","Beveren-Kruibeke-Zwijndrecht","Kerkendam(MEL)","Kerkendam(MEL)","4","","",
"0461.577.864","REGO",,,"1000","Brussel","Bruxelles","Europakruispunt","Carrefour de l'Europe","3","","",
"0462.295.862","REGO",,,"1082","Sint-Agatha-Berchem","Berchem-Sainte-Agathe","Groot-Bijgaardenstraat","Rue de Grand-Bigard","14","","",12-05-2026
"0463.940.508","REGO",,,"8800","Roeselare","Roeselare","Kwadestraat","Kwadestraat","149","0.1","",19-06-2026
"0465.756.584","REGO",,,"8400","Oostende","Oostende","Victorialaan","Victorialaan","7","1402","",
"0467.537.426","REGO",,,"1420","Braine-l'Alleud","Braine-l'Alleud","Avenue de Finlande","Avenue de Finlande","8","","Parc de l'Alliance - Bâtiment B",
"0472.249.745","REGO",,,"1000","Brussel","Bruxelles","Stalingradlaan","Avenue de Stalingrad","52","","",19-06-2026
"0473.480.655","REGO",,,"6690","Vielsalm","Vielsalm","Ville-du-Bois","Ville-du-Bois","166","","",
"0474.543.497","REGO",,,"4030","Liège","Liège","Avenue de Péville","Avenue de Péville","317","","",19-06-2026
"0478.068.458","REGO",,,"9230","Wetteren","Wetteren","Jan Broeckaertlaan","Jan Broeckaertlaan","50","","",
"0502.485.140","REGO",,,"9000","Gent","Gent","Hubert Frère-Orbanlaan","Hubert Frère-Orbanlaan","295","","",
"0506.990.591","REGO",,,"1380","Lasne","Lasne","Chaussée de Louvain","Chaussée de Louvain","420","","",19-06-2026
"0524.886.794","REGO",,,"8800","Roeselare","Roeselare","Kwadestraat","Kwadestraat","149","","",19-06-2026
"0537.505.209","REGO",,,"1082","Sint-Agatha-Berchem","Berchem-Sainte-Agathe","Gentsesteenweg","Chaussée de Gand","1224","","",19-06-2026
"0546.685.169","REGO",,,"5504","Dinant","Dinant","Boisseilles","Boisseilles","19","B","",
"0551.962.365","REGO",,,"7521","Tournai","Tournai","Rue Carlos Gallaix(CH)","Rue Carlos Gallaix(CH)","233","","",
"0556.654.888","REGO",,,"1040","Etterbeek","Etterbeek","Jachtlaan","Avenue de la Chasse","135","","",19-06-2026
"0562.757.772","REGO",,,"9140","Temse","Temse","Molenstraat","Molenstraat","26","","",
"0565.941.352","REGO",,,"1040","Etterbeek","Etterbeek","Louis Schmidtlaan","Boulevard Louis Schmidt","119","","",
"0567.668.645","REGO",,,"1190","Vorst","Forest","Oude Vijversstraat","Rue des Anciens Etangs","55","1","",
"0568.846.404","REGO",,,"7020","Mons","Mons","Rue Grande","Rue Grande","2.1","","",
"0630.822.771","REGO",,,"9820","Merelbeke-Melle","Merelbeke-Melle","Gaversesteenweg","Gaversesteenweg","523","","",
"0631.949.951","REGO",,,"1420","Braine-l'Alleud","Braine-l'Alleud","Avenue de l'Artisanat","Avenue de l'Artisanat","2A","B3","",
"0632.543.829","REGO",,,"3012","Leuven","Leuven","Wijgmaalsesteenweg","Wijgmaalsesteenweg","12","","",
"0641.821.185","REGO",,,"2340","Beerse","Beerse","Houtseweg","Houtseweg","133","","",
"0644.748.706","REGO",,,"6840","Neufchâteau","Neufchâteau","Chaussée de Recogne,NEU","Chaussée de Recogne,NEU","54","","",
"0644.952.010","REGO",,,"6700","Arlon","Arlon","Bonnert, rue de la Côte-Rouge","Bonnert, rue de la Côte-Rouge","20","","",
"0645.829.067","REGO",,,"1730","Asse","Asse","Brusselsesteenweg","Brusselsesteenweg","18","A","",19-06-2026
"0647.807.372","REGO",,,"3660","Oudsbergen","Oudsbergen","Gommersstraat","Gommersstraat","1","","",
"0654.959.341","REGO",,,"3500","Hasselt","Hasselt","Maastrichtersteenweg","Maastrichtersteenweg","65","","",
"0656.741.666","REGO",,,"1210","Sint-Joost-ten-Node","Saint-Josse-ten-Noode","Hulpstraat","Rue des Secours","21","B2","",
"0656.970.805","REGO",,,"1050","Elsene","Ixelles","Louizalaan","Avenue Louise","500","123","",19-06-2026
"0660.683.727","REGO",,,"1831","Machelen (Brab.)","Machelen (Brab.)","De Kleetlaan","De Kleetlaan","5 BC","","REGUS BRUSSELS AIRPORT",
"0660.920.089","REGO",,,"5070","Fosses-la-Ville","Fosses-la-Ville","Rue des Zolos","Rue des Zolos","20","","",
"0662.935.810","REGO","Duitsland (Bondsrep.)","Allemagne (Rép.féd.)","67063","Ludwigshafen am Rhein","Ludwigshafen am Rhein","Industriestrasse","Industriestrasse","51","b","",
"0663.788.420","REGO",,,"9400","Ninove","Ninove","Kruisvijverstraat","Kruisvijverstraat","18","","",
"0666.744.247","REGO",,,"1050","Elsene","Ixelles","Louizalaan","Avenue Louise","231","","",
"0667.503.025","REGO",,,"1050","Elsene","Ixelles","Louizalaan","Avenue Louise","231","","",
"0671.493.089","REGO",,,"2870","Puurs-Sint-Amands","Puurs-Sint-Amands","Veurtstraat","Veurtstraat","7","","",
"0672.651.151","REGO",,,"8800","Roeselare","Roeselare","Kwadestraat","Kwadestraat","149","0.1","",19-06-2026
"0672.867.323","REGO",,,"1932","Zaventem","Zaventem","Leuvensesteenweg","Leuvensesteenweg","246","1","",19-06-2026
"0672.935.124","REGO",,,"2800","Mechelen","Mechelen","Antwerpsesteenweg","Antwerpsesteenweg","261","9","",
"0674.637.671","REGO",,,"2870","Puurs-Sint-Amands","Puurs-Sint-Amands","Schoonmansveld","Schoonmansveld","48","","",
"0674.850.873","REGO",,,"3520","Zonhoven","Zonhoven","Engstegenseweg","Engstegenseweg","45","","",
"0681.706.102","REGO",,,"4845","Jalhay","Jalhay","Stockay(SART)","Stockay(SART)","8","A","",
"0695.643.319","REGO",,,"1070","Anderlecht","Anderlecht","Louis van Beethovenstraat","Rue Louis van Beethoven","25","","",19-06-2026
"0695.785.651","REGO",,,"8400","Oostende","Oostende","Zilverlaan","Zilverlaan","323","","",19-06-2026
"0696.795.936","REGO",,,"7500","Tournai","Tournai","Chaussée de Lille(TOU)","Chaussée de Lille(TOU)","204","","",
"0712.601.689","REGO",,,"2491","Balen","Balen","Oosthamsesteenweg","Oosthamsesteenweg","92","","",
"0713.875.458","REGO",,,"9850","Deinze","Deinze","Vosselarestraat","Vosselarestraat","54C","","",
"0717.807.918","REGO",,,"2000","Antwerpen","Antwerpen","Kattendijkdok-Oostkaai","Kattendijkdok-Oostkaai","78","","",
"0719.768.011","REGO",,,"2970","Schilde","Schilde","De Rest","De Rest","12","","",
"0725.422.022","REGO",,,"3680","Maaseik","Maaseik","Waagstraat","Waagstraat","1","","",
"0726.709.251","REGO",,,"1331","Rixensart","Rixensart","Chemin des Deux Fermes","Chemin des Deux Fermes","5","","",
"0727.609.272","REGO",,,"1410","Waterloo","Waterloo","Rue Dury (Emile)","Rue Dury (Emile)","63","","",
"0728.919.465","REGO",,,"7141","Morlanwelz","Morlanwelz","Rue de la Rosière(CAR)","Rue de la Rosière(CAR)","12","A000","",19-06-2026
"0737.376.083","REGO",,,"1800","Vilvoorde","Vilvoorde","Stationlei","Stationlei","69","","",19-06-2026
"0739.982.316","REGO",,,"2360","Oud-Turnhout","Oud-Turnhout","Schuurhovenberg","Schuurhovenberg","35","","",
"0740.753.663","REGO",,,"2300","Turnhout","Turnhout","Zevendonkplein","Zevendonkplein","5","","",
"0740.952.118","REGO",,,"9111","Sint-Niklaas","Sint-Niklaas","Kleemstraat","Kleemstraat","20","","",
"0741.575.688","REGO",,,"8870","Izegem","Izegem","Wallemotestraat","Wallemotestraat","31","3","",
"0742.709.204","REGO",,,"8510","Kortrijk","Kortrijk","Torkonjestraat(Mar)","Torkonjestraat(Mar)","25","","",
"0742.775.322","REGO",,,"3520","Zonhoven","Zonhoven","Hortweidenweg","Hortweidenweg","91","","",
"0742.890.633","REGO",,,"3583","Beringen","Beringen","Tervantstraat","Tervantstraat","268","","",
"0743.821.734","REGO",,,"8460","Oudenburg","Oudenburg","Eernegemsestraat","Eernegemsestraat","63","","",
"0744.639.603","REGO",,,"1650","Beersel","Beersel","Kasteelstraat","Kasteelstraat","95","","",
"0746.856.250","REGO",,,"4845","Jalhay","Jalhay","Stockay(SART)","Stockay(SART)","8","A","",
"0751.902.131","REGO",,,"1080","Sint-Jans-Molenbeek","Molenbeek-Saint-Jean","Vrijheidslaan","Avenue de la Liberté","175","","",19-06-2026
"0752.790.076","REGO",,,"9472","Denderleeuw","Denderleeuw","Parochiestraat","Parochiestraat","125","3","",
"0752.959.431","REGO",,,"9111","Sint-Niklaas","Sint-Niklaas","Kouterdreef","Kouterdreef","24","","",
"0754.401.068","REGO",,,"2870","Puurs-Sint-Amands","Puurs-Sint-Amands","Schoonmansveld","Schoonmansveld","48","","",
"0754.636.442","REGO",,,"1315","Incourt","Incourt","Rue Alphonse Robert","Rue Alphonse Robert","73","","",
"0757.787.655","REGO",,,"3500","Hasselt","Hasselt","Luchtvaartstraat","Luchtvaartstraat","12","","",
"0758.861.484","REGO",,,"7140","Morlanwelz","Morlanwelz","Allée du Charme(MLZ)","Allée du Charme(MLZ)","10","","",
"0759.413.295","REGO",,,"5100","Namur","Namur","Chaussée de Liège(JB)","Chaussée de Liège(JB)","624","","",
"0759.671.336","REGO",,,"1640","Sint-Genesius-Rode","Sint-Genesius-Rode","Merellaan","Avenue du Merle","56","","",
"0760.486.136","REGO",,,"3890","Gingelom","Gingelom","Mechelsestraat","Mechelsestraat","63","","",
"0760.795.348","REGO",,,"3140","Keerbergen","Keerbergen","Maria Sweeckstraat","Maria Sweeckstraat","5","","",
"0763.873.218","REGO",,,"9100","Sint-Niklaas","Sint-Niklaas","Hogenakkerstraat","Hogenakkerstraat","53","","",
"0763.912.711","REGO",,,"2640","Mortsel","Mortsel","Statielei","Statielei","56","2","",
"0765.879.336","REGO",,,"2580","Putte","Putte","Mechelbaan","Mechelbaan","462","","",
"0766.346.322","REGO",,,"1650","Beersel","Beersel","Kasteelstraat","Kasteelstraat","95","","",
"0767.683.338","REGO",,,"5060","Sambreville","Sambreville","Rue Raphaël(FAL)","Rue Raphaël(FAL)","1a","A","",
"0767.825.274","REGO",,,"1930","Zaventem","Zaventem","Da Vincilaan","Da Vincilaan","1","","",19-06-2026
"0770.666.879","REGO",,,"1300","Wavre","Wavre","Avenue Pasteur","Avenue Pasteur","6","","",
"0770.724.683","REGO",,,"8210","Zedelgem","Zedelgem","Schatting","Schatting","20D","","",
"0770.759.624","REGO",,,"1730","Asse","Asse","Brusselsesteenweg","Brusselsesteenweg","18","A","",19-06-2026
"0771.305.792","REGO",,,"8430","Middelkerke","Middelkerke","De Middelpolder","De Middelpolder","38","","",
"0772.897.681","REGO",,,"1930","Zaventem","Zaventem","Excelsiorlaan","Excelsiorlaan","71","","",19-06-2026
"0774.844.908","REGO",,,"3740","Bilzen-Hoeselt","Bilzen-Hoeselt","Maastrichterstraat","Maastrichterstraat","232","","",
"0778.706.793","REGO",,,"9190","Stekene","Stekene","Voorthoek(STE)","Voorthoek(STE)","104","","",
"0778.966.616","REGO","Nederland","Pays-Bas","1092AD","Amsterdam","Amsterdam","Mauritskade","Mauritskade","64","","",
"0780.911.267","REGO",,,"2650","Edegem","Edegem","Prins Boudewijnlaan","Prins Boudewijnlaan","215","","",
"0780.992.728","REGO",,,"1070","Anderlecht","Anderlecht","Industrielaan","Boulevard Industriel","9","","",19-06-2026
"0781.551.665","REGO",,,"1070","Anderlecht","Anderlecht","Industrielaan","Boulevard Industriel","9","","",19-06-2026
"0782.663.603","REGO",,,"1082","Sint-Agatha-Berchem","Berchem-Sainte-Agathe","Groot-Bijgaardenstraat","Rue de Grand-Bigard","14","","",19-06-2026
"0783.282.819","REGO",,,"1930","Zaventem","Zaventem","Da Vincilaan","Da Vincilaan","1","","",19-06-2026
"0784.774.639","REGO",,,"3980","Tessenderlo-Ham","Tessenderlo-Ham","Gerhagenstraat (C)","Gerhagenstraat (C)","99","","",
"0786.470.852","REGO",,,"2000","Antwerpen","Antwerpen","Tallinnstraat","Tallinnstraat","16","","",
"0786.598.041","REGO",,,"4420","Saint-Nicolas","Saint-Nicolas","Rue des Martyrs","Rue des Martyrs","115","","",
"0787.411.158","REGO",,,"1601","Sint-Pieters-Leeuw","Sint-Pieters-Leeuw","Beemdstraat","Beemdstraat","27","","",19-06-2026
"0787.683.253","REGO","Nederland","Pays-Bas","1101 BE","AMSTERDAM","AMSTERDAM","Hoogoorddreef","Hoogoorddreef","56R","","",
"0787.743.829","REGO",,,"1780","Wemmel","Wemmel","Koningin Astridlaan","Avenue Reine Astrid","59A","","",
"0788.980.677","REGO",,,"6043","Charleroi","Charleroi","Rue Albert Ier","Rue Albert Ier","34","A","",
"0789.770.337","REGO",,,"3500","Hasselt","Hasselt","Pastorijstraat","Pastorijstraat","39","","",
"0790.197.434","REGO",,,"8800","Roeselare","Roeselare","Kwadestraat","Kwadestraat","149","0.1.","",19-06-2026
"0791.337.777","REGO",,,"8930","Menen","Menen","Garennestraat","Garennestraat","4","","",
"0792.731.114","REGO",,,"1950","Kraainem","Kraainem","Sint Michielsdreef","Drève Saint Michel","21","","",
"0793.195.823","REGO",,,"1800","Vilvoorde","Vilvoorde","Guldenschaapstraat","Guldenschaapstraat","6","","",19-06-2026
"0793.276.985","REGO",,,"2930","Brasschaat","Brasschaat","Schansstraat","Schansstraat","45","2","",
"0793.655.384","REGO",,,"1861","Meise","Meise","Neromstraat","Neromstraat","28","","",
"0794.425.941","REGO",,,"2540","Hove","Hove","Azalealei","Azalealei","43","","",
"0794.810.971","REGO",,,"2270","Herenthout","Herenthout","Punt","Punt","31","","",19-06-2026
"0797.865.283","REGO",,,"6792","Aubange","Aubange","Rue Saint-Remy - HALANZY","Rue Saint-Remy - HALANZY","4","","",
"0798.146.979","REGO",,,"2560","Nijlen","Nijlen","Bouwelsesteenweg","Bouwelsesteenweg","114","1","",
"0798.237.546","REGO",,,"7850","Enghien","Enghien","Mezenlaan(P.E.)","Allée des Mésanges(P.E.)","1","","",
"0799.982.061","REGO",,,"3740","Bilzen-Hoeselt","Bilzen-Hoeselt","Arnold Judongstraat","Arnold Judongstraat","1","","",
"0800.465.675","REGO",,,"2880","Bornem","Bornem","Het Zand(HIN)","Het Zand(HIN)","10","","",
"0800.814.776","REGO",,,"3950","Bocholt","Bocholt","Herenhoef","Herenhoef","1","","",
"0801.634.130","REGO",,,"1800","Vilvoorde","Vilvoorde","Leuvensestraat","Leuvensestraat","22B","","",
"0801.862.475","REGO",,,"1600","Sint-Pieters-Leeuw","Sint-Pieters-Leeuw","Bergensesteenweg","Bergensesteenweg","421","14/132","",
"0801.873.264","REGO",,,"1050","Elsene","Ixelles","Louizalaan","Avenue Louise","209 A","7","",19-06-2026
"0802.336.191","REGO","Nederland","Pays-Bas","3846AX","Harderwijk","Harderwijk","Lorentzstraat","Lorentzstraat","24","","",
"0802.578.493","REGO",,,"3660","Oudsbergen","Oudsbergen","Industrieweg-Noord","Industrieweg-Noord","1193","","",
"0803.627.677","REGO",,,"4990","Lierneux","Lierneux","Petit-Sart","Petit-Sart","23","","",
"0804.356.068","REGO",,,"8400","Oostende","Oostende","Gistelsesteenweg","Gistelsesteenweg","71","","",
"0804.549.969","REGO",,,"1000","Brussel","Bruxelles","Koning Albert II-laan","Boulevard du Roi Albert II","4","","",
"0805.285.090","REGO",,,"2930","Brasschaat","Brasschaat","Olmelei","Olmelei","3","","",
"0805.391.097","REGO",,,"8800","Roeselare","Roeselare","Kwadestraat","Kwadestraat","149","1","",19-06-2026
"0805.830.864","REGO",,,"9880","Aalter","Aalter","Nieuwe Dreef","Nieuwe Dreef","13","","",
"0806.791.461","REGO",,,"3350","Linter","Linter","Graaf de T'Serclaesstraat(WOM)","Graaf de T'Serclaesstraat(WOM)","9","","",19-06-2026
"0806.855.007","REGO",,,"1050","Elsene","Ixelles","Louizalaan","Avenue Louise","231","","",
"0807.905.971","REGO",,,"7540","Tournai","Tournai","Rue du Follet(K)","Rue du Follet(K)","10","4","",
"0810.506.957","REGO",,,"2580","Putte","Putte","Heiststeenweg","Heiststeenweg","57","","",
"0819.570.519","REGO",,,"6183","Courcelles","Courcelles","Rue de Gosselies(TR)","Rue de Gosselies(TR)","225","","",
"0821.499.532","REGO",,,"4040","Herstal","Herstal","Parc Ind. des Hauts Sarts, 1e av","Parc Ind. des Hauts Sarts, 1e av","265","","",
"0823.726.671","REGO",,,"8400","Oostende","Oostende","Hendrik Serruyslaan","Hendrik Serruyslaan","52",".0102","",
"0824.378.254","REGO",,,"1000","Brussel","Bruxelles","Maurice Lemonnierlaan","Boulevard Maurice Lemonnier","67","","",
"0824.970.647","REGO",,,"1380","Lasne","Lasne","Chaussée de Louvain","Chaussée de Louvain","420","","",19-06-2026
"0826.145.238","REGO",,,"2845","Niel","Niel","Boomsestraat","Boomsestraat","ZN","","",
"0828.852.231","REGO",,,"4845","Jalhay","Jalhay","Stockay(SART)","Stockay(SART)","8","A","",
"0830.169.352","REGO",,,"8460","Oudenburg","Oudenburg","Goedeboterstraat","Goedeboterstraat","70/A","","",19-06-2026
"0834.862.469","REGO",,,"7330","Saint-Ghislain","Saint-Ghislain","Cité Petite Propriété Terrienne","Cité Petite Propriété Terrienne","2","5","",
"0835.001.437","REGO",,,"8434","Middelkerke","Middelkerke","Koning Ridderdijk","Koning Ridderdijk","27","203","",
"0835.775.853","REGO",,,"9300","Aalst","Aalst","Boterstraat","Boterstraat","6","","",
"0837.703.876","REGO",,,"4987","Stoumont","Stoumont","Route de l'Amblève","Route de l'Amblève","12","","",
"0838.627.653","REGO",,,"4960","Malmedy","Malmedy","Meiz-Chemin de la Herde","Meiz-Chemin de la Herde","3","","",
"0844.355.702","REGO",,,"9620","Zottegem","Zottegem","Trapstraat","Trapstraat","16","","",
"0845.025.792","REGO",,,"2930","Brasschaat","Brasschaat","Bredabaan","Bredabaan","981","","",
"0866.302.347","REGO",,,"3212","Lubbeek","Lubbeek","Kerkweg(PEL)","Kerkweg(PEL)","11","","",
"0869.663.101","REGO",,,"6740","Etalle","Etalle","Grand-Rue,Ste-Marie","Grand-Rue,Ste-Marie","219B","","",
"0872.940.117","REGO",,,"4000","Liège","Liège","Place du Haut-pré","Place du Haut-pré","10","","",
"0874.211.609","REGO",,,"1070","Anderlecht","Anderlecht","Tulpenplein","Place des Tulipes","15","","",
"0879.381.412","REGO",,,"2000","Antwerpen","Antwerpen","Frankrijklei","Frankrijklei","133","","",
"0879.668.848","REGO",,,"3540","Herk-de-Stad","Herk-de-Stad","Grote Hoolstraat","Grote Hoolstraat","39","","",
"0879.819.692","REGO",,,"9300","Aalst","Aalst","Vlaanderenstraat","Vlaanderenstraat","11","","",
"0882.588.449","REGO",,,"7390","Quaregnon","Quaregnon","Rue de la Poudrière","Rue de la Poudrière","82","","",
"0886.207.242","REGO",,,"9051","Gent","Gent","Jean-Baptiste de Ghellincklaan","Jean-Baptiste de Ghellincklaan","31","/001","",
"0886.648.096","REGO",,,"9940","Evergem","Evergem","Hoeksken","Hoeksken","25","","",
"0891.902.726","REGO",,,"1082","Sint-Agatha-Berchem","Berchem-Sainte-Agathe","Groot-Bijgaardenstraat","Rue de Grand-Bigard","14","","",19-06-2026
"0891.939.942","REGO",,,"1000","Brussel","Bruxelles","de Meeûssquare","Square de Meeûs","38-40","","",
"0892.964.380","REGO",,,"1000","Brussel","Bruxelles","Grote Zavel","Place du Grand Sablon","39","","",
"0899.153.079","REGO",,,"1602","Sint-Pieters-Leeuw","Sint-Pieters-Leeuw","Beersbrugstraat","Beersbrugstraat","68","","",
"0899.402.608","REGO",,,"8380","Brugge","Brugge","Lanceloot Blondeellaan","Lanceloot Blondeellaan","11","","",
"1000.054.459","REGO",,,"9000","Gent","Gent","Ottergemsesteenweg-Zuid","Ottergemsesteenweg-Zuid","808","b246","",
"1000.623.789","REGO",,,"1080","Sint-Jans-Molenbeek","Molenbeek-Saint-Jean","Vrijheidslaan","Avenue de la Liberté","175","","",27-04-2026
"1001.043.661","REGO",,,"5651","Walcourt","Walcourt","Rue de Sausy(Tar)","Rue de Sausy(Tar)","40","","",
"1001.220.142","REGO",,,"1780","Wemmel","Wemmel","Lt. Graffplein","Place Lt. Graff","15","","",19-06-2026
"1001.338.324","REGO",,,"1000","Brussel","Bruxelles","Stalingradlaan","Avenue de Stalingrad","52","","",19-06-2026
"1002.178.066","REGO",,,"4537","Verlaine","Verlaine","Voie du Bosquet(VER)","Voie du Bosquet(VER)","2B","","",
"1002.423.239","REGO",,,"4000","Liège","Liège","Avenue Rogier","Avenue Rogier","16","1","",
"1003.961.876","REGO",,,"3540","Herk-de-Stad","Herk-de-Stad","Steenweg","Steenweg","3","402","",
"1005.816.754","REGO",,,"8531","Harelbeke","Harelbeke","Oostrozebeeksestraat","Oostrozebeeksestraat","27","","",
"1006.096.965","REGO",,,"8800","Roeselare","Roeselare","Kwadestraat","Kwadestraat","149","0.1","",19-06-2026
"1006.925.029","REGO",,,"2491","Balen","Balen","Olmense Markt","Olmense Markt","11","","",19-06-2026
"1008.122.087","REGO",,,"1780","Wemmel","Wemmel","Is. Meyskensstraat","Rue Is. Meyskens","224","9-10","",
"1009.076.053","REGO",,,"2830","Willebroek","Willebroek","Boomsesteenweg","Boomsesteenweg","91","","",
"1009.569.070","REGO",,,"4100","Seraing","Seraing","Rue Solvay","Rue Solvay","90","","",
"1009.626.280","REGO",,,"1780","Wemmel","Wemmel","Is. Meyskensstraat","Rue Is. Meyskens","224","9-10","",
"1009.969.146","REGO",,,"9450","Haaltert","Haaltert","Heldergemstraat(HE)","Heldergemstraat(HE)","72","","",
"1010.567.279","REGO",,,"7000","Mons","Mons","Rue d'Havré","Rue d'Havré","57","","",
"1011.282.012","REGO",,,"9050","Gent","Gent","Pol De Vischstraat","Pol De Vischstraat","15","1","",
"1011.433.945","REGO",,,"9160","Lokeren","Lokeren","Mosten","Mosten","7A","","",
"1012.783.631","REGO",,,"1040","Etterbeek","Etterbeek","Vijverstraat","Rue de l'Etang","56","89","",
"1012.911.810","REGO",,,"1080","Sint-Jans-Molenbeek","Molenbeek-Saint-Jean","Vrijheidslaan","Avenue de la Liberté","175","","",19-06-2026
"1013.233.591","REGO",,,"1932","Zaventem","Zaventem","Leuvensesteenweg","Leuvensesteenweg","246","","",
"1013.628.620","REGO",,,"9000","Gent","Gent","Korianderstraat","Korianderstraat","2","G","",
"1013.702.359","REGO",,,"3600","Genk","Genk","Sint-Lodewijkstraat","Sint-Lodewijkstraat","56","11","",
"1014.754.117","REGO",,,"1730","Asse","Asse","Brusselsesteenweg","Brusselsesteenweg","18A","","",19-06-2026
"1015.442.718","REGO",,,"9280","Lebbeke","Lebbeke","Brusselsesteenweg","Brusselsesteenweg","91","","",19-06-2026
"1015.764.994","REGO",,,"9100","Sint-Niklaas","Sint-Niklaas","Bekelstraat","Bekelstraat","137","","",
"1015.772.122","REGO",,,"1000","Brussel","Bruxelles","Stalingradlaan","Avenue de Stalingrad","52","","",
"1016.726.878","REGO",,,"4250","Geer","Geer","Rue Gérard Waelkens(GR)","Rue Gérard Waelkens(GR)","9","","",19-06-2026
"1016.897.322","REGO",,,"3500","Hasselt","Hasselt","Frans Tempelsstraat","Frans Tempelsstraat","1","1","",
"1017.215.937","REGO",,,"3580","Beringen","Beringen","Nijverheidsstraat","Nijverheidsstraat","29","c008","",
"1019.658.159","REGO",,,"7618","Rumes","Rumes","Rue de la Déroderie(T)","Rue de la Déroderie(T)","79","A","",
"1019.765.750","REGO",,,"1435","Mont-Saint-Guibert","Mont-Saint-Guibert","Boucle Jean-François Breuer","Boucle Jean-François Breuer","20","304","",
"1020.232.934","REGO",,,"1301","Wavre","Wavre","Rue des Combattants","Rue des Combattants","160","","",
"1020.473.256","REGO",,,"3530","Houthalen-Helchteren","Houthalen-Helchteren","Sint-Trudoplein","Sint-Trudoplein","7","3-1","",
"1021.620.430","REGO",,,"1000","Brussel","Bruxelles","Werkhuizenkaai","Quai des Usines","160","","",19-06-2026
"1021.789.585","REGO",,,"9870","Zulte","Zulte","Doornstraat","Doornstraat","17","G000","",
"1022.353.274","REGO",,,"2812","Mechelen","Mechelen","Luysenberchstraat","Luysenberchstraat","13","","",
"1023.369.893","REGO",,,"2980","Zoersel","Zoersel","Alfons Butsstraat","Alfons Butsstraat","43","","",
"1024.639.407","REGO",,,"1367","Ramillies","Ramillies","Rue du Chenois","Rue du Chenois","23","","",
"1025.197.750","REGO",,,"9100","Sint-Niklaas","Sint-Niklaas","Stationsstraat","Stationsstraat","113B","","",
"1026.686.602","REGO",,,"1370","Jodoigne","Jodoigne","R.du Moulin de Genville(S.-R.-G.)","R.du Moulin de Genville(S.-R.-G.)","18","","",
"1026.824.380","REGO","Frankrijk","France","45390","PUISEAUX","PUISEAUX","Chemin Lateral","Chemin Lateral","-","","",
"1026.952.856","REGO",,,"8554","Zwevegem","Zwevegem","Pastoor Glorieuxstraat(S)","Pastoor Glorieuxstraat(S)","65","","",
"1026.961.368","REGO",,,"3740","Bilzen-Hoeselt","Bilzen-Hoeselt","Hasseltsestraat","Hasseltsestraat","40","6","",
"1027.258.110","REGO",,,"8400","Oostende","Oostende","Gistelsesteenweg","Gistelsesteenweg","71","","",
"1027.918.106","REGO",,,"9620","Zottegem","Zottegem","Elenestraat","Elenestraat","300","","",
"1029.572.153","REGO",,,"1640","Sint-Genesius-Rode","Sint-Genesius-Rode","Waterloose Steenweg","Chaussée de Waterloo","200","","",19-06-2026
"1030.435.750","REGO",,,"9080","Lochristi","Lochristi","Hospiceweg","Hospiceweg","13","301","",
"1030.674.092","REGO",,,"2990","Wuustwezel","Wuustwezel","Nieuwendijk","Nieuwendijk","26","","",
"1031.707.143","REGO",,,"1560","Hoeilaart","Hoeilaart","Fernaasstraat","Fernaasstraat","18","","",
"1032.624.287","REGO",,,"1000","Brussel","Bruxelles","Koloniënstraat","Rue des Colonies","11","","",
"1033.822.238","REGO",,,"6730","Tintigny","Tintigny","Rue du Gros-Cron,Lahage","Rue du Gros-Cron,Lahage","113","","",
"1034.546.570","REGO",,,"1440","Braine-le-Château","Braine-le-Château","Avenue Reine Astrid(W-B)","Avenue Reine Astrid(W-B)","16","","",19-06-2026
"1035.046.616","REGO",,,"4000","Liège","Liège","Rue Saint-Laurent","Rue Saint-Laurent","189","","",
"1035.247.643","REGO",,,"8820","Torhout","Torhout","Slarinweg","Slarinweg","3","","",
"1035.634.950","REGO",,,"3511","Hasselt","Hasselt","Muggebeekstraat","Muggebeekstraat","294","","",
"1036.043.439","REGO",,,"2100","Antwerpen","Antwerpen","Jef Huyghstraat","Jef Huyghstraat","86","","",
"1036.707.492","REGO",,,"9000","Gent","Gent","Zwijnaardsesteenweg","Zwijnaardsesteenweg","44","","",
"1037.022.644","REGO",,,"2100","Antwerpen","Antwerpen","Bisschoppenhoflaan","Bisschoppenhoflaan","438","77","",19-06-2026
"1037.136.074","REGO",,,"2440","Geel","Geel","Oudekastelseweg","Oudekastelseweg","9","","",
"1037.285.930","REGO",,,"9900","Eeklo","Eeklo","Zeelaan","Zeelaan","7E","","",
"1037.391.937","REGO",,,"1560","Hoeilaart","Hoeilaart","Marcel Félicéstraat","Marcel Félicéstraat","19","GLV","",
"1037.528.430","REGO",,,"1040","Etterbeek","Etterbeek","Oudergemlaan","Avenue d'Auderghem","241","","",
"1037.643.642","REGO",,,"1780","Wemmel","Wemmel","Koningin Astridlaan","Avenue Reine Astrid","49","","",
"1038.069.848","REGO","Nederland","Pays-Bas","2288GK","Rijswijk","Rijswijk","Lange Kleiweg","Lange Kleiweg","62b","","",
"1038.355.108","REGO",,,"9000","Gent","Gent","Zwijnaardsesteenweg","Zwijnaardsesteenweg","44","","",
"1038.808.236","REGO",,,"1082","Sint-Agatha-Berchem","Berchem-Sainte-Agathe","Groot-Bijgaardenstraat","Rue de Grand-Bigard","14","","",
"1038.887.222","REGO",,,"7500","Tournai","Tournai","Avenue de Maire(TOU)","Avenue de Maire(TOU)","44","","",
"1039.488.622","REGO",,,"1050","Brussel","Bruxelles","Louizalaan","Avenue Louise","163","","",
"1039.754.282","REGO",,,"3600","Genk","Genk","Vaartstraat","Vaartstraat","30","","",
"1039.821.984","REGO",,,"9080","Lochristi","Lochristi","Kasseitje","Kasseitje","73","","",
"1040.168.810","REGO",,,"1800","Vilvoorde","Vilvoorde","Guldenschaapstraat","Guldenschaapstraat","6","","",
"1040.586.306","REGO","Italië","Italie","00010","San Polo dei Cavalieri","San Polo dei Cavalieri","MAREMMANA INFERIORE","MAREMMANA INFERIORE","23400","","",
"1040.587.393","REGO","Duitsland (Bondsrep.)","Allemagne (Rép.féd.)","48155","MUNSTER","MUNSTER","INDUSTRIEWEG","INDUSTRIEWEG","34","","",
"1040.588.779","REGO","Luxemburg (Groot-Hertogdom)","Luxembourg (Grand-Duché)","L4406","OBERKORN","OBERKORN","rue laboulle","rue laboulle","8","","",
"1040.589.472","REGO","Nederland","Pays-Bas","1018RG","Amsterdam","Amsterdam","KRAIJENHOFFSTRAAT","KRAIJENHOFFSTRAAT","137A","","",
"1040.590.660","REGO","Groot-Brittannië","Grande-Bretagne","AL 5 4UT","COLDHARBOUR LANE HARPENDER","COLDHARBOUR LANE HARPENDER","allied business centre","allied business centre","1","","",
"1040.591.551","REGO","Polen ( Rep. )","Pologne ( Rép. )","63 400","OSTROW WIEL KOPOLSKI","OSTROW WIEL KOPOLSKI","partyzancka","partyzancka","34","","",
"1040.592.145","REGO","Frankrijk","France","29 000","QUIMPER","QUIMPER","JEAN-FRANCOIS DE LA PEROUSE","JEAN-FRANCOIS DE LA PEROUSE","11","","",
"1040.592.640","REGO","Polen ( Rep. )","Pologne ( Rép. )","81-321","Gdynia","Gdynia","Ul. Podolska","Ul. Podolska","21","","",
"1040.593.036","REGO","Tsjechische Republiek","République Tchèque","14200","Prague, Hlavní m&#283;sto","Prague, Hlavní m&#283;sto","vihovská","vihovská","275/4","","",
"1040.634.707","REGO","Italië","Italie","37139","VERONA","VERONA","VIA DELLA MECCANICA","VIA DELLA MECCANICA","29","","",
"1040.637.180","REGO","Groot-Brittannië","Grande-Bretagne","BS83 N","THE PROMENADE CLIFTON _ BRISTOL","THE PROMENADE CLIFTON _ BRISTOL","TAYLOR MAXWELL HOUSE","TAYLOR MAXWELL HOUSE","1","","",
"1040.637.972","REGO","Tsjechische Republiek","République Tchèque","290 01","Podebrady","Podebrady","Jiráskova","Jiráskova","223","19","",
"1040.649.454","REGO",,,"4400","Flémalle","Flémalle","Rue du Bar","Rue du Bar","109","","",
"1040.649.553","REGO",,,"4630","Soumagne","Soumagne","Rue de la Terre d'Argent","Rue de la Terre d'Argent","1","B000","",
"1040.649.850","REGO",,,"2547","Lint","Lint","Van Putlei","Van Putlei","44","","",
"1040.650.246","REGO",,,"2940","Stabroek","Stabroek","Waterstraat","Waterstraat","13","","",
"1040.650.345","REGO",,,"8450","Bredene","Bredene","Sluizenstraat","Sluizenstraat","216","","",
"1040.651.038","REGO",,,"1070","Anderlecht","Anderlecht","Jean Van Lierdestraat","Rue Jean Van Lierde","35","","",
"1040.651.533","REGO",,,"2200","Herentals","Herentals","Schoutenlaan(HRT)","Schoutenlaan(HRT)","50","","",
"1040.651.632","REGO",,,"2600","Antwerpen","Antwerpen","Pioenstraat","Pioenstraat","1","","",
"1040.651.731","REGO",,,"2260","Westerlo","Westerlo","Schaapstraat","Schaapstraat","29","","",
"1040.651.830","REGO",,,"1030","Schaarbeek","Schaerbeek","Leuvensesteenweg","Chaussée de Louvain","501","2","",
"1040.652.820","REGO",,,"1080","Sint-Jans-Molenbeek","Molenbeek-Saint-Jean","Schoolstraat","Rue de l'Ecole","7","","",
"1040.652.919","REGO",,,"1390","Grez-Doiceau","Grez-Doiceau","Rue Cyrille Bauwens","Rue Cyrille Bauwens","35","","",
"1040.653.018","REGO",,,"7730","Estaimpuis","Estaimpuis","Rue du Fresnoy(N)","Rue du Fresnoy(N)","30","","",
"1040.653.414","REGO",,,"9300","Aalst","Aalst","Ajuinenstraat","Ajuinenstraat","29","","",
"1040.653.612","REGO",,,"8900","Ieper","Ieper","Griettensstraat","Griettensstraat","15","","",
"1040.653.711","REGO",,,"7000","Mons","Mons","Boulevard Sainctelette","Boulevard Sainctelette","39","","",
"1040.653.810","REGO","Duitsland (Bondsrep.)","Allemagne (Rép.féd.)","85716","Unterschleissheim","Unterschleissheim","Freisinger Str.","Freisinger Str.","1","","",
"1040.654.206","REGO",,,"1170","Watermaal-Bosvoorde","Watermael-Boitsfort","Castel Fleurisquare","Square du Castel Fleuri","3","","",
"1040.654.503","REGO",,,"8300","Knokke-Heist","Knokke-Heist","Lippenslaan","Lippenslaan","331","","",
"1040.654.602","REGO",,,"4031","Liège","Liège","Rue des Chasseurs-Ardennais","Rue des Chasseurs-Ardennais","3","","",
"1040.654.897","REGO",,,"1170","Watermaal-Bosvoorde","Watermael-Boitsfort","Giervalkenlaan","Avenue des Gerfauts","10","34","",
"1040.654.996","REGO",,,"1770","Liedekerke","Liedekerke","Gravenbosstraat","Gravenbosstraat","97","","",
"1040.656.184","REGO",,,"1348","Ottignies-Louvain-la-Neuve","Ottignies-Louvain-la-Neuve","Chemin du Cyclotron","Chemin du Cyclotron","6","","",
"1040.656.283","REGO",,,"5190","Jemeppe-sur-Sambre","Jemeppe-sur-Sambre","Rue de Jemeppe,Moustier","Rue de Jemeppe,Moustier","65","","",
"1040.657.570","REGO",,,"3090","Overijse","Overijse","Zavelbergstraat","Zavelbergstraat","15","","",
"1040.657.669","REGO",,,"8600","Diksmuide","Diksmuide","Maagdhoek(ESE)","Maagdhoek(ESE)","2","","",
"1040.658.065","REGO",,,"9990","Maldegem","Maldegem","Noordstraat","Noordstraat","78","","",
"1040.658.362","REGO",,,"9990","Maldegem","Maldegem","Noordstraat","Noordstraat","78","","",
"1040.658.560","REGO",,,"1170","Watermaal-Bosvoorde","Watermael-Boitsfort","Terhulpsesteenweg","Chaussée de La Hulpe","177","18","",
"1040.658.659","REGO",,,"2500","Lier","Lier","Heistraat","Heistraat","14","","",
"1040.658.758","REGO",,,"2275","Lille","Lille","Lichtaartsesteenweg","Lichtaartsesteenweg","79","","",
"1040.658.857","REGO",,,"7500","Tournai","Tournai","Chaussée de Bruxelles(TOU)","Chaussée de Bruxelles(TOU)","230","","",
"1040.658.956","REGO",,,"9140","Temse","Temse","Steendonkstraat","Steendonkstraat","12","","",
"1040.659.154","REGO",,,"5376","Havelange","Havelange","Rue de l'Eglise(MI)","Rue de l'Eglise(MI)","15","","",
"1040.659.253","REGO",,,"2260","Westerlo","Westerlo","Populierenstraat","Populierenstraat","2","","",
"1040.659.352","REGO",,,"8710","Wielsbeke","Wielsbeke","Wakkensteenweg(S.B.V.)","Wakkensteenweg(S.B.V.)","90","","",
"1040.659.748","REGO",,,"9031","Gent","Gent","Luchterenkerkweg","Luchterenkerkweg","30","","",
"1040.659.847","REGO","Nederland","Pays-Bas","1017AW","Amsterdam","Amsterdam","SINGEL","SINGEL","464","","",
"1040.659.946","REGO",,,"1700","Dilbeek","Dilbeek","Oudesmidsestraat","Oudesmidsestraat","20","","",
"1040.660.045","REGO",,,"2018","Antwerpen","Antwerpen","Jan Van Rijswijcklaan","Jan Van Rijswijcklaan","32","","",
"1040.660.144","REGO",,,"1860","Meise","Meise","Oppemkerkstraat","Oppemkerkstraat","21","","",
"1040.660.540","REGO",,,"2140","Antwerpen","Antwerpen","Turnhoutsebaan","Turnhoutsebaan","63","201","",
"1040.660.639","REGO",,,"1020","Brussel","Bruxelles","Stevens-Delannoystraat","Rue Stevens-Delannoy","44","","",
"1040.661.431","REGO",,,"4690","Bassenge","Bassenge","Rue du Garage (Eben)","Rue du Garage (Eben)","47","","",
"1040.661.530","REGO",,,"8420","De Haan","De Haan","Meidoornlaan","Meidoornlaan","8","","",
"1040.661.926","REGO",,,"5644","Mettet","Mettet","Rue de Maredret, Ermeton-s.-B.","Rue de Maredret, Ermeton-s.-B.","20","A","",
"1040.662.223","REGO",,,"1420","Braine-l'Alleud","Braine-l'Alleud","Avenue de l'Aiglon","Avenue de l'Aiglon","31","","",
"1040.662.421","REGO",,,"7604","Péruwelz","Péruwelz","Rue du Pilori(BML)","Rue du Pilori(BML)","27","A","",
"1040.662.916","REGO",,,"3910","Pelt","Pelt","Plataanstraat","Plataanstraat","10","","",
"1040.663.114","REGO",,,"7050","Jurbise","Jurbise","Chemin du Prince(J)","Chemin du Prince(J)","327","","",
"1040.663.312","REGO",,,"4000","Liège","Liège","Rue de la Cathédrale","Rue de la Cathédrale","96","","",
"1040.663.609","REGO",,,"4000","Liège","Liège","Rue de Steppes","Rue de Steppes","24","","",
"1040.663.807","REGO",,,"8310","Brugge","Brugge","Marcus Laurinstraat","Marcus Laurinstraat","13","","",
"1040.664.203","REGO",,,"9700","Oudenaarde","Oudenaarde","Sompelstraat","Sompelstraat","66","","",
"1040.664.401","REGO",,,"2018","Antwerpen","Antwerpen","Van Breestraat","Van Breestraat","35","","",
"1040.664.894","REGO",,,"1600","Sint-Pieters-Leeuw","Sint-Pieters-Leeuw","Vosholenweg","Vosholenweg","5","A","",
"1040.665.092","REGO",,,"1850","Grimbergen","Grimbergen","Vaartstraat","Vaartstraat","156","","",
"1040.665.389","REGO",,,"2930","Brasschaat","Brasschaat","Leopoldslei","Leopoldslei","50","","",
"1040.665.587","REGO",,,"2550","Kontich","Kontich","Irislaan","Irislaan","26","","",
"1040.665.686","REGO",,,"7080","Frameries","Frameries","Rue du Parc","Rue du Parc","26","","",
"1040.665.785","REGO",,,"7000","Mons","Mons","Rue Hector Delanois (C.)","Rue Hector Delanois (C.)","47","","",
"1040.665.884","REGO",,,"2030","Antwerpen","Antwerpen","Vosseschijnstraat","Vosseschijnstraat","43D","","",
"1040.665.983","REGO",,,"1050","Elsene","Ixelles","Mercelisstraat","Rue Mercelis","33C","","",
"1040.669.745","REGO",,,"2520","Ranst","Ranst","Schuurblok","Schuurblok","2","","",
"1040.670.141","REGO",,,"3900","Pelt","Pelt","Blaasstraat","Blaasstraat","1","3900","",
"1040.673.111","REGO",,,"9470","Denderleeuw","Denderleeuw","Denderweg","Denderweg","1","","",
"1040.673.507","REGO","Groot-Brittannië","Grande-Bretagne","HX6 4FF","Ripponden","Ripponden","Unit 20 Rippondem Business Park, Oldham Road,","Unit 20 Rippondem Business Park, Oldham Road,","20","","",
"1040.674.101","REGO",,,"7530","Tournai","Tournai","Grand'Route(G-R)","Grand'Route(G-R)","209A","","",
"1040.674.495","REGO",,,"1210","Sint-Joost-ten-Node","Saint-Josse-ten-Noode","Leuvensesteenweg","Chaussée de Louvain","41","","",
"1040.674.693","REGO",,,"1050","Elsene","Ixelles","Terkamerendalsquare","Square du Val de la Cambre","20","","",
"1040.675.188","REGO",,,"3665","As","As","Dwarsstraat","Dwarsstraat","15","","",
"1040.676.079","REGO",,,"1050","Elsene","Ixelles","Kroonlaan","Avenue de la Couronne","218","20","",
"1040.676.376","REGO",,,"1050","Elsene","Ixelles","de Stassartstraat","Rue de Stassart","131","","",
"1040.676.475","REGO",,,"1000","Brussel","Bruxelles","Anderlechtsesteenweg","Rue d'Anderlecht","147","","",
"1040.676.871","REGO","Nederland","Pays-Bas","2631RR","NOOTDORP","NOOTDORP","STOOMWEG","STOOMWEG","23","","",
"1040.677.168","REGO",,,"1740","Ternat","Ternat","Assesteenweg","Assesteenweg","116A","","",
"1040.677.267","REGO",,,"1740","Ternat","Ternat","Assesteenweg","Assesteenweg","116A","","",
"1040.677.366","REGO",,,"2300","Turnhout","Turnhout","Rubensstraat","Rubensstraat","134","","",
"1040.677.663","REGO",,,"1050","Elsene","Ixelles","Louizalaan","Avenue Louise","367","","",
"1040.677.960","REGO",,,"9041","Gent","Gent","Christiaan Van der Heydenlaan","Christiaan Van der Heydenlaan","2","","",
"1040.678.059","REGO",,,"1785","Merchtem","Merchtem","Nieuwbaan","Nieuwbaan","42","","",
"1040.678.257","REGO",,,"2321","Hoogstraten","Hoogstraten","Terbeeksestraat","Terbeeksestraat","36","","",
"1040.678.851","REGO",,,"9000","Gent","Gent","Bennesteeg","Bennesteeg","23","","",
"1040.679.148","REGO",,,"9000","Gent","Gent","Hoogpoort","Hoogpoort","14","","",
"1040.679.643","REGO",,,"3300","Tienen","Tienen","Galgestraat","Galgestraat","107","","",
"1040.679.940","REGO",,,"9120","Beveren-Kruibeke-Zwijndrecht","Beveren-Kruibeke-Zwijndrecht","Prosper Van Raemdonckstraat(BEV)","Prosper Van Raemdonckstraat(BEV)","27","","",
"1040.680.138","REGO",,,"1050","Brussel","Bruxelles","Louizalaan","Avenue Louise","65","","",
"1040.680.435","REGO",,,"8000","Brugge","Brugge","Marguerite Yourcenarstraat","Marguerite Yourcenarstraat","41","","",
"1040.680.732","REGO",,,"1180","Ukkel","Uccle","Alsembergsesteenweg","Chaussée d'Alsemberg","762","","",
"1040.681.425","REGO",,,"9700","Oudenaarde","Oudenaarde","Misweg","Misweg","24","","",
"1040.681.524","REGO",,,"8800","Roeselare","Roeselare","Koestraat","Koestraat","175A","2.18","",
"1040.681.623","REGO",,,"1435","Mont-Saint-Guibert","Mont-Saint-Guibert","Rue de Namur","Rue de Namur","7","","",
"1040.681.722","REGO",,,"1348","Ottignies-Louvain-la-Neuve","Ottignies-Louvain-la-Neuve","Avenue Jean Monnet","Avenue Jean Monnet","1","","",
"1040.682.019","REGO",,,"6700","Arlon","Arlon","Rue de Neufchâteau","Rue de Neufchâteau","153 b","","",
"1040.682.118","REGO",,,"1210","Sint-Joost-ten-Node","Saint-Josse-ten-Noode","Koning Albert II-laan","Boulevard du Roi Albert II","19","","",
"1040.682.316","REGO",,,"1070","Anderlecht","Anderlecht","Sergeant De Bruynestraat","Rue Sergent De Bruyne","86","","",
"1040.682.415","REGO",,,"1210","Sint-Joost-ten-Node","Saint-Josse-ten-Noode","Koning Albert II-laan","Boulevard du Roi Albert II","19","","",
"1040.682.613","REGO",,,"1421","Braine-l'Alleud","Braine-l'Alleud","Rue Michel Botte","Rue Michel Botte","93","","",
"1040.683.702","REGO",,,"1630","Linkebeek","Linkebeek","Stationsstraat","Rue de la Station","43","1","",
"1040.683.801","REGO",,,"3001","Leuven","Leuven","Vijfbunderstraat","Vijfbunderstraat","9","","",
"1040.683.997","REGO",,,"4340","Awans","Awans","Rue Commandant Naessens","Rue Commandant Naessens","36","A","",
"1040.684.294","REGO",,,"2610","Antwerpen","Antwerpen","Fort 7-straat","Fort 7-straat","11","","",
"1040.684.591","REGO",,,"2300","Turnhout","Turnhout","Kongoplein","Kongoplein","4","","",
"1040.685.086","REGO",,,"1170","Watermaal-Bosvoorde","Watermael-Boitsfort","Giervalkenlaan","Avenue des Gerfauts","10","34","",
"1040.685.185","REGO",,,"8670","Koksijde","Koksijde","Koninklijke Baan(Kok)","Koninklijke Baan(Kok)","185","","",
"1040.685.383","REGO",,,"3300","Tienen","Tienen","Pollepelstraat","Pollepelstraat","9","","",
"1040.685.878","REGO",,,"8560","Wevelgem","Wevelgem","Vliegveld","Vliegveld","21","","",
"1040.686.076","REGO",,,"5100","Namur","Namur","Av. du Bourg. Jean Materne(JB)","Av. du Bourg. Jean Materne(JB)","33/0031","","",
"1040.686.274","REGO",,,"8670","Koksijde","Koksijde","Schoonjachtstraat(Kok)","Schoonjachtstraat(Kok)","3","","",
"1040.686.373","REGO",,,"1030","Schaarbeek","Schaerbeek","Geefsstraat","Rue Geefs","10","","",
"1040.686.571","REGO",,,"1030","Schaarbeek","Schaerbeek","Koninklijke Sinte-Mariastraat","Rue Royale-Sainte-Marie","86","","",
"1040.686.868","REGO",,,"9320","Aalst","Aalst","Keppestraat","Keppestraat","57/11","","",
"1040.686.967","REGO",,,"8670","Koksijde","Koksijde","Koninklijke Baan(Kok)","Koninklijke Baan(Kok)","185","","",
"1040.687.066","REGO",,,"6690","Vielsalm","Vielsalm","Ville-du-Bois","Ville-du-Bois","173","","",
"1040.687.264","REGO",,,"9000","Gent","Gent","Sleepstraat","Sleepstraat","201","","",
"1040.687.363","REGO",,,"4430","Ans","Ans","Rue de l'Yser","Rue de l'Yser","251","32","",
"1040.687.858","REGO",,,"3600","Genk","Genk","Meeënheide","Meeënheide","146","A","",
"1040.687.957","REGO",,,"2180","Antwerpen","Antwerpen","Prinshoeveweg","Prinshoeveweg","125","","",
"1040.688.848","REGO",,,"1082","Sint-Agatha-Berchem","Berchem-Sainte-Agathe","Maricollendreef","Drève des Maricolles","25","","",
"1040.688.947","REGO",,,"1170","Watermaal-Bosvoorde","Watermael-Boitsfort","Charles Michielslaan","Avenue Charles Michiels","174","7","",
"1040.689.145","REGO",,,"8530","Harelbeke","Harelbeke","Hippodroomstraat","Hippodroomstraat","110","","",
"1040.689.244","REGO",,,"7500","Tournai","Tournai","Boulevard Lalaing(TOU)","Boulevard Lalaing(TOU)","2","","",
"1040.689.640","REGO",,,"2990","Wuustwezel","Wuustwezel","Bosduinstraat","Bosduinstraat","135","","",
"1040.689.739","REGO",,,"8810","Lichtervelde","Lichtervelde","Ringlaan","Ringlaan","1","","",
"1040.689.937","REGO",,,"1050","Elsene","Ixelles","Waaglaan","Avenue du Pesage","61/25","","",
"1040.690.135","REGO",,,"9052","Gent","Gent","Technologiepark-Zwijnaarde","Technologiepark-Zwijnaarde","84","","",
"1040.690.234","REGO",,,"3270","Scherpenheuvel-Zichem","Scherpenheuvel-Zichem","Diestsestraat(S)","Diestsestraat(S)","261","","",
"1040.691.125","REGO",,,"2627","Schelle","Schelle","Paepevelden","Paepevelden","31","","",
"1040.691.224","REGO",,,"1348","Ottignies-Louvain-la-Neuve","Ottignies-Louvain-la-Neuve","Rue de la Haute Borne","Rue de la Haute Borne","19","","",
"1040.691.422","REGO",,,"1457","Walhain","Walhain","Rue Chapja(TSL)","Rue Chapja(TSL)","39","","",
"1040.692.016","REGO",,,"6210","Les Bons Villers","Les Bons Villers","Chaussée de Bruxelles(FLG)","Chaussée de Bruxelles(FLG)","569","","",
"1040.692.412","REGO",,,"2630","Aartselaar","Aartselaar","Populierenlaan","Populierenlaan","1","","",
"1040.692.808","REGO",,,"1785","Merchtem","Merchtem","Mieregemstraat","Mieregemstraat","167","","",
"1040.693.303","REGO",,,"2870","Puurs-Sint-Amands","Puurs-Sint-Amands","Breendonk-Dorp","Breendonk-Dorp","23","","",
"1040.693.402","REGO",,,"1060","Sint-Gillis (bij-Brussel)","Saint-Gilles","Jourdanstraat","Rue Jourdan","136","1B3","",
"1040.693.501","REGO",,,"1950","Kraainem","Kraainem","Steenweg op Mechelen","Chaussée de Malines","455","","",
"1040.693.796","REGO",,,"7520","Tournai","Tournai","Rue Cahos(TEM)","Rue Cahos(TEM)","10","","",
"1040.693.994","REGO",,,"1982","Zemst","Zemst","Dynastiestraat","Dynastiestraat","82","","",
"1040.694.093","REGO",,,"1930","Zaventem","Zaventem","Ikaroslaan","Ikaroslaan","1","","",
"1040.694.192","REGO",,,"3450","Geetbets","Geetbets","Araanstraat","Araanstraat","3","","",
"1040.694.390","REGO",,,"8980","Zonnebeke","Zonnebeke","Elleboogstraat","Elleboogstraat","2","","",
"1040.694.489","REGO",,,"1210","Sint-Joost-ten-Node","Saint-Josse-ten-Noode","Victoria Reginaplantsoen","Square Victoria Régina","1","","",
"1040.694.588","REGO",,,"4100","Seraing","Seraing","Rue du Commandant Charlier","Rue du Commandant Charlier","125","","",
"1040.694.687","REGO",,,"2180","Antwerpen","Antwerpen","Bist","Bist","47","","",
"1040.694.786","REGO",,,"3582","Beringen","Beringen","Moestuinstraat","Moestuinstraat","18","","",
"1040.694.885","REGO",,,"8500","Kortrijk","Kortrijk","Burgemeester Nolfstraat(Kor)","Burgemeester Nolfstraat(Kor)","8","","",
"1040.694.984","REGO",,,"9190","Stekene","Stekene","Voorhout(KEM)","Voorhout(KEM)","45","","",
"1040.695.380","REGO",,,"3550","Heusden-Zolder","Heusden-Zolder","Savoerenweg","Savoerenweg","4","","",
"1040.695.479","REGO",,,"3600","Genk","Genk","Schietboomstraat","Schietboomstraat","24","","",
"1040.695.677","REGO",,,"3620","Lanaken","Lanaken","Bilzerbaan","Bilzerbaan","174","","",
"1040.695.776","REGO",,,"5530","Yvoir","Yvoir","Rue des Agauches, Dorinne","Rue des Agauches, Dorinne","2","","",
"1040.695.875","REGO",,,"3001","Leuven","Leuven","Leeuwerikenstraat","Leeuwerikenstraat","55","405","",
"1040.696.073","REGO",,,"1460","Ittre","Ittre","Rue de Fauquez","Rue de Fauquez","18","","",
"1040.696.370","REGO",,,"1640","Sint-Genesius-Rode","Sint-Genesius-Rode","Hof-ten-Hout","Hof-ten-Hout","20","","",
"1040.696.469","REGO",,,"9140","Temse","Temse","Hoogkamerstraat","Hoogkamerstraat","1","7","",
"1040.696.865","REGO",,,"5555","Bièvre","Bièvre","Rue du Rond-Pont, Oizy","Rue du Rond-Pont, Oizy","42","","",
"1040.696.964","REGO",,,"9500","Geraardsbergen","Geraardsbergen","Zavelstraat(Ove)","Zavelstraat(Ove)","98","","",
"1040.697.063","REGO",,,"5500","Dinant","Dinant","Rue de la Station","Rue de la Station","3","","",
"1040.697.360","REGO",,,"1050","Elsene","Ixelles","Voorzittersstraat","Rue du Président","1","","",
"1040.697.459","REGO",,,"1070","Anderlecht","Anderlecht","Victor Rauterstraat","Rue Victor Rauter","251","","",
"1040.697.954","REGO",,,"2018","Antwerpen","Antwerpen","Jan Van Rijswijcklaan","Jan Van Rijswijcklaan","127","201","",
"1040.698.053","REGO",,,"3380","Glabbeek","Glabbeek","Pepinusfortstraat","Pepinusfortstraat","2","","",
"1040.698.152","REGO",,,"6280","Gerpinnes","Gerpinnes","Rue des Dames(ACO)","Rue des Dames(ACO)","2","","",
"1040.698.350","REGO",,,"8790","Waregem","Waregem","Noorderlaan","Noorderlaan","54","","",
"1040.699.142","REGO",,,"8951","Heuvelland","Heuvelland","Koudekotstraat(Dran)","Koudekotstraat(Dran)","19","","",
"1040.699.241","REGO",,,"8953","Heuvelland","Heuvelland","Staanijzerstraat(Wijtsch)","Staanijzerstraat(Wijtsch)","25","","",
"1040.699.637","REGO",,,"7700","Mouscron","Mouscron","Voetbrugstraat","Rue de la Passerelle","45","1A","",
"2.005.955.842","BAET",,,"1210","Sint-Joost-ten-Node","Saint-Josse-ten-Noode","Sint-Lazaruslaan","Boulevard Saint-Lazare","4-10","","",
"2.021.102.391","BAET",,,"3920","Lommel","Lommel","Stationsstraat","Stationsstraat","43","","",
"2.022.163.453","BAET",,,"3900","Pelt","Pelt","Haltstraat","Haltstraat","50","","",
"2.022.368.737","BAET",,,"4540","Amay","Amay","Rue de Biber(AMA)","Rue de Biber(AMA)","1","3","",
"2.041.178.126","BAET",,,"8211","Zedelgem","Zedelgem","Hendrik Baekelandlaan","Hendrik Baekelandlaan","25","","",
"2.053.702.311","BAET",,,"1831","Machelen (Brab.)","Machelen (Brab.)","De Kleetlaan","De Kleetlaan","5","BC","",
"2.055.563.028","BAET",,,"2018","Antwerpen","Antwerpen","Provinciestraat","Provinciestraat","316","","",31-12-2025
"2.057.881.526","BAET",,,"2000","Antwerpen","Antwerpen","Cellebroedersstraat","Cellebroedersstraat","24","201","Tweede verdieping",
"2.069.986.631","BAET",,,"9800","Deinze","Deinze","Oude Heirbaan","Oude Heirbaan","184","","",
"2.070.709.775","BAET",,,"1932","Zaventem","Zaventem","Lenneke Marelaan","Lenneke Marelaan","4","","",
"2.088.220.156","BAET",,,"1380","Lasne","Lasne","Chaussée de Louvain","Chaussée de Louvain","420","","",19-06-2026
"2.088.364.468","BAET",,,"8800","Roeselare","Roeselare","Kwadestraat","Kwadestraat","149","0.1","",19-06-2026
"2.095.036.187","BAET",,,"1180","Ukkel","Uccle","Floréallaan","Avenue de Floréal","156","","",
"2.096.243.541","BAET",,,"3530","Houthalen-Helchteren","Houthalen-Helchteren","Spreeuwenstraat","Spreeuwenstraat","20","","",
"2.098.073.178","BAET",,,"4030","Liège","Liège","Avenue de Péville","Avenue de Péville","317","","",19-06-2026
"2.102.273.179","BAET",,,"2800","Mechelen","Mechelen","Oscar Van Kesbeeckstraat","Oscar Van Kesbeeckstraat","41","203","",
"2.123.437.688","BAET",,,"1360","Perwez","Perwez","Rue des Dizeaux","Rue des Dizeaux","4","","",
"2.132.368.024","BAET",,,"5380","Fernelmont","Fernelmont","Rue Georges Cosse, ZI, Nov.","Rue Georges Cosse, ZI, Nov.","6","boîte A","",
"2.138.735.479","BAET",,,"2440","Geel","Geel","Waterstraat","Waterstraat","9","","",
"2.143.645.758","BAET",,,"9310","Aalst","Aalst","Grote Baan","Grote Baan","248","","",
"2.146.534.378","BAET",,,"4000","Liège","Liège","Clos Chanmurly","Clos Chanmurly","13","","",
"2.152.092.082","BAET",,,"9100","Sint-Niklaas","Sint-Niklaas","Smisstraat","Smisstraat","145","301","",
"2.153.679.518","BAET",,,"7522","Tournai","Tournai","Rue du Mont des Carliers(BL)","Rue du Mont des Carliers(BL)","3","","",
"2.156.831.523","BAET",,,"4130","Esneux","Esneux","Rue des Rochettes","Rue des Rochettes","33","","",
"2.158.228.521","BAET",,,"1210","Sint-Joost-ten-Node","Saint-Josse-ten-Noode","Kunstlaan","Avenue des Arts","19","2","",
"2.158.412.128","BAET",,,"1050","Elsene","Ixelles","Edinburgstraat","Rue d'Edimbourg","26","","",19-06-2026
"2.160.655.105","BAET",,,"9620","Zottegem","Zottegem","Doolbosweg","Doolbosweg","2","","",
"2.165.481.547","BAET",,,"1082","Sint-Agatha-Berchem","Berchem-Sainte-Agathe","Groot-Bijgaardenstraat","Rue de Grand-Bigard","14","","",19-06-2026
"2.168.101.834","BAET",,,"6180","Courcelles","Courcelles","Rue de Charleroi(CO)","Rue de Charleroi(CO)","7","","",
"2.169.444.293","BAET",,,"1060","Sint-Gillis (bij-Brussel)","Saint-Gilles","Maurice Van Meenenplein","Place Maurice Van Meenen","31","A","",
"2.174.202.144","BAET",,,"3540","Herk-de-Stad","Herk-de-Stad","Rummenweg","Rummenweg","30","","",
"2.177.001.286","BAET",,,"1410","Waterloo","Waterloo","Avenue Reine Astrid","Avenue Reine Astrid","76","","",19-06-2026
"2.178.230.119","BAET",,,"8400","Oostende","Oostende","Beukenlaan","Beukenlaan","7","","",
"2.184.482.857","BAET",,,"2900","Schoten","Schoten","Fluitbergstraat","Fluitbergstraat","84","B1","",
"2.187.398.005","BAET",,,"1190","Vorst","Forest","Lusambostraat","Rue de Lusambo","53","","",
"2.188.624.559","BAET",,,"8301","Knokke-Heist","Knokke-Heist","Heistlaan","Heistlaan","427","","",
"2.194.295.495","BAET",,,"1750","Lennik","Lennik","Gustaaf Van der Steenstraat","Gustaaf Van der Steenstraat","166","","",
"2.195.554.814","BAET",,,"3540","Herk-de-Stad","Herk-de-Stad","Doelstraat","Doelstraat","33","","",
"2.203.388.256","BAET",,,"2970","Schilde","Schilde","Turnhoutsebaan","Turnhoutsebaan","314","","",
"2.206.188.190","BAET",,,"8740","Pittem","Pittem","Peerboommolenstraat","Peerboommolenstraat","3","","",
"2.206.661.314","BAET",,,"9080","Lochristi","Lochristi","Dennenhof","Dennenhof","25","","",
"2.207.929.341","BAET",,,"3440","Zoutleeuw","Zoutleeuw","Leeuwerstraat","Leeuwerstraat","3F","","",
"2.208.667.828","BAET",,,"2330","Merksplas","Merksplas","Steenovendreef","Steenovendreef","11","","",
"2.208.892.908","BAET",,,"5670","Viroinval","Viroinval","Rue de Vaucelles, Mazée","Rue de Vaucelles, Mazée","60","","",
"2.209.460.654","BAET",,,"2845","Niel","Niel","Heideplaats","Heideplaats","12","","",
"2.218.222.823","BAET",,,"4000","Liège","Liège","Esplanade Simone VEIL","Esplanade Simone VEIL","1","","",
"2.220.895.865","BAET",,,"1880","Kapelle-op-den-Bos","Kapelle-op-den-Bos","Schuttershofstraat","Schuttershofstraat","29","","Barbara Van Campenhout",
"2.222.871.695","BAET",,,"1082","Sint-Agatha-Berchem","Berchem-Sainte-Agathe","Gentsesteenweg","Chaussée de Gand","1224","","",19-06-2026
"2.225.860.186","BAET",,,"1180","Ukkel","Uccle","François Folielaan","Avenue François Folie","24","6","",
"2.228.421.580","BAET",,,"1040","Etterbeek","Etterbeek","Sint-Pieterssteenweg","Chaussée Saint-Pierre","77","","",
"2.235.145.957","BAET",,,"6200","Châtelet","Châtelet","Rue de la Vallée","Rue de la Vallée","23","","",
"2.237.552.349","BAET",,,"9630","Zwalm","Zwalm","Rekelberg(Roz)","Rekelberg(Roz)","46","","",
"2.238.862.245","BAET",,,"1200","Sint-Lambrechts-Woluwe","Woluwe-Saint-Lambert","Albert-Elisabethlaan","Avenue Albert-Elisabeth","46","","",
"2.241.735.623","BAET",,,"1702","Dilbeek","Dilbeek","Rodenberg","Rodenberg","12","","",
"2.242.298.025","BAET",,,"1180","Ukkel","Uccle","Coghenlaan","Avenue Coghen","117","","",
"2.247.344.104","BAET",,,"7860","Lessines","Lessines","Chemin d'Ath(L)","Chemin d'Ath(L)","21","B","",
"2.247.499.896","BAET",,,"9050","Gent","Gent","Jean Delorilaan","Jean Delorilaan","13","","",
"2.248.599.956","BAET",,,"8000","Brugge","Brugge","Blauwe Poort","Blauwe Poort","96","","",
"2.250.707.430","BAET",,,"6030","Charleroi","Charleroi","Rue de Beaumont","Rue de Beaumont","280","","",
"2.251.776.905","BAET",,,"6150","Anderlues","Anderlues","Rue Debiseau","Rue Debiseau","61","","",
"2.251.939.033","BAET",,,"3640","Kinrooi","Kinrooi","Weertersteenweg (Kin)","Weertersteenweg (Kin)","460","","",
"2.252.146.196","BAET",,,"7700","Mouscron","Mouscron","Voorvrouwenstraat","Rue des Contredames","57","5","",
"2.252.746.509","BAET",,,"1982","Zemst","Zemst","Rubenslaan","Rubenslaan","37","","",
"2.255.175.071","BAET",,,"3360","Bierbeek","Bierbeek","Dageraadlaan","Dageraadlaan","14","","",
"2.255.370.259","BAET",,,"1340","Ottignies-Louvain-la-Neuve","Ottignies-Louvain-la-Neuve","Avenue Reine Astrid","Avenue Reine Astrid","1","","",
"2.259.744.266","BAET",,,"2000","Antwerpen","Antwerpen","Jordaenskaai","Jordaenskaai","25","","",
"2.260.522.246","BAET",,,"9000","Gent","Gent","Donkersteeg","Donkersteeg","28","","",
"2.261.322.891","BAET",,,"9100","Sint-Niklaas","Sint-Niklaas","Reynaertpark","Reynaertpark","195","195","",
"2.262.725.136","BAET",,,"8800","Roeselare","Roeselare","Kwadestraat","Kwadestraat","149","1","",19-06-2026
"2.264.596.048","BAET",,,"1745","Opwijk","Opwijk","Vossestraat(MAZ)","Vossestraat(MAZ)","9","","",
"2.266.135.873","BAET",,,"2620","Hemiksem","Hemiksem","Advokaatstraat","Advokaatstraat","12","","",
"2.270.015.972","BAET",,,"8500","Kortrijk","Kortrijk","Lindenlaan(Kor)","Lindenlaan(Kor)","14","","",
"2.273.195.295","BAET",,,"2650","Edegem","Edegem","Ter Borchtlaan","Ter Borchtlaan","17","","",
"2.274.835.288","BAET",,,"8830","Hooglede","Hooglede","Warden Oomstraat","Warden Oomstraat","2","","",
"2.274.837.961","BAET",,,"9810","Nazareth-De Pinte","Nazareth-De Pinte","Bekaertstraat","Bekaertstraat","14","","",
"2.275.771.933","BAET",,,"1050","Brussel","Bruxelles","Louizalaan","Avenue Louise","231","","",
"2.275.911.097","BAET",,,"3700","Tongeren-Borgloon","Tongeren-Borgloon","Maastrichtersteenweg","Maastrichtersteenweg","194","","",
"2.275.964.052","BAET",,,"1180","Ukkel","Uccle","Colonel Chaltinstraat","Rue Colonel Chaltin","62","","",
"2.278.901.469","BAET",,,"1070","Anderlecht","Anderlecht","Louis van Beethovenstraat","Rue Louis van Beethoven","25","","",19-06-2026
"2.279.828.909","BAET",,,"8490","Jabbeke","Jabbeke","Ter Hauwestraat","Ter Hauwestraat","12","","",
"2.285.529.044","BAET",,,"6870","Saint-Hubert","Saint-Hubert","Rue du Chenêt","Rue du Chenêt","20B","","",
"2.286.400.262","BAET",,,"2200","Herentals","Herentals","Atealaan(HRT)","Atealaan(HRT)","4","G","",
"2.288.070.741","BAET",,,"2400","Mol","Mol","Stokteloopstraat","Stokteloopstraat","64","","Stokteloopstraat 64",
"2.288.648.484","BAET",,,"8760","Tielt","Tielt","Pittemse Binnenweg","Pittemse Binnenweg","36","","Paul Merlevede",
"2.289.396.968","BAET",,,"9950","Lievegem","Lievegem","Veldeken","Veldeken","10","","",
"2.290.880.276","BAET",,,"7141","Morlanwelz","Morlanwelz","Rue de la Rosière(CAR)","Rue de la Rosière(CAR)","12","A","",19-06-2026
"2.292.526.209","BAET",,,"2940","Stabroek","Stabroek","Dorpsstraat","Dorpsstraat","131","","",19-06-2026
"2.295.447.194","BAET",,,"1800","Vilvoorde","Vilvoorde","Stationlei","Stationlei","69","","",19-06-2026
"2.295.721.962","BAET",,,"1070","Anderlecht","Anderlecht","Verzoeningsstraat","Rue de la Conciliation","21","","",
"2.295.790.159","BAET",,,"3550","Heusden-Zolder","Heusden-Zolder","Lochtemanweg","Lochtemanweg","96","/10","",
"2.297.146.575","BAET",,,"8420","De Haan","De Haan","Nieuwe Steenweg","Nieuwe Steenweg","263","101","",
"2.299.905.236","BAET",,,"3500","Hasselt","Hasselt","Bloemenhofstraat","Bloemenhofstraat","10","","",
"2.300.167.928","BAET",,,"7131","Binche","Binche","Rue de Merbes(WAU)","Rue de Merbes(WAU)","217","","",19-06-2026
"2.303.272.621","BAET",,,"3202","Aarschot","Aarschot","Oudenbos","Oudenbos","148","","",
"2.304.102.861","BAET",,,"5190","Jemeppe-sur-Sambre","Jemeppe-sur-Sambre","Rue de l'Aise","Rue de l'Aise","57","","",
"2.304.304.086","BAET",,,"2400","Mol","Mol","Keiheuvelstraat","Keiheuvelstraat","8","","",
"2.304.627.552","BAET",,,"1933","Zaventem","Zaventem","Steenput","Steenput","25","","",
"2.306.150.254","BAET",,,"8340","Damme","Damme","Dorpsstraat","Dorpsstraat","61","A","",
"2.306.330.297","BAET",,,"5310","Eghezée","Eghezée","Tige Caton","Tige Caton","23","","DAUT MURSELJAJ",
"2.307.389.973","BAET",,,"1495","Villers-la-Ville","Villers-la-Ville","Drève de la Curette","Drève de la Curette","6","","",
"2.308.104.706","BAET",,,"1000","Brussel","Bruxelles","Ernest Allardstraat","Rue Ernest Allard","35","B001","",
"2.308.151.622","BAET",,,"2950","Kapellen","Kapellen","Kapelsestraat","Kapelsestraat","31","","",
"2.308.279.009","BAET",,,"6180","Courcelles","Courcelles","Sentier de Souvret(CO)","Sentier de Souvret(CO)","1","","",
"2.309.246.930","BAET",,,"8670","Koksijde","Koksijde","Europaplein(Odk)","Europaplein(Odk)","22","1504","",
"2.310.338.674","BAET",,,"1082","Sint-Agatha-Berchem","Berchem-Sainte-Agathe","Basilieklaan","Avenue de la Basilique","69","","",
"2.310.783.686","BAET",,,"9000","Gent","Gent","Floraliënlaan","Floraliënlaan","11","401","",
"2.311.585.323","BAET",,,"2861","Sint-Katelijne-Waver","Sint-Katelijne-Waver","Mechelbaan","Mechelbaan","17","","",
"2.312.389.136","BAET",,,"9100","Sint-Niklaas","Sint-Niklaas","Koningin Elisabethlaan","Koningin Elisabethlaan","8","","",
"2.312.452.086","BAET",,,"4460","Grâce-Hollogne","Grâce-Hollogne","Rue Vinâve","Rue Vinâve","54","","",
"2.314.069.216","BAET",,,"2460","Kasterlee","Kasterlee","Boskant","Boskant","18","","",
"2.315.296.760","BAET",,,"9420","Erpe-Mere","Erpe-Mere","Nijverheidsstraat","Nijverheidsstraat","128/6","","",
"2.316.674.061","BAET",,,"2800","Mechelen","Mechelen","Hendrik Consciencestraat","Hendrik Consciencestraat","1","b","",
"2.316.871.130","BAET",,,"1930","Zaventem","Zaventem","Da Vincilaan","Da Vincilaan","1","","",19-06-2026
"2.317.542.410","BAET",,,"8000","Brugge","Brugge","Blauwhuisstraat","Blauwhuisstraat","64","","",
"2.318.209.829","BAET",,,"2900","Schoten","Schoten","Lijsterstraat","Lijsterstraat","14","","",
"2.318.997.509","BAET",,,"2890","Puurs-Sint-Amands","Puurs-Sint-Amands","Smissen","Smissen","4","","",
"2.319.073.723","BAET",,,"1730","Asse","Asse","Brusselsesteenweg","Brusselsesteenweg","18","A","",19-06-2026
"2.319.586.635","BAET",,,"5363","Hamois","Hamois","Rue Saint-Martin, Emptinne","Rue Saint-Martin, Emptinne","1","","",
"2.319.966.420","BAET",,,"1380","Lasne","Lasne","Chaussée de Louvain","Chaussée de Louvain","420","","",19-06-2026
"2.320.011.356","BAET",,,"1831","Machelen (Brab.)","Machelen (Brab.)","Hermeslaan","Hermeslaan","9","","",
"2.320.418.558","BAET",,,"2300","Turnhout","Turnhout","Wieltjes","Wieltjes","6","","",
"2.320.917.911","BAET",,,"3960","Bree","Bree","Grauwe Torenwal","Grauwe Torenwal","10/3","1","",
"2.321.262.161","BAET",,,"7800","Ath","Ath","Rue aux Fleurs","Rue aux Fleurs","74","","",
"2.322.681.133","BAET",,,"2970","Schilde","Schilde","Klein Waterstraat","Klein Waterstraat","62","","",
"2.325.719.411","BAET",,,"2960","Brecht","Brecht","Gemeenteplaats","Gemeenteplaats","5","","",
"2.326.398.114","BAET",,,"3000","Leuven","Leuven","Nerviërsstraat","Nerviërsstraat","1","","",
"2.326.624.083","BAET",,,"2820","Bonheiden","Bonheiden","Louis Van Looyplein","Louis Van Looyplein","20","","",
"2.326.858.665","BAET",,,"2650","Edegem","Edegem","Prins Boudewijnlaan","Prins Boudewijnlaan","215","","",
"2.327.916.361","BAET",,,"1070","Anderlecht","Anderlecht","Industrielaan","Boulevard Industriel","9","","",19-06-2026
"2.328.461.244","BAET",,,"1082","Sint-Agatha-Berchem","Berchem-Sainte-Agathe","Groot-Bijgaardenstraat","Rue de Grand-Bigard","14","","",19-06-2026
"2.328.915.164","BAET",,,"6001","Charleroi","Charleroi","Avenue Eugène Mascaux","Avenue Eugène Mascaux","460","","",
"2.329.026.715","BAET",,,"8000","Brugge","Brugge","Ganzenstraat","Ganzenstraat","25","","",
"2.329.704.725","BAET",,,"5660","Couvin","Couvin","Rue Marcel-Moreau","Rue Marcel-Moreau","41","","",
"2.329.967.615","BAET",,,"4801","Verviers","Verviers","Rue Slar","Rue Slar","49","G","",
"2.330.551.494","BAET",,,"1730","Asse","Asse","Brusselsesteenweg","Brusselsesteenweg","18","A","",19-06-2026
"2.330.714.218","BAET",,,"1070","Anderlecht","Anderlecht","Industrielaan","Boulevard Industriel","9","","",19-06-2026
"2.331.573.954","BAET",,,"3980","Tessenderlo-Ham","Tessenderlo-Ham","Ambachtsstraat","Ambachtsstraat","8","","",
"2.331.722.523","BAET",,,"8210","Zedelgem","Zedelgem","Begonialaan","Begonialaan","70","","",
"2.332.971.744","BAET",,,"1200","Sint-Lambrechts-Woluwe","Woluwe-Saint-Lambert","Almawandeling","Promenade de l'Alma","24","B317","",
"2.333.431.703","BAET",,,"2018","Antwerpen","Antwerpen","Grétrystraat","Grétrystraat","1","","",
"2.333.445.856","BAET",,,"1930","Zaventem","Zaventem","Da Vincilaan","Da Vincilaan","1","","",19-06-2026
"2.333.471.986","BAET",,,"3520","Zonhoven","Zonhoven","Vinkenhof","Vinkenhof","15","","",
"2.334.061.510","BAET",,,"8820","Torhout","Torhout","Stijn Streuvelslaan","Stijn Streuvelslaan","6","","",
"2.335.737.234","BAET",,,"1930","Zaventem","Zaventem","Parklaan","Parklaan","7","","",
"2.336.284.887","BAET",,,"1150","Sint-Pieters-Woluwe","Woluwe-Saint-Pierre","Tervurenlaan","Avenue de Tervueren","215","b006","",
"2.336.386.837","BAET",,,"2000","Antwerpen","Antwerpen","Amerikalei","Amerikalei","67a","5","",
"2.336.784.141","BAET",,,"8930","Menen","Menen","Garennestraat","Garennestraat","4","","",
"2.338.815.597","BAET",,,"1050","Elsene","Ixelles","Guillaume Gilbertlaan","Avenue Guillaume Gilbert","14","","",
"2.339.001.976","BAET",,,"2200","Herentals","Herentals","Steenovens(NDW)","Steenovens(NDW)","16","","",
"2.339.014.250","BAET",,,"2270","Herenthout","Herenthout","Punt","Punt","31","","",19-06-2026
"2.339.587.540","BAET",,,"1930","Zaventem","Zaventem","Da Vincilaan","Da Vincilaan","1","","Brussels Airport Corporate Village",19-06-2026
"2.340.412.634","BAET",,,"3960","Bree","Bree","Heerbaan","Heerbaan","5","","",
"2.341.418.464","BAET",,,"8300","Knokke-Heist","Knokke-Heist","Olmendreef","Olmendreef","7","","",
"2.341.901.682","BAET",,,"3200","Aarschot","Aarschot","Langdorpsesteenweg","Langdorpsesteenweg","72","0","SINEPASCAL S",
"2.342.097.167","BAET",,,"1315","Incourt","Incourt","Chaussée de Jodoigne","Chaussée de Jodoigne","22","","",
"2.342.933.248","BAET",,,"1030","Schaarbeek","Schaerbeek","Théodore Rooseveltstraat","Rue Théodore Roosevelt","17","ET01","",
"2.343.751.909","BAET",,,"2400","Mol","Mol","Goorstraat","Goorstraat","27","","",
"2.343.888.402","BAET",,,"1050","Elsene","Ixelles","Louizalaan","Avenue Louise","209A","BOITE 7","",
"2.344.555.425","BAET",,,"3511","Hasselt","Hasselt","Seringenstraat","Seringenstraat","28","","",
"2.344.851.472","BAET",,,"2060","Antwerpen","Antwerpen","Van Wesenbekestraat","Van Wesenbekestraat","17","","",
"2.347.436.523","BAET",,,"1040","Etterbeek","Etterbeek","Philippe Baucqstraat","Rue Philippe Baucq","129","","",19-06-2026
"2.347.719.110","BAET",,,"8700","Tielt","Tielt","Sterrestraat","Sterrestraat","37","","",
"2.348.890.434","BAET",,,"2970","Schilde","Schilde","Picardiëlaan","Picardiëlaan","89","","",19-06-2026
"2.348.906.270","BAET",,,"8800","Roeselare","Roeselare","Kwadestraat","Kwadestraat","149","1","",19-06-2026
"2.349.503.415","BAET",,,"1703","Dilbeek","Dilbeek","Jan De Trochstraat","Jan De Trochstraat","24","","",
"2.349.853.209","BAET",,,"4130","Esneux","Esneux","Avenue d' Esneux","Avenue d' Esneux","61","","",
"2.350.634.256","BAET",,,"1780","Wemmel","Wemmel","Koningin Astridlaan","Avenue Reine Astrid","59B","","",19-06-2026
"2.351.073.825","BAET",,,"7012","Mons","Mons","Rue à Charrettes (Jem. II)","Rue à Charrettes (Jem. II)","26","","",
"2.352.313.940","BAET",,,"1190","Vorst","Forest","Pierre Decosterstraat","Rue Pierre Decoster","110A","","",
"2.353.838.127","BAET",,,"6900","Marche-en-Famenne","Marche-en-Famenne","Marche, Rue Victor Libert","Marche, Rue Victor Libert","36","J","Bâtiment 2 - 2ème étage",
"2.353.963.732","BAET",,,"7850","Enghien","Enghien","Place Pierre Delannoy","Place Pierre Delannoy","80","","",
"2.354.107.153","BAET",,,"1601","Sint-Pieters-Leeuw","Sint-Pieters-Leeuw","Kerkplein","Kerkplein","1","","",
"2.354.346.386","BAET",,,"9240","Zele","Zele","Kamershoek","Kamershoek","36","","",
"2.354.645.997","BAET",,,"3920","Lommel","Lommel","Binnensingel","Binnensingel","31","B","",
"2.354.758.736","BAET",,,"1620","Drogenbos","Drogenbos","W.A. Mozartlaan","Avenue W.A. Mozart","2","","",
"2.355.056.367","BAET",,,"7070","Le Roeulx","Le Roeulx","Rue de Ville(GOT)","Rue de Ville(GOT)","21","","",
"2.355.246.805","BAET",,,"2610","Antwerpen","Antwerpen","Golfstraat","Golfstraat","12","","",
"2.355.591.946","BAET",,,"2240","Zandhoven","Zandhoven","Bruggestraat","Bruggestraat","24B","","",
"2.356.813.651","BAET",,,"8800","Roeselare","Roeselare","Kwadestraat","Kwadestraat","149","0.1","",19-06-2026
"2.356.982.214","BAET",,,"8380","Brugge","Brugge","Kustlaan","Kustlaan","73","401","",
"2.357.079.115","BAET",,,"2491","Balen","Balen","Olmense Markt","Olmense Markt","11","","",19-06-2026
"2.358.027.537","BAET",,,"9870","Zulte","Zulte","Blauwdreef","Blauwdreef","189","","",
"2.359.474.124","BAET",,,"9100","Sint-Niklaas","Sint-Niklaas","Vossekotstraat","Vossekotstraat","172","","",
"2.359.903.694","BAET",,,"4140","Sprimont","Sprimont","Rue de Foccroulle(RVX)","Rue de Foccroulle(RVX)","18","","",
"2.360.079.284","BAET",,,"4000","Liège","Liège","Clos Chanmurly","Clos Chanmurly","13","","",
"2.360.442.243","BAET",,,"2320","Hoogstraten","Hoogstraten","Sint Lenaartseweg","Sint Lenaartseweg","37","","",
"2.361.526.564","BAET",,,"9120","Beveren-Kruibeke-Zwijndrecht","Beveren-Kruibeke-Zwijndrecht","Alixhof(BEV)","Alixhof(BEV)","35","","",
"2.362.826.364","BAET",,,"1000","Brussel","Bruxelles","Parkdreef","Drève du Parc","15","59","",
"2.363.559.507","BAET",,,"2020","Antwerpen","Antwerpen","Volhardingstraat","Volhardingstraat","112","2","",
"2.364.193.668","BAET",,,"7040","Quévy","Quévy","Rue de Bavay(GEN)","Rue de Bavay(GEN)","43","","",
"2.364.417.857","BAET",,,"2018","Antwerpen","Antwerpen","Ballaarstraat","Ballaarstraat","68","1","",19-06-2026
"2.364.855.842","BAET",,,"3550","Heusden-Zolder","Heusden-Zolder","Schobbenberg","Schobbenberg","37","","",
"2.364.902.659","BAET",,,"9100","Sint-Niklaas","Sint-Niklaas","Dendermondse Steenweg","Dendermondse Steenweg","8","","",
"2.365.030.046","BAET",,,"2018","Antwerpen","Antwerpen","Van Schoonbekestraat","Van Schoonbekestraat","166","101","",
"2.365.637.384","BAET",,,"8720","Dentergem","Dentergem","Rogier de Kerchovestraat(Den)","Rogier de Kerchovestraat(Den)","4","","",
"2.365.723.991","BAET",,,"1620","Drogenbos","Drogenbos","Steenweg op Ruisbroek","Chaussée de Ruisbroek","257","","",
"2.365.739.730","BAET",,,"1601","Sint-Pieters-Leeuw","Sint-Pieters-Leeuw","Beemdstraat","Beemdstraat","27","","",19-06-2026
"2.365.890.871","BAET",,,"1090","Jette","Jette","Démosthène Poplimontlaan","Avenue Démosthène Poplimont","58","","",
"2.366.431.103","BAET",,,"1050","Elsene","Ixelles","Louizalaan","Avenue Louise","209","A/7","",19-06-2026
"2.366.807.720","BAET",,,"4250","Geer","Geer","Rue Gérard Waelkens(GR)","Rue Gérard Waelkens(GR)","9","","",19-06-2026
"2.366.811.777","BAET",,,"9820","Merelbeke-Melle","Merelbeke-Melle","Gaversesteenweg","Gaversesteenweg","656","","",
"2.366.950.448","BAET",,,"7301","Boussu","Boussu","Pavé du Buisson(H)","Pavé du Buisson(H)","10","","",
"2.367.752.677","BAET",,,"1060","Sint-Gillis (bij-Brussel)","Saint-Gilles","Spanjestraat","Rue d'Espagne","93","","",
"2.368.452.562","BAET",,,"9050","Gent","Gent","Gaston Crommenlaan","Gaston Crommenlaan","8","","",
"2.368.479.484","BAET",,,"1030","Schaarbeek","Schaerbeek","Kesselsstraat","Rue Kessels","82","3","",
"2.369.058.318","BAET",,,"2640","Mortsel","Mortsel","Ter Varentstraat","Ter Varentstraat","41","","",
"2.370.177.380","BAET",,,"4837","Baelen","Baelen","Rue de la Régence(BLN)","Rue de la Régence(BLN)","5","B","",
"2.370.187.575","BAET",,,"1080","Sint-Jans-Molenbeek","Molenbeek-Saint-Jean","Vrijheidslaan","Avenue de la Liberté","175","","",19-06-2026
"2.370.470.558","BAET",,,"9400","Ninove","Ninove","Ring-Oost","Ring-Oost","12","J","",
"2.370.812.236","BAET",,,"4840","Welkenraedt","Welkenraedt","Rue des Mésanges","Rue des Mésanges","7","","Manuela Lenssen",
"2.372.530.720","BAET",,,"1080","Sint-Jans-Molenbeek","Molenbeek-Saint-Jean","Louis Mettewielaan","Boulevard Louis Mettewie","258","12","",
"2.372.630.391","BAET",,,"1150","Sint-Pieters-Woluwe","Woluwe-Saint-Pierre","van der Meerschenlaan","Avenue van der Meerschen","ZN","","",
"2.372.762.926","BAET",,,"1082","Sint-Agatha-Berchem","Berchem-Sainte-Agathe","Initiatiefplein","Place de l'Initiative","1","","",
"2.372.946.533","BAET",,,"3740","Bilzen-Hoeselt","Bilzen-Hoeselt","Laakstraat","Laakstraat","23","","",
"2.373.192.102","BAET",,,"8490","Jabbeke","Jabbeke","Gistelsteenweg","Gistelsteenweg","232","B","",
"2.373.817.553","BAET",,,"1040","Etterbeek","Etterbeek","Charles Legrellestraat","Rue Charles Legrelle","17","","",
"2.375.744.091","BAET",,,"8560","Wevelgem","Wevelgem","Menenstraat","Menenstraat","415","","",
"2.375.754.088","BAET",,,"1050","Elsene","Ixelles","Marsveldplein","Place du Champ de Mars","5","","",19-06-2026
"2.376.144.563","BAET",,,"1140","Evere","Evere","Edward Stuckensstraat","Rue Edouard Stuckens","110-114","8","Appartement 3.2",
"2.376.712.905","BAET",,,"8800","Roeselare","Roeselare","Kwadestraat","Kwadestraat","149","1","",19-06-2026
"2.378.178.791","BAET",,,"1730","Asse","Asse","Brusselsesteenweg","Brusselsesteenweg","18A","","",19-06-2026
"2.379.697.139","BAET",,,"9870","Zulte","Zulte","Vlaanderenstraat","Vlaanderenstraat","10","","",
"2.379.855.012","BAET",,,"4600","Visé","Visé","Rue Haute(VIS)","Rue Haute(VIS)","46","","",
"2.380.618.045","BAET",,,"2235","Hulshout","Hulshout","Kapelaniestraat","Kapelaniestraat","35","1","",
"2.382.663.656","BAET",,,"2060","Antwerpen","Antwerpen","Rupelstraat","Rupelstraat","49","","",
"2.383.009.094","BAET",,,"3000","Leuven","Leuven","Tiensevest","Tiensevest","194","","",
"2.385.674.616","BAET",,,"8000","Brugge","Brugge","Lauwerstraat","Lauwerstraat","27","","",
"2.386.095.971","BAET",,,"8650","Houthulst","Houthulst","Zarrendreef","Zarrendreef","7","","",
"2.386.139.127","BAET",,,"3550","Heusden-Zolder","Heusden-Zolder","Schansstraat","Schansstraat","30","","",
"2.388.063.784","BAET",,,"1190","Vorst","Forest","Pierre Decosterstraat","Rue Pierre Decoster","77","44","",
"2.388.102.881","BAET",,,"1030","Schaarbeek","Schaerbeek","Huart Hamoirlaan","Avenue Huart Hamoir","83","A","",
"2.388.150.094","BAET",,,"1750","Lennik","Lennik","Joseph Van den Bosschestraat","Joseph Van den Bosschestraat","41","","",
"2.388.323.805","BAET",,,"2100","Antwerpen","Antwerpen","Bisschoppenhoflaan","Bisschoppenhoflaan","438","77","",19-06-2026
"2.388.422.288","BAET",,,"2440","Geel","Geel","Kemeldijk","Kemeldijk","16","","",
"2.388.637.272","BAET",,,"4100","Seraing","Seraing","Avenue des Champs","Avenue des Champs","48","22","",
"2.388.816.624","BAET",,,"2260","Westerlo","Westerlo","Boerenkrijglaan","Boerenkrijglaan","4B","","",
"2.388.904.221","BAET",,,"1780","Wemmel","Wemmel","Koningin Astridlaan","Avenue Reine Astrid","49","","",
"2.389.401.097","BAET",,,"5300","Andenne","Andenne","Rue de l'Eglise Notre-Dame","Rue de l'Eglise Notre-Dame","26","","",
"2.389.908.170","BAET",,,"5620","Florennes","Florennes","Rue de l'Eglise, Hanzinelle","Rue de l'Eglise, Hanzinelle","190","","",
"2.390.364.862","BAET",,,"7301","Boussu","Boussu","Route de Mons","Route de Mons","163","","",
"2.390.395.942","BAET",,,"6032","Charleroi","Charleroi","Rue Haies Germaine","Rue Haies Germaine","3","","",
"2.390.578.262","BAET",,,"4020","Liège","Liège","Rue Docteur-Rasquinet","Rue Docteur-Rasquinet","28","","",
"2.390.711.488","BAET",,,"1560","Hoeilaart","Hoeilaart","Marcel Félicéstraat","Marcel Félicéstraat","19","","GLV",
"2.391.289.629","BAET",,,"2300","Turnhout","Turnhout","Kwakkelstraat","Kwakkelstraat","46","1","",
"2.391.329.419","BAET",,,"1850","Grimbergen","Grimbergen","Beukendreef","Beukendreef","46","","",
"2.391.415.234","BAET",,,"8700","Tielt","Tielt","Pastorijstraat","Pastorijstraat","16","","",
"2.391.452.153","BAET",,,"8760","Tielt","Tielt","Spillebosstraat","Spillebosstraat","1","","",
"2.391.508.076","BAET",,,"3210","Lubbeek","Lubbeek","Dunberg(LUB)","Dunberg(LUB)","20","","",
"2.391.594.881","BAET",,,"1190","Vorst","Forest","Oude Vijversstraat","Rue des Anciens Etangs","11","","",
"2.391.659.417","BAET",,,"1020","Brussel","Bruxelles","Vuurkruisenlaan","Avenue des Croix du Feu","55","","Rohini singh sisodia",
"2.391.716.132","BAET",,,"4300","Waremme","Waremme","Rue de la Campagne","Rue de la Campagne","5","","",
"2.391.716.231","BAET",,,"2200","Herentals","Herentals","Augustijnenlaan(HRT)","Augustijnenlaan(HRT)","82","i","",
"2.391.716.330","BAET",,,"8904","Ieper","Ieper","Molenstraat","Molenstraat","20","B","",
"2.391.716.429","BAET",,,"1060","Sint-Gillis (bij-Brussel)","Saint-Gilles","Schotlandstraat","Rue d'Ecosse","48","RCAR","",
"2.391.716.627","BAET",,,"5100","Namur","Namur","Chaussée de Marche(WD)","Chaussée de Marche(WD)","636","","",
"2.391.716.726","BAET",,,"2560","Nijlen","Nijlen","Korenstraat","Korenstraat","42","","",
"2.391.716.825","BAET",,,"3990","Peer","Peer","Erpekommerweg","Erpekommerweg","61","","",
"2.391.716.924","BAET",,,"4000","Liège","Liège","Rue de-Gueldre","Rue de-Gueldre","12","11","",
"2.391.717.023","BAET",,,"8520","Kuurne","Kuurne","Kerkstraat","Kerkstraat","32","","",
"2.391.717.122","BAET",,,"3940","Hechtel-Eksel","Hechtel-Eksel","Bergstraat","Bergstraat","5","","",
"2.391.717.320","BAET",,,"4460","Grâce-Hollogne","Grâce-Hollogne","Rue Méan","Rue Méan","273","","",
"2.391.717.419","BAET",,,"4360","Oreye","Oreye","Rue des Combattants","Rue des Combattants","48","","",
"2.391.717.518","BAET",,,"9600","Ronse","Ronse","Engelsenlaan","Boulevard des Anglais","304","","",
"2.391.717.617","BAET",,,"8500","Kortrijk","Kortrijk","Beheerstraat(Kor)","Beheerstraat(Kor)","7","21","",
"2.391.717.716","BAET",,,"3200","Aarschot","Aarschot","Elisabethlaan","Elisabethlaan","109","2","",
"2.391.717.815","BAET",,,"9120","Beveren-Kruibeke-Zwijndrecht","Beveren-Kruibeke-Zwijndrecht","Zakdam(BEV)","Zakdam(BEV)","1","","",
"2.391.718.013","BAET",,,"3540","Herk-de-Stad","Herk-de-Stad","Reyerstraat","Reyerstraat","40","","",
"2.391.718.211","BAET",,,"3910","Pelt","Pelt","Jos Verlindenstraat(SHL)","Jos Verlindenstraat(SHL)","96","","",
"2.391.718.409","BAET",,,"4100","Seraing","Seraing","Avenue des Sillons","Avenue des Sillons","77","","",
"2.391.718.508","BAET",,,"5310","Eghezée","Eghezée","Rue des Bruyères,Warêt","Rue des Bruyères,Warêt","148","","",
"2.391.718.607","BAET",,,"3000","Leuven","Leuven","Frans Vermeylenstraat","Frans Vermeylenstraat","4","","",
"2.391.718.805","BAET",,,"2560","Nijlen","Nijlen","Kessel-Dorp","Kessel-Dorp","19","","",
"2.391.718.904","BAET",,,"8490","Jabbeke","Jabbeke","Gistelsteenweg","Gistelsteenweg","82","","",
"2.391.719.003","BAET",,,"8300","Knokke-Heist","Knokke-Heist","Smedenstraat","Smedenstraat","8","","",
"2.391.719.102","BAET",,,"1040","Etterbeek","Etterbeek","Generaal Fivéstraat","Rue Général Fivé","27","G14","",
"2.391.719.201","BAET",,,"2900","Schoten","Schoten","Hermelijnlaan","Hermelijnlaan","28","","",
"2.391.719.397","BAET",,,"6532","Thuin","Thuin","Rue du Calvaire(RAG)","Rue du Calvaire(RAG)","4","","",
"2.391.719.595","BAET",,,"5100","Namur","Namur","Avenue Gouverneur Bovesse(JB)","Avenue Gouverneur Bovesse(JB)","30","8","",
"2.391.719.694","BAET",,,"2370","Arendonk","Arendonk","Akkerstraat","Akkerstraat","75","","",
"2.391.719.793","BAET",,,"4840","Welkenraedt","Welkenraedt","Rue de l'Usine","Rue de l'Usine","2","","",
"2.391.719.892","BAET",,,"4020","Liège","Liège","Rue Surlet","Rue Surlet","60","","",
"2.391.719.991","BAET",,,"4000","Liège","Liège","Rue du Pot-d'Or","Rue du Pot-d'Or","31","","",
"2.391.720.090","BAET",,,"1640","Sint-Genesius-Rode","Sint-Genesius-Rode","Lindestraat","Rue du Tilleul","109","","",
"2.391.720.288","BAET",,,"6600","Bastogne","Bastogne","Rue des Lavandières","Rue des Lavandières","33","","",
"2.391.720.486","BAET",,,"1853","Grimbergen","Grimbergen","Oude Mechelsestraat","Oude Mechelsestraat","140","","",
"2.391.720.585","BAET",,,"8500","Kortrijk","Kortrijk","Walle(Kor)","Walle(Kor)","113","Unit 5","",
"2.391.720.684","BAET",,,"2400","Mol","Mol","Donk","Donk","99","","",
"2.391.720.783","BAET",,,"9950","Lievegem","Lievegem","Arisdonk","Arisdonk","4","","",
"2.391.720.981","BAET",,,"5190","Jemeppe-sur-Sambre","Jemeppe-sur-Sambre","Route d'Eghezée","Route d'Eghezée","58","B","",
"2.391.721.080","BAET",,,"2060","Antwerpen","Antwerpen","Hardenvoort","Hardenvoort","3","2","",
"2.391.721.179","BAET",,,"8553","Zwevegem","Zwevegem","Brouwerijstraat(O)","Brouwerijstraat(O)","21","","",
"2.391.721.278","BAET",,,"2830","Willebroek","Willebroek","Oude Dendermondsestraat","Oude Dendermondsestraat","20","","",
"2.391.721.377","BAET",,,"1300","Wavre","Wavre","Allée de la Chêneraie","Allée de la Chêneraie","8","","",
"2.391.721.476","BAET",,,"5310","Eghezée","Eghezée","Chaussée de Namur,Longchamps","Chaussée de Namur,Longchamps","343","","",
"2.391.721.674","BAET",,,"3680","Maaseik","Maaseik","Opoeterseweg","Opoeterseweg","47","","",
"2.391.721.773","BAET",,,"2040","Antwerpen","Antwerpen","Spaansemolenstraat","Spaansemolenstraat","37","","",
"2.391.722.070","BAET",,,"6240","Farciennes","Farciennes","Rue du Wairchat(FAR)","Rue du Wairchat(FAR)","-","","",
"2.391.722.169","BAET",,,"4020","Liège","Liège","Rue Tour-en-Bêche","Rue Tour-en-Bêche","3","","",
"2.391.722.268","BAET",,,"2000","Antwerpen","Antwerpen","Godefriduskaai","Godefriduskaai","12","V5","",
"2.391.722.367","BAET",,,"6540","Lobbes","Lobbes","Rue du Crombouly","Rue du Crombouly","1","","",
"2.391.722.466","BAET",,,"4910","Theux","Theux","Rue Petit-Jonckeu","Rue Petit-Jonckeu","25D","","",
"2.391.722.565","BAET",,,"1780","Wemmel","Wemmel","Is. Meyskensstraat","Rue Is. Meyskens","222","","",
"2.391.722.664","BAET",,,"6900","Marche-en-Famenne","Marche-en-Famenne","Marche, Boulevard du Nord","Marche, Boulevard du Nord","21","","",
"2.391.722.862","BAET",,,"6220","Fleurus","Fleurus","Avenue de la Gare(FL)","Avenue de la Gare(FL)","70","14","",
"2.391.722.961","BAET",,,"8400","Oostende","Oostende","Gistelsesteenweg","Gistelsesteenweg","347","","",
"2.391.723.060","BAET",,,"3000","Leuven","Leuven","Rijschoolstraat","Rijschoolstraat","31A","302","",
"2.391.723.159","BAET",,,"1401","Nivelles","Nivelles","Rue Maubille","Rue Maubille","35","","",
"2.391.723.258","BAET",,,"2440","Geel","Geel","Dul","Dul","3","","",
"2.391.723.456","BAET",,,"1780","Wemmel","Wemmel","Is. Meyskensstraat","Rue Is. Meyskens","222","","",
"2.391.723.555","BAET",,,"9170","Sint-Gillis-Waas","Sint-Gillis-Waas","Kluizenhof(SGW)","Kluizenhof(SGW)","31","","",
"2.391.723.654","BAET",,,"1180","Ukkel","Uccle","Directoirelaan","Avenue du Directoire","25","","",
"2.391.723.753","BAET",,,"9180","Lokeren","Lokeren","Bloemisterijhof","Bloemisterijhof","2","","",
"2.391.723.852","BAET",,,"3500","Hasselt","Hasselt","Maastrichtersteenweg","Maastrichtersteenweg","27","102","",
"2.391.724.149","BAET",,,"6900","Marche-en-Famenne","Marche-en-Famenne","Marche, Rue des Bouleaux","Marche, Rue des Bouleaux","5","","",
"2.391.724.248","BAET",,,"2180","Antwerpen","Antwerpen","Kattenberg","Kattenberg","137","","",
"2.391.724.347","BAET",,,"7100","La Louvière","La Louvière","Rue de la Loi(L.L)","Rue de la Loi(L.L)","36","","",
"2.391.724.644","BAET",,,"5170","Profondeville","Profondeville","Rue Camille Borbouse(B.V.)","Rue Camille Borbouse(B.V.)","10","","",
"2.391.724.743","BAET",,,"7140","Morlanwelz","Morlanwelz","Chaussée Brunehault(MLZ)","Chaussée Brunehault(MLZ)","245","","",
"2.391.724.842","BAET",,,"1070","Anderlecht","Anderlecht","Georges Moreaustraat","Rue Georges Moreau","29","","",
"2.391.725.040","BAET",,,"9000","Gent","Gent","Gordunakaai","Gordunakaai","14","","",
"2.391.725.238","BAET",,,"1950","Kraainem","Kraainem","Steenweg op Mechelen","Chaussée de Malines","455","1","",
"2.391.725.337","BAET",,,"1480","Tubize","Tubize","Rue de Mons","Rue de Mons","61","","",
"2.391.725.436","BAET",,,"4458","Juprelle","Juprelle","Rue du Flot Guillaume","Rue du Flot Guillaume","5","","",
"2.391.725.535","BAET",,,"9100","Sint-Niklaas","Sint-Niklaas","Knaptandstraat","Knaptandstraat","134+","","",
"2.391.725.733","BAET",,,"1090","Jette","Jette","Jetse Laan","Avenue de Jette","290","","",
"2.391.725.832","BAET",,,"7100","La Louvière","La Louvière","Rue Edouard Anseele(L.L)","Rue Edouard Anseele(L.L)","17","101","",
"2.391.725.931","BAET",,,"9401","Ninove","Ninove","Pollarebaan","Pollarebaan","90","","",
"2.391.726.030","BAET",,,"2800","Mechelen","Mechelen","Schuttersstraat","Schuttersstraat","21","","",
"2.391.726.129","BAET",,,"9200","Dendermonde","Dendermonde","Volaardestraat (STG)","Volaardestraat (STG)","81","","",
"2.391.726.228","BAET",,,"4850","Plombières","Plombières","Rue Langhaag","Rue Langhaag","14","","",
"2.391.726.426","BAET",,,"8380","Brugge","Brugge","Mercatorstraat","Mercatorstraat","7","202","",
"2.391.726.525","BAET",,,"5550","Vresse-sur-Semois","Vresse-sur-Semois","Rue Albert Raty,Vresse","Rue Albert Raty,Vresse","16","","",
"2.391.726.624","BAET",,,"7972","Beloeil","Beloeil","Rue du Sarrazin (Que)","Rue du Sarrazin (Que)","63","B","",
"2.391.726.723","BAET",,,"5670","Viroinval","Viroinval","Rue Neuve, Oignies","Rue Neuve, Oignies","13","","",
"2.391.726.921","BAET",,,"7503","Tournai","Tournai","Rue de l'Innovation (FRY)","Rue de l'Innovation (FRY)","7","","",
"2.391.727.119","BAET",,,"2170","Antwerpen","Antwerpen","Bredabaan","Bredabaan","328","","",
"2.391.727.218","BAET",,,"7180","Seneffe","Seneffe","Rue de Courcelles","Rue de Courcelles","17","","",
"2.391.727.317","BAET",,,"7500","Tournai","Tournai","Chaussée de Douai(TOU)","Chaussée de Douai(TOU)","96","","",
"2.391.727.416","BAET",,,"1000","Brussel","Bruxelles","Van Moerstraat","Rue Van Moer","11","","",
"2.391.727.515","BAET",,,"5190","Jemeppe-sur-Sambre","Jemeppe-sur-Sambre","Rue des Fonds,Balâtre","Rue des Fonds,Balâtre","150","","",
"2.391.727.614","BAET",,,"4960","Malmedy","Malmedy","Avenue des Alliés","Avenue des Alliés","26","","",
"2.391.727.713","BAET",,,"5590","Ciney","Ciney","Rue Edouard Dinot","Rue Edouard Dinot","87","","",
"2.391.728.010","BAET",,,"4470","Saint-Georges-sur-Meuse","Saint-Georges-sur-Meuse","Rue de la Bourse","Rue de la Bourse","10","","",
"2.391.728.208","BAET",,,"9051","Gent","Gent","Stijn Streuvelslaan","Stijn Streuvelslaan","31","","",
"2.391.728.406","BAET",,,"6200","Châtelet","Châtelet","Rue du Calvaire","Rue du Calvaire","1","","",
"2.391.728.505","BAET",,,"2018","Antwerpen","Antwerpen","Hoveniersstraat","Hoveniersstraat","2","564","",
"2.391.728.604","BAET",,,"1030","Schaarbeek","Schaerbeek","Apollosquare","Square Apollo","1","b049","",
"2.391.728.703","BAET",,,"8840","Staden","Staden","Schierveldestraat(ONK)","Schierveldestraat(ONK)","16","","",
"2.391.728.802","BAET",,,"1050","Elsene","Ixelles","Lesbroussartstraat","Rue Lesbroussart","84","SS+R","",
"2.391.728.901","BAET",,,"5650","Walcourt","Walcourt","Rue Vieille Ferme(Cha)","Rue Vieille Ferme(Cha)","14","","",
"2.391.729.097","BAET",,,"3270","Scherpenheuvel-Zichem","Scherpenheuvel-Zichem","Lobbense Molenweg","Lobbense Molenweg","16","","",
"2.391.729.196","BAET",,,"7061","Soignies","Soignies","Chaussée de Bruxelles","Chaussée de Bruxelles","162","A","",
"2.391.729.295","BAET",,,"2400","Mol","Mol","Heistraat","Heistraat","6","","",
"2.391.729.394","BAET",,,"9600","Ronse","Ronse","Scheldekouter","Scheldekouter","275","","",
"2.391.729.493","BAET",,,"5032","Gembloux","Gembloux","Rue d' Alvaux, Bothey","Rue d' Alvaux, Bothey","20","","",
"2.391.729.691","BAET",,,"8490","Jabbeke","Jabbeke","Gistelsteenweg","Gistelsteenweg","334","","",
"2.391.729.790","BAET",,,"8500","Kortrijk","Kortrijk","Grote Kring(Kor)","Grote Kring(Kor)","5","","",
"2.391.729.889","BAET",,,"4180","Hamoir","Hamoir","Rue de Liège","Rue de Liège","31","","",
"2.391.729.988","BAET",,,"1070","Anderlecht","Anderlecht","Scheutlaan","Avenue de Scheut","232","","",
"2.391.730.087","BAET",,,"6600","Bastogne","Bastogne","Rue de Marche","Rue de Marche","63","","",
"2.391.730.186","BAET",,,"1020","Brussel","Bruxelles","Leopold I-straat","Rue Léopold I","234","","",
"2.391.730.285","BAET",,,"7387","Honnelles","Honnelles","Rue du Rat d'Eau (HON)","Rue du Rat d'Eau (HON)","41","","",
"2.391.730.384","BAET",,,"7972","Beloeil","Beloeil","Chaussée Brunehaut (Que)","Chaussée Brunehaut (Que)","412","","",
"2.391.730.582","BAET",,,"1703","Dilbeek","Dilbeek","Vijverweg","Vijverweg","9","","",
"2.391.730.681","BAET",,,"5101","Namur","Namur","Avenue des Dessus de Lives(LO)","Avenue des Dessus de Lives(LO)","8","","",
"2.391.730.780","BAET",,,"9190","Stekene","Stekene","Vlasrootstraat(KEM)","Vlasrootstraat(KEM)","49","","",
"2.391.730.879","BAET",,,"1700","Dilbeek","Dilbeek","Oudesmidsestraat","Oudesmidsestraat","20","","",
"2.391.730.978","BAET",,,"7800","Ath","Ath","Rue Isidore Hoton","Rue Isidore Hoton","23","","",
"2.391.731.077","BAET",,,"1050","Elsene","Ixelles","Livornostraat","Rue de Livourne","105","","",
"2.391.731.176","BAET",,,"6470","Sivry-Rance","Sivry-Rance","Grand Rue","Grand Rue","85","","",
"2.391.731.374","BAET",,,"1070","Anderlecht","Anderlecht","Bergense Steenweg","Chaussée de Mons","189","","",
"2.391.731.473","BAET",,,"1000","Brussel","Bruxelles","Zuidlaan","Boulevard du Midi","95","","",
"2.391.731.572","BAET",,,"4141","Sprimont","Sprimont","Rue de Stinval(LVG)","Rue de Stinval(LVG)","19","b","",
"2.391.731.671","BAET",,,"2170","Antwerpen","Antwerpen","Victor Govaerslaan","Victor Govaerslaan","14","2","",
"2.391.731.869","BAET",,,"2980","Zoersel","Zoersel","Jacobslaan","Jacobslaan","47","","",
"2.391.732.166","BAET",,,"1370","Jodoigne","Jodoigne","Rue Montagne des Aveugles(Jod.)","Rue Montagne des Aveugles(Jod.)","4","","",
"2.391.732.265","BAET",,,"6200","Châtelet","Châtelet","Rue d'Ormont","Rue d'Ormont","224","1","",
"2.391.732.364","BAET",,,"9850","Deinze","Deinze","Warandestraat","Warandestraat","26","","",
"2.391.732.463","BAET",,,"2020","Antwerpen","Antwerpen","Volhardingstraat","Volhardingstraat","71","","",
"2.391.732.562","BAET",,,"1170","Watermaal-Bosvoorde","Watermael-Boitsfort","Hermelijnlaan","Avenue de l'Hermine","40A","","",
"2.391.732.661","BAET",,,"1050","Elsene","Ixelles","Waterleidingsstraat","Rue de l'Aqueduc","119","1e","",
"2.391.732.859","BAET",,,"1332","Rixensart","Rixensart","Avenue Albert Ier","Avenue Albert Ier","253","2","",
"2.391.732.958","BAET",,,"9032","Gent","Gent","Dasstraat","Dasstraat","5","","",
"2.391.733.057","BAET",,,"1050","Elsene","Ixelles","Amerikaanse straat","Rue Américaine","88","","",
"2.391.733.156","BAET",,,"1030","Schaarbeek","Schaerbeek","Diamantlaan","Avenue du Diamant","171","","",
"2.391.733.255","BAET",,,"1400","Nivelles","Nivelles","Rue Samiette","Rue Samiette","1","","",
"2.391.733.354","BAET",,,"6540","Lobbes","Lobbes","Rue de la Station","Rue de la Station","25","","",
"2.391.733.453","BAET",,,"7784","Comines-Warneton","Comines-Warneton","Rijselstraat(WAA)","Rue de Lille(WAR)","53","","",
"2.391.733.552","BAET",,,"9820","Merelbeke-Melle","Merelbeke-Melle","Hundelgemsesteenweg","Hundelgemsesteenweg","101A","","",
"2.391.733.651","BAET",,,"1050","Elsene","Ixelles","Kasteleinsstraat","Rue du Châtelain","40","","",
"2.391.733.750","BAET",,,"4841","Welkenraedt","Welkenraedt","Linde","Linde","2","","",
"2.391.733.849","BAET",,,"2500","Lier","Lier","Berlaarsesteenweg","Berlaarsesteenweg","24","","",
"2.391.733.948","BAET",,,"3630","Maasmechelen","Maasmechelen","Kommelstraat(M)","Kommelstraat(M)","9","","",
"2.391.734.146","BAET",,,"1730","Asse","Asse","Nerviërsstraat","Nerviërsstraat","67","","",
"2.391.734.344","BAET",,,"1000","Brussel","Bruxelles","Wollendriestoren","Rue de la Grosse Tour","3","","",
"2.391.734.443","BAET",,,"8550","Zwevegem","Zwevegem","Harelbeekstraat(Z)","Harelbeekstraat(Z)","169","101","",
"2.391.734.542","BAET",,,"5570","Beauraing","Beauraing","Rue de Bouillon","Rue de Bouillon","30","","",
"2.391.734.641","BAET",,,"7911","Frasnes-lez-Anvaing","Frasnes-lez-Anvaing","Rue Pironche(FB)","Rue Pironche(FB)","9","","",
"2.391.734.740","BAET",,,"8000","Brugge","Brugge","Smedenstraat","Smedenstraat","22","","",
"2.391.734.839","BAET",,,"4460","Grâce-Hollogne","Grâce-Hollogne","Rue des Fonds d'Ivoz","Rue des Fonds d'Ivoz","8","5","",
"2.391.735.136","BAET",,,"2580","Putte","Putte","Bredestraat","Bredestraat","183","","",
"2.391.735.235","BAET",,,"1435","Mont-Saint-Guibert","Mont-Saint-Guibert","Rue Emile Francqui","Rue Emile Francqui","11","","",
"2.391.735.334","BAET",,,"7060","Soignies","Soignies","Ruelle de l'Enfer","Ruelle de l'Enfer","1","","",
"2.391.735.532","BAET",,,"8380","Brugge","Brugge","Dudzeelse Steenweg","Dudzeelse Steenweg","479","","",
"2.391.735.730","BAET",,,"1731","Asse","Asse","Pastoor Evrardlaan","Pastoor Evrardlaan","42","","",
"2.391.735.829","BAET",,,"2990","Wuustwezel","Wuustwezel","Jeroom Beckerlaan","Jeroom Beckerlaan","26","","",
"2.391.735.928","BAET",,,"4122","Neupré","Neupré","Rue des Noisetiers(PLX)","Rue des Noisetiers(PLX)","9","","",
"2.391.736.126","BAET",,,"9000","Gent","Gent","Dendermondsesteenweg","Dendermondsesteenweg","102","E002","",
"2.391.736.225","BAET",,,"1082","Sint-Agatha-Berchem","Berchem-Sainte-Agathe","Groot-Bijgaardenstraat","Rue de Grand-Bigard","14","","",
"2.391.736.324","BAET",,,"1200","Sint-Lambrechts-Woluwe","Woluwe-Saint-Lambert","Guillaume Abelooslaan","Avenue Guillaume Abeloos","8","10","",
"2.391.736.423","BAET",,,"7783","Comines-Warneton","Comines-Warneton","Drie-Bisdommenstraat(Biz)","Rue des Trois-Evêchés(Biz)","11","1","",
"2.391.736.621","BAET",,,"9255","Buggenhout","Buggenhout","Kuitelgem","Kuitelgem","36","","",
"2.391.736.720","BAET",,,"2000","Antwerpen","Antwerpen","Frankrijklei","Frankrijklei","65","","",
"2.391.736.918","BAET",,,"3620","Lanaken","Lanaken","Henri Dunantstraat","Henri Dunantstraat","94","","",
"2.391.737.116","BAET",,,"2610","Antwerpen","Antwerpen","Zwanenlaan","Zwanenlaan","8","","",
"2.391.737.314","BAET",,,"3130","Begijnendijk","Begijnendijk","Haltestraat","Haltestraat","49","22","",
"2.391.737.413","BAET",,,"1060","Sint-Gillis (bij-Brussel)","Saint-Gilles","Morisstraat","Rue Moris","54","2+3","",
"2.391.737.512","BAET",,,"9000","Gent","Gent","Kouter","Kouter","13","","",
"2.391.737.611","BAET",,,"8980","Zonnebeke","Zonnebeke","Paardebosstraat","Paardebosstraat","5","","",
"2.391.737.710","BAET",,,"8600","Diksmuide","Diksmuide","Lekedorpstraat(L)","Lekedorpstraat(L)","49","","",
"2.391.737.809","BAET",,,"4610","Beyne-Heusay","Beyne-Heusay","Rue de la Belle-Fleur","Rue de la Belle-Fleur","12","","",
"2.391.737.908","BAET",,,"2920","Kalmthout","Kalmthout","Beauvoislaan (Heide)","Beauvoislaan (Heide)","98","","",
"2.391.738.007","BAET",,,"2070","Beveren-Kruibeke-Zwijndrecht","Beveren-Kruibeke-Zwijndrecht","Prins Boudewijnstraat","Prins Boudewijnstraat","15","","",
"2.391.738.106","BAET",,,"9320","Aalst","Aalst","Industrielaan","Industrielaan","4","","",
"2.391.738.205","BAET",,,"3530","Houthalen-Helchteren","Houthalen-Helchteren","Edelweisstraat","Edelweisstraat","7","","",
"2.391.738.403","BAET",,,"3870","Heers","Heers","Jan Odeurslaan(M.B.)","Jan Odeurslaan(M.B.)","21","","",
"2.391.738.502","BAET",,,"2650","Edegem","Edegem","Ridder Gerardilaan","Ridder Gerardilaan","64","","",
"2.391.738.601","BAET",,,"3870","Heers","Heers","Jan Odeurslaan(M.B.)","Jan Odeurslaan(M.B.)","21","","",
"2.391.738.797","BAET",,,"7011","Mons","Mons","Rue Richard Stiévenart","Rue Richard Stiévenart","48","","",
"2.391.738.995","BAET",,,"2970","Schilde","Schilde","Beukenlaan","Beukenlaan","50","","",
"2.391.739.094","BAET",,,"2800","Mechelen","Mechelen","Bruul","Bruul","113","102","",
"2.391.739.193","BAET",,,"6120","Ham-sur-Heure-Nalinnes","Ham-sur-Heure-Nalinnes","Allée de la Charmille(HSH)","Allée de la Charmille(HSH)","42","","",
"2.391.739.292","BAET",,,"1470","Genappe","Genappe","Drève Nantaise","Drève Nantaise","15","","",
"2.391.739.391","BAET",,,"1080","Sint-Jans-Molenbeek","Molenbeek-Saint-Jean","Edmond Machtenslaan","Boulevard Edmond Machtens","73","15","",
"2.391.739.490","BAET",,,"8470","Gistel","Gistel","Bruidstraat","Bruidstraat","4","","",
"2.391.739.589","BAET",,,"2018","Antwerpen","Antwerpen","Grotebeerstraat","Grotebeerstraat","2","","",
"2.391.739.688","BAET",,,"3530","Houthalen-Helchteren","Houthalen-Helchteren","Dorpsstraat","Dorpsstraat","5","","",
"2.391.739.787","BAET",,,"9100","Sint-Niklaas","Sint-Niklaas","Hertenstraat","Hertenstraat","100","","",
"2.391.739.886","BAET",,,"2930","Brasschaat","Brasschaat","Magdalenalei","Magdalenalei","57","","",
"2.391.739.985","BAET",,,"2800","Mechelen","Mechelen","Leuvensesteenweg","Leuvensesteenweg","243","","",
"2.391.740.183","BAET",,,"2020","Antwerpen","Antwerpen","Edward Keurvelsstraat","Edward Keurvelsstraat","30","","",
"2.391.740.282","BAET",,,"9030","Gent","Gent","Losweg","Losweg","7","","",
"2.391.740.579","BAET",,,"9840","Nazareth-De Pinte","Nazareth-De Pinte","Lusthof","Lusthof","25","","",
"2.391.740.678","BAET",,,"3500","Hasselt","Hasselt","Oude Kuringerbaan","Oude Kuringerbaan","74","1.01","",
"2.391.740.876","BAET",,,"1200","Sint-Lambrechts-Woluwe","Woluwe-Saint-Lambert","Jean Laudylaan","Avenue Jean Laudy","6","","",
"2.391.740.975","BAET",,,"3200","Aarschot","Aarschot","Pelgrimstraat","Pelgrimstraat","6","","",
"2.391.741.074","BAET",,,"2900","Schoten","Schoten","Zaatstraat","Zaatstraat","104","6","",
"2.391.741.173","BAET",,,"2800","Mechelen","Mechelen","Besterveld(WAL)","Besterveld(WAL)","4","","",
"2.391.741.371","BAET",,,"2630","Aartselaar","Aartselaar","Lindelei","Lindelei","9","","",
"2.391.741.470","BAET",,,"1000","Brussel","Bruxelles","Onderrichtsstraat","Rue de l'Enseignement","58","b007","",
"2.391.741.569","BAET",,,"1050","Elsene","Ixelles","Guillaume Macaulaan","Avenue Guillaume Macau","21","M","",
"2.391.741.668","BAET",,,"2930","Brasschaat","Brasschaat","Hoogboomsteenweg","Hoogboomsteenweg","149","","",
"2.391.741.767","BAET",,,"1500","Halle","Halle","Bergensesteenweg","Bergensesteenweg","502C","","",
"2.391.741.866","BAET",,,"4102","Seraing","Seraing","Rue de la Rose","Rue de la Rose","70","11","",
"2.391.741.965","BAET",,,"2650","Edegem","Edegem","Boniverlei","Boniverlei","100","","",
"2.391.742.064","BAET",,,"4041","Herstal","Herstal","Rue des Fontaines","Rue des Fontaines","2","","",
"2.391.742.163","BAET",,,"1730","Asse","Asse","Gasthuisstraat","Gasthuisstraat","9","10","",
"2.391.742.262","BAET",,,"7000","Mons","Mons","Avenue d'Hyon","Avenue d'Hyon","25","","",
"2.391.742.361","BAET",,,"1000","Brussel","Bruxelles","Anneessensstraat","Rue Anneessens","7","b006","",
"2.391.742.559","BAET",,,"3545","Halen","Halen","Panovenstraat","Panovenstraat","5","","",
"2.391.742.658","BAET",,,"7730","Estaimpuis","Estaimpuis","Rue Reine Astrid(N)","Rue Reine Astrid(N)","258","","",
"2.391.742.757","BAET",,,"8800","Roeselare","Roeselare","Waterdam","Waterdam","24","","",
"2.391.742.856","BAET",,,"9090","Merelbeke-Melle","Merelbeke-Melle","Brusselsesteenweg","Brusselsesteenweg","127A","202","",
"2.391.742.955","BAET",,,"1410","Waterloo","Waterloo","Boulevard de la Cense","Boulevard de la Cense","72","2","",
"2.391.743.153","BAET",,,"7800","Ath","Ath","Rue de France","Rue de France","3","","",
"2.391.743.450","BAET",,,"9000","Gent","Gent","Koningin Elisabethlaan","Koningin Elisabethlaan","110","","",
"2.391.743.549","BAET",,,"4040","Herstal","Herstal","Rue Jules Destrée","Rue Jules Destrée","70","","",
"2.391.743.648","BAET",,,"3940","Hechtel-Eksel","Hechtel-Eksel","Eindhovensebaan","Eindhovensebaan","79","","",
"2.391.743.747","BAET",,,"8570","Anzegem","Anzegem","Oudenaardestraat","Oudenaardestraat","84","","",
"2.391.743.846","BAET",,,"3582","Beringen","Beringen","Orgelwinningstraat","Orgelwinningstraat","98","","",
"2.391.743.945","BAET",,,"3290","Diest","Diest","Nieuwe Dijkstraat","Nieuwe Dijkstraat","36","","",
"2.391.744.044","BAET",,,"3800","Sint-Truiden","Sint-Truiden","Luikersteenweg","Luikersteenweg","377","","",
"2.391.744.143","BAET",,,"9400","Ninove","Ninove","Denderhoutembaan","Denderhoutembaan","155","","",
"2.391.744.242","BAET",,,"3000","Leuven","Leuven","Prosper Poulletlaan","Prosper Poulletlaan","4","104","",
"2.391.744.341","BAET",,,"5630","Cerfontaine","Cerfontaine","Avenue des Hêtres(Cer)","Avenue des Hêtres(Cer)","56","","",
"2.391.744.440","BAET",,,"2100","Antwerpen","Antwerpen","Albert Spietaelslaan","Albert Spietaelslaan","19","101","",
"2.391.744.539","BAET",,,"7300","Boussu","Boussu","Rue de Dour(B-B)","Rue de Dour(B-B)","414","","",
"2.391.744.638","BAET",,,"1780","Wemmel","Wemmel","Koningin Astridlaan","Avenue Reine Astrid","49","","",
"2.391.744.737","BAET",,,"2820","Bonheiden","Bonheiden","Dorp","Dorp","111","","",
"2.391.744.836","BAET",,,"9000","Gent","Gent","Sint-Jacobsnieuwstraat","Sint-Jacobsnieuwstraat","45","","",
"2.391.744.935","BAET",,,"4000","Liège","Liège","Vieille-Voie-de-Tongres","Vieille-Voie-de-Tongres","183","","",
"2.391.745.034","BAET",,,"1000","Brussel","Bruxelles","Priemstraat","Rue du Poinçon","51","101","",
"2.391.745.133","BAET",,,"1700","Dilbeek","Dilbeek","Verheydenstraat","Verheydenstraat","31","","",
"2.391.745.232","BAET",,,"1040","Etterbeek","Etterbeek","de Theuxstraat","Rue de Theux","92 B","","",
"2.391.745.331","BAET",,,"9900","Eeklo","Eeklo","Stationsstraat","Stationsstraat","27","","",
"2.391.745.430","BAET",,,"7012","Mons","Mons","Rue de Cuesmes","Rue de Cuesmes","195","","",
"2.391.745.628","BAET",,,"2811","Mechelen","Mechelen","Bankstraat(HOM)","Bankstraat(HOM)","31","","",
"2.391.745.727","BAET",,,"8501","Kortrijk","Kortrijk","Kransvijver(Heu)","Kransvijver(Heu)","94","","",
"2.391.745.826","BAET",,,"1050","Elsene","Ixelles","Terkamerenboslaan","Avenue du Bois de la Cambre","216","","",
"2.391.745.925","BAET",,,"7370","Dour","Dour","Rue Sainte Catherine","Rue Sainte Catherine","38","Bte1","",
"2.391.746.123","BAET",,,"7170","Manage","Manage","Rue Carondelet","Rue Carondelet","15","","",
"2.391.746.321","BAET",,,"3090","Overijse","Overijse","Biesmuiterlaan","Biesmuiterlaan","32","","",
"2.391.746.420","BAET",,,"1000","Brussel","Bruxelles","Masuistraat","Rue Masui","91-93","","",
"2.391.746.519","BAET",,,"9800","Deinze","Deinze","Buiskouter","Buiskouter","131","","",
"2.391.746.618","BAET",,,"1933","Zaventem","Zaventem","Mechelsesteenweg","Mechelsesteenweg","352","","",
"2.391.746.717","BAET",,,"1180","Ukkel","Uccle","Beeckmanstraat","Rue Beeckman","64","3","",
"2.391.746.816","BAET",,,"1933","Zaventem","Zaventem","Reigerlaan","Reigerlaan","2","","",
"2.391.746.915","BAET",,,"1070","Anderlecht","Anderlecht","Vrije-Academielaan","Avenue Libre Académie","9","2","",
"2.391.747.014","BAET",,,"5000","Namur","Namur","Rue des Résistants(BZ)","Rue des Résistants(BZ)","39","3","",
"2.391.747.113","BAET",,,"3020","Herent","Herent","Lod. van Veltemstraat","Lod. van Veltemstraat","18","","",
"2.391.747.212","BAET",,,"8730","Beernem","Beernem","Lattenklieversstraat","Lattenklieversstraat","130","","",
"2.391.747.311","BAET",,,"4700","Eupen","Eupen","Rue Haute","Rue Haute","120","11","",
"2.391.747.509","BAET",,,"4590","Ouffet","Ouffet","Rue Cuvelier","Rue Cuvelier","1","","",
"2.391.747.905","BAET",,,"8400","Oostende","Oostende","Hendrik Serruyslaan","Hendrik Serruyslaan","64","","",
"2.391.748.004","BAET",,,"1840","Londerzeel","Londerzeel","Leireken","Leireken","19","","",
"2.391.748.301","BAET",,,"9270","Laarne","Laarne","Vaartstraat","Vaartstraat","60","","",
"2.391.748.794","BAET",,,"1080","Sint-Jans-Molenbeek","Molenbeek-Saint-Jean","Le Lorrainstraat","Rue Le Lorrain","98","","",
"2.391.748.893","BAET",,,"2580","Putte","Putte","Zomerlaan","Zomerlaan","4","2","",
"2.391.748.992","BAET",,,"9050","Gent","Gent","Brusselsesteenweg","Brusselsesteenweg","197","","",
"2.391.749.190","BAET",,,"3110","Rotselaar","Rotselaar","Heirbaan","Heirbaan","16","","",
"2.391.749.289","BAET",,,"8570","Anzegem","Anzegem","Nieuwstraat","Nieuwstraat","16","","",
"2.391.749.388","BAET",,,"3650","Dilsen-Stokkem","Dilsen-Stokkem","Wilgenstraat","Wilgenstraat","10","","",
"2.391.749.487","BAET",,,"1420","Braine-l'Alleud","Braine-l'Alleud","Avenue des Tarins","Avenue des Tarins","12","","",
"2.391.749.784","BAET",,,"2000","Antwerpen","Antwerpen","Volkstraat","Volkstraat","42","301","",
"2.391.749.883","BAET",,,"9100","Sint-Niklaas","Sint-Niklaas","Wegvoeringsstraat","Wegvoeringsstraat","61","","",
"2.391.750.081","BAET",,,"8890","Moorslede","Moorslede","Meensesteenweg","Meensesteenweg","244","","",
"2.391.750.279","BAET",,,"3200","Aarschot","Aarschot","Pastoor Dergentlaan","Pastoor Dergentlaan","41","2","",
"2.391.750.378","BAET",,,"3500","Hasselt","Hasselt","Oude Kuringerbaan","Oude Kuringerbaan","70","","",
"2.391.750.477","BAET",,,"7972","Beloeil","Beloeil","Rue du Sarrazin (Que)","Rue du Sarrazin (Que)","4","","",
"2.391.750.576","BAET",,,"7033","Mons","Mons","Avenue de la Grande Barre (C.)","Avenue de la Grande Barre (C.)","148","","",
"2.391.750.675","BAET",,,"1000","Brussel","Bruxelles","Vlaamsesteenweg","Rue de Flandre","26","","",
"2.391.750.774","BAET",,,"1400","Nivelles","Nivelles","Boulevard de la Fleur-de-Lys","Boulevard de la Fleur-de-Lys","13","2","",
"2.391.750.873","BAET",,,"3300","Tienen","Tienen","Nieuw Overlaar(HGD)","Nieuw Overlaar(HGD)","122","","",
"2.391.750.972","BAET",,,"8301","Knokke-Heist","Knokke-Heist","Nicolas Mengélaan","Nicolas Mengélaan","19","A","",
"2.391.751.071","BAET",,,"4651","Herve","Herve","Fays de José","Fays de José","28","","",
"2.391.751.170","BAET",,,"4030","Liège","Liège","Rue de Herve","Rue de Herve","637","","",
"2.391.751.467","BAET",,,"9300","Aalst","Aalst","Pieter Daensstraat","Pieter Daensstraat","4","","",
"2.391.751.665","BAET",,,"7180","Seneffe","Seneffe","Chemin Bois de Buisseret","Chemin Bois de Buisseret","1","","",
"2.391.751.863","BAET",,,"1560","Hoeilaart","Hoeilaart","Marcel Félicéstraat","Marcel Félicéstraat","19","GLV","",
"2.391.751.962","BAET",,,"1030","Schaarbeek","Schaerbeek","Wijnheuvelenstraat","Rue des Coteaux","81","","",
"2.391.752.061","BAET",,,"5300","Andenne","Andenne","Rue des Ecoles","Rue des Ecoles","14A","","",
"2.391.752.160","BAET",,,"1080","Sint-Jans-Molenbeek","Molenbeek-Saint-Jean","François Sebrechtslaan","Avenue François Sebrechts","59","4","",
"2.391.752.457","BAET",,,"1050","Brussel","Bruxelles","Louizalaan","Avenue Louise","231","","",
"2.391.752.556","BAET",,,"3550","Heusden-Zolder","Heusden-Zolder","Kerkebosstraat","Kerkebosstraat","16","","",
"2.391.752.655","BAET",,,"7600","Péruwelz","Péruwelz","Rue du Grand vent","Rue du Grand vent","SN","","",
"2.391.752.754","BAET",,,"1090","Jette","Jette","Herrewegestraat","Rue Herrewege","14","1","",
"2.391.753.051","BAET",,,"8730","Beernem","Beernem","Sint-Jorisstraat","Sint-Jorisstraat","85D","","",
"2.391.753.150","BAET",,,"8470","Gistel","Gistel","Warandestraat","Warandestraat","37","","",
"2.391.753.249","BAET",,,"7641","Antoing","Antoing","Chaussée de Tournai","Chaussée de Tournai","127","","",
"2.391.753.348","BAET",,,"2220","Heist-op-den-Berg","Heist-op-den-Berg","Schaliehoevestraat","Schaliehoevestraat","71","","",
"2.391.753.447","BAET",,,"9040","Gent","Gent","Emiel Lossystraat","Emiel Lossystraat","14","","",
"2.391.753.546","BAET",,,"1332","Rixensart","Rixensart","Rue de Rixensart","Rue de Rixensart","77","","",
"2.391.753.645","BAET",,,"3680","Maaseik","Maaseik","Ven","Ven","62","","",
"2.391.753.744","BAET",,,"7000","Mons","Mons","Digue des Peupliers","Digue des Peupliers","71","B4-2","",
"2.391.753.843","BAET",,,"4030","Liège","Liège","Rue Nicolas-Spiroux","Rue Nicolas-Spiroux","53","","",
"2.391.753.942","BAET",,,"7600","Péruwelz","Péruwelz","Rue du Moulin à Eau(PER)","Rue du Moulin à Eau(PER)","7","","",
"2.391.754.239","BAET",,,"1050","Elsene","Ixelles","Eerlijkheidsstraat","Rue de la Probité","28","3","",
"2.391.754.338","BAET",,,"2170","Antwerpen","Antwerpen","Laarsebaan","Laarsebaan","392","102","",
"2.391.754.437","BAET",,,"7850","Enghien","Enghien","Oude Cederlaan(E)","Avenue du Vieux Cèdre(E)","5","","",
"2.391.754.536","BAET",,,"5590","Ciney","Ciney","Rue de la Côte d'Or","Rue de la Côte d'Or","6","","",
"2.391.754.635","BAET",,,"1190","Vorst","Forest","Alsembergse Steenweg","Chaussée d'Alsemberg","164","1","",
"2.391.754.833","BAET",,,"9620","Zottegem","Zottegem","Trapstraat","Trapstraat","2C","","",
"2.391.754.932","BAET",,,"2100","Antwerpen","Antwerpen","Ter Heydelaan","Ter Heydelaan","344","","",
"2.391.755.031","BAET",,,"3000","Leuven","Leuven","Vaartstraat","Vaartstraat","68","","",
"2.391.755.130","BAET",,,"7021","Mons","Mons","Rue Adonis Descamps","Rue Adonis Descamps","103","","",
"2.391.755.229","BAET",,,"1400","Nivelles","Nivelles","Rue du Bosquet","Rue du Bosquet","7","","",
"2.391.755.328","BAET",,,"1495","Villers-la-Ville","Villers-la-Ville","Rue de Priesmont","Rue de Priesmont","52A","","",
"2.391.755.427","BAET",,,"5060","Sambreville","Sambreville","Rue Trieu-Mélun(VEL)","Rue Trieu-Mélun(VEL)","39","","",
"2.391.755.526","BAET",,,"9100","Sint-Niklaas","Sint-Niklaas","Industriepark-West","Industriepark-West","75","","",
"2.391.755.625","BAET",,,"4890","Thimister-Clermont","Thimister-Clermont","Val de la Berwinne","Val de la Berwinne","3","C","",
"2.391.755.724","BAET",,,"3630","Maasmechelen","Maasmechelen","Oude Baan(E)","Oude Baan(E)","298","C2","",
"2.391.755.823","BAET",,,"2440","Geel","Geel","Stelen","Stelen","9 C","","",
"2.391.756.021","BAET",,,"1080","Sint-Jans-Molenbeek","Molenbeek-Saint-Jean","Gemeenteplaats","Place Communale","2","","",
"2.391.756.120","BAET",,,"8200","Brugge","Brugge","Diksmuidse Heerweg","Diksmuidse Heerweg","86","","",
"2.391.756.318","BAET",,,"7950","Chièvres","Chièvres","Rue Ludger Lapoulle","Rue Ludger Lapoulle","5","B","",
"2.391.756.417","BAET",,,"8500","Kortrijk","Kortrijk","Sint-Denijsestraat(Kor)","Sint-Denijsestraat(Kor)","16","","",
"2.391.756.516","BAET",,,"2060","Antwerpen","Antwerpen","Dambruggestraat","Dambruggestraat","26","","",
"2.391.756.615","BAET",,,"2050","Antwerpen","Antwerpen","Blancefloerlaan","Blancefloerlaan","69","","",
"2.391.756.714","BAET",,,"1200","Sint-Lambrechts-Woluwe","Woluwe-Saint-Lambert","Brand Whitlocklaan","Bd. Brand Whitlock","144","","",
"2.391.756.813","BAET",,,"1090","Jette","Jette","de Moranvillestraat","Rue de Moranville","30","","",
"2.391.756.912","BAET",,,"3650","Dilsen-Stokkem","Dilsen-Stokkem","Rijksweg","Rijksweg","77","3","",
"2.391.757.011","BAET",,,"8460","Oudenburg","Oudenburg","Bellerochelaan","Bellerochelaan","47","","",
"2.391.757.110","BAET",,,"1000","Brussel","Bruxelles","Stalingradlaan","Avenue de Stalingrad","52","","",
"2.391.757.209","BAET",,,"5000","Namur","Namur","Rue Godefroid","Rue Godefroid","55","","",
"2.391.757.407","BAET",,,"8500","Kortrijk","Kortrijk","Loofstraat(Kor)","Loofstraat(Kor)","41","31","",
"2.391.757.803","BAET",,,"3583","Beringen","Beringen","Steengroefstraat","Steengroefstraat","35","","",
"2.391.757.902","BAET",,,"1770","Liedekerke","Liedekerke","Appelboomstraat","Appelboomstraat","53","11","",
"2.391.758.001","BAET",,,"1560","Hoeilaart","Hoeilaart","Zoniënbosstraat","Zoniënbosstraat","20","","",
"2.391.758.197","BAET",,,"2940","Stabroek","Stabroek","Canadalaan","Canadalaan","78","","",
"2.391.758.296","BAET",,,"4950","Waimes","Waimes","Voie de Bütgenbach,Faymonville","Voie de Bütgenbach,Faymonville","17","","",
"2.391.758.395","BAET",,,"4430","Ans","Ans","Rue de l'Yser","Rue de l'Yser","124","","",
"2.391.758.593","BAET",,,"1060","Sint-Gillis (bij-Brussel)","Saint-Gilles","Munthofstraat","Rue de l'Hôtel des Monnaies","19","","",
"2.391.758.692","BAET",,,"4452","Juprelle","Juprelle","Chaussée de Tongres","Chaussée de Tongres","673","","",
"2.391.758.890","BAET",,,"4100","Seraing","Seraing","Rue Lahaut","Rue Lahaut","160","","",
"2.391.759.088","BAET",,,"4460","Grâce-Hollogne","Grâce-Hollogne","Rue Vert-Vinâve","Rue Vert-Vinâve","99","B","",
"2.391.759.187","BAET",,,"1300","Wavre","Wavre","Rue Théophile Piat","Rue Théophile Piat","12","","",
"2.391.759.286","BAET",,,"3001","Leuven","Leuven","Naamsesteenweg","Naamsesteenweg","579","A000","",
"2.391.759.385","BAET",,,"4500","Huy","Huy","Rue des Golettes","Rue des Golettes","23","","",
"2.391.759.484","BAET",,,"5140","Sombreffe","Sombreffe","Rue Désiré-Harzée, Ligny","Rue Désiré-Harzée, Ligny","40","","",
"2.391.759.583","BAET",,,"2480","Dessel","Dessel","Meistraat","Meistraat","109","","",
"2.391.759.682","BAET",,,"1730","Asse","Asse","Gentsesteenweg","Gentsesteenweg","173","","",
"2.391.759.781","BAET",,,"8500","Kortrijk","Kortrijk","Filips van de Elzaslaan(Kor)","Filips van de Elzaslaan(Kor)","20","","",
"2.391.760.078","BAET",,,"1070","Anderlecht","Anderlecht","Pierre Longinstraat","Rue Pierre Longin","2","2","",
"2.391.760.177","BAET",,,"1170","Watermaal-Bosvoorde","Watermael-Boitsfort","Onze-Lieve-Heersbeestjeslaan","Avenue des Coccinelles","67","","",
"2.391.760.276","BAET",,,"8580","Avelgem","Avelgem","Kortrijkstraat","Kortrijkstraat","27","3","",
"2.391.760.375","BAET",,,"1080","Sint-Jans-Molenbeek","Molenbeek-Saint-Jean","Mirtenlaan","Avenue des Myrtes","11","","",
"2.391.760.474","BAET",,,"1070","Anderlecht","Anderlecht","Pierre Longinstraat","Rue Pierre Longin","2","2","",
"2.391.760.573","BAET",,,"9220","Hamme (Vl.)","Hamme (Vl.)","Guillaumestraat","Guillaumestraat","10","A","",
"2.391.760.672","BAET",,,"6220","Fleurus","Fleurus","Rue de Wangenies(FL)","Rue de Wangenies(FL)","47","","",
"2.391.760.771","BAET",,,"7090","Braine-le-Comte","Braine-le-Comte","Chemin des 10 Maisons","Chemin des 10 Maisons","349","","",
"2.391.760.870","BAET",,,"6180","Courcelles","Courcelles","Place Franklin D. Roosevelt(CO)","Place Franklin D. Roosevelt(CO)","56","","",
"2.391.760.969","BAET",,,"2330","Merksplas","Merksplas","Heidestraat","Heidestraat","29","","",
"2.391.761.167","BAET",,,"1081","Koekelberg","Koekelberg","Jetsesteenweg","Chaussée de Jette","264/1","","",
"2.391.761.266","BAET",,,"7860","Lessines","Lessines","Chaussée Gabrielle Richet(L)","Chaussée Gabrielle Richet(L)","227B","","",
"2.391.761.365","BAET",,,"1650","Beersel","Beersel","Constant Bauneweg","Constant Bauneweg","14","","",
"2.391.761.563","BAET",,,"9120","Beveren-Kruibeke-Zwijndrecht","Beveren-Kruibeke-Zwijndrecht","Kruibekesteenweg(MEL)","Kruibekesteenweg(MEL)","171","","",
"2.391.761.662","BAET",,,"2220","Heist-op-den-Berg","Heist-op-den-Berg","L. Carréstraat(HAL)","L. Carréstraat(HAL)","29A","8","",
"2.391.761.761","BAET",,,"1745","Opwijk","Opwijk","Hulst","Hulst","75","","",
"2.391.761.959","BAET",,,"1000","Brussel","Bruxelles","Lievevrouwbroersstraat","Rue des Grands Carmes","10","b011","",
"2.391.762.058","BAET",,,"3350","Linter","Linter","Sint-Kwintensstraat(WOM)","Sint-Kwintensstraat(WOM)","15","","",
"2.391.762.157","BAET",,,"9600","Ronse","Ronse","Olifantstraat","Rue de l'Eléphant","64","","",
"2.391.762.355","BAET",,,"2500","Lier","Lier","Antwerpsesteenweg","Antwerpsesteenweg","351","2","",
"2.391.762.454","BAET",,,"1140","Evere","Evere","Sint-Vincentiusstraat","Rue Saint-Vincent","46","","",
"2.391.762.553","BAET",,,"1500","Halle","Halle","Edingensesteenweg","Edingensesteenweg","196","","",
"2.391.762.652","BAET",,,"9180","Lokeren","Lokeren","de Kerchovestraat","de Kerchovestraat","10/201","","",
"2.391.762.850","BAET",,,"8790","Waregem","Waregem","Gemeenteplein","Gemeenteplein","20/2","","",
"2.391.763.048","BAET",,,"8980","Zonnebeke","Zonnebeke","Beselarestraat","Beselarestraat","180","","",
"2.391.763.246","BAET",,,"7030","Mons","Mons","Avenue Albert-Elisabeth","Avenue Albert-Elisabeth","4","","",
"2.391.763.345","BAET",,,"3620","Lanaken","Lanaken","Koning Albertlaan","Koning Albertlaan","47","","",
"2.391.763.444","BAET",,,"1082","Sint-Agatha-Berchem","Berchem-Sainte-Agathe","Technologiestraat","Rue de la Technologie","55","","",
"2.391.763.543","BAET",,,"3440","Zoutleeuw","Zoutleeuw","Ossenwegstraat","Ossenwegstraat","70","","",
"2.391.763.642","BAET",,,"5380","Fernelmont","Fernelmont","Rue de Meeffe, Hempt.","Rue de Meeffe, Hempt.","3","A","",
"2.391.763.840","BAET",,,"2018","Antwerpen","Antwerpen","Markgravelei","Markgravelei","141","2","",
"2.391.763.939","BAET",,,"1390","Grez-Doiceau","Grez-Doiceau","Chée de la Libération","Chée de la Libération","4","","",
"2.391.764.038","BAET",,,"9940","Evergem","Evergem","Belzeelse Kerkweg","Belzeelse Kerkweg","40","","",
"2.391.764.137","BAET",,,"1190","Vorst","Forest","Oude Vijversstraat","Rue des Anciens Etangs","55","1","",
"2.391.764.236","BAET",,,"6040","Charleroi","Charleroi","Rue Dewiest François","Rue Dewiest François","1","","",
"2.391.764.335","BAET",,,"9840","Nazareth-De Pinte","Nazareth-De Pinte","Louis Van Houttepark","Louis Van Houttepark","27","","",
"2.391.764.434","BAET",,,"2018","Antwerpen","Antwerpen","Brederodestraat","Brederodestraat","32","","",
"2.391.764.632","BAET",,,"2610","Antwerpen","Antwerpen","Heldenplein","Heldenplein","6","","",
"2.391.764.731","BAET",,,"3294","Diest","Diest","Leefkern","Leefkern","28","","",
"2.391.764.830","BAET",,,"3840","Tongeren-Borgloon","Tongeren-Borgloon","Millenniumhof","Millenniumhof","8","101","",
"2.391.764.929","BAET",,,"9450","Haaltert","Haaltert","Hoogstraat(HA)","Hoogstraat(HA)","6","","",
"2.391.765.226","BAET",,,"5030","Gembloux","Gembloux","Av. de la Faculté-d'Agronomie","Av. de la Faculté-d'Agronomie","95","","",
"2.391.765.424","BAET",,,"6890","Libin","Libin","Rue de Maissin,Villance","Rue de Maissin,Villance","126","","",
"2.391.765.523","BAET",,,"3090","Overijse","Overijse","Speelberghof","Speelberghof","21","","",
"2.391.765.622","BAET",,,"3520","Zonhoven","Zonhoven","Nieuwe Hazendansweg","Nieuwe Hazendansweg","2","B","",
"2.391.765.721","BAET",,,"2660","Antwerpen","Antwerpen","Berkenrodelei","Berkenrodelei","68","","",
"2.391.765.820","BAET",,,"1050","Elsene","Ixelles","Waterloose Steenweg","Chaussée de Waterloo","413","","",
"2.391.765.919","BAET",,,"4770","Amel","Amel","Amel,An de Bareer","Amel,An de Bareer","9","","",
"2.391.766.117","BAET",,,"5080","La Bruyère","La Bruyère","Rue Trieux-des-Gouttes, Emines","Rue Trieux-des-Gouttes, Emines","22","","",
"2.391.766.315","BAET",,,"3540","Herk-de-Stad","Herk-de-Stad","Steenweg","Steenweg","3","402","",
"2.391.766.414","BAET",,,"1430","Rebecq","Rebecq","Rue du Radoux","Rue du Radoux","52","","",
"2.391.766.711","BAET",,,"1070","Anderlecht","Anderlecht","Louis van Beethovenstraat","Rue Louis van Beethoven","75","","",
"2.391.766.810","BAET",,,"1083","Ganshoren","Ganshoren","Louis de Brouckèrelaan","avenue Louis de Brouckère","46","","",
"2.391.766.909","BAET",,,"9140","Temse","Temse","Luxemburgstraat","Luxemburgstraat","20","","",
"2.391.767.008","BAET",,,"3980","Tessenderlo-Ham","Tessenderlo-Ham","Hommelbeek","Hommelbeek","39","","",
"2.391.767.206","BAET",,,"8511","Kortrijk","Kortrijk","Oudstrijderslaan(Aal)","Oudstrijderslaan(Aal)","19","","",
"9.001.336.417","ABBR",,,"1300","Wavre","Wavre","Rue Charles Jaumotte","Rue Charles Jaumotte","29","","",19-06-2026
