"EntityNumber","ActivityGroup","NaceVersion","NaceCode","Classification"
"0400.296.531","001","2025","13100","MAIN"
"0400.296.531","001","2025","46412","SECO"
"0400.296.531","001","2003","51410","SECO"
"0400.296.531","001","2003","17110","MAIN"
"0400.296.531","001","2008","46412","SECO"
"0400.296.531","001","2008","13100","MAIN"
"0418.856.292","001","2025","46216","MAIN"
"0418.856.292","001","2003","51210","MAIN"
"0418.856.292","001","2008","46216","MAIN"
"0420.767.687","006","2025","46450","MAIN"
"0420.767.687","001","2025","46499","MAIN"
"0420.767.687","001","2025","46450","SECO"
"0420.767.687","001","2003","51450","SECO"
"0420.767.687","001","2003","51478","MAIN"
"0420.767.687","001","2008","46499","MAIN"
"0420.767.687","001","2008","46450","SECO"
"0421.960.292","001","2025","43350","SECO"
"0421.960.292","001","2025","64210","SECO"
"0421.960.292","001","2025","43333","SECO"
"0421.960.292","001","2025","43342","SECO"
"0421.960.292","001","2025","43341","MAIN"
"0421.960.292","001","2025","68121","SECO"
"0421.960.292","001","2025","68110","SECO"
"0421.960.292","001","2008","68100","SECO"
"0421.960.292","001","2008","41101","SECO"
"0421.960.292","001","2008","43390","SECO"
"0421.960.292","001","2008","64200","SECO"
"0421.960.292","001","2008","43333","SECO"
"0421.960.292","001","2008","43341","MAIN"
"0421.960.292","001","2008","43342","SECO"
"0424.223.263","001","2025","70200","MAIN"
"0424.223.263","001","2008","70220","MAIN"
"0424.463.486","006","2025","68110","MAIN"
"0424.463.486","001","2025","64210","SECO"
"0424.463.486","001","2025","68203","SECO"
"0424.463.486","001","2025","82990","MAIN"
"0424.463.486","001","2025","70100","SECO"
"0424.463.486","001","2025","68110","SECO"
"0424.463.486","001","2008","82990","MAIN"
"0424.463.486","001","2008","68203","SECO"
"0424.463.486","001","2008","70100","SECO"
"0424.463.486","001","2008","64200","SECO"
"0424.463.486","001","2008","68100","SECO"
"0427.357.749","001","2025","96210","MAIN"
"0427.357.749","001","2003","93021","MAIN"
"0427.357.749","001","2008","96021","MAIN"
"0429.015.855","001","2025","69201","MAIN"
"0429.015.855","001","2003","74121","MAIN"
"0429.015.855","001","2008","69202","MAIN"
"0432.680.673","001","2025","71121","MAIN"
"0432.680.673","001","2008","71121","MAIN"
"0433.221.893","001","2025","49410","MAIN"
"0433.221.893","001","2003","60242","MAIN"
"0433.221.893","001","2008","49410","MAIN"
"0439.609.641","006","2025","11050","MAIN"
"0439.609.641","001","2025","46389","MAIN"
"0439.609.641","001","2003","51384","MAIN"
"0439.609.641","001","2008","46389","MAIN"
"0441.626.548","006","2025","86940","MAIN"
"0441.945.064","001","2025","64210","SECO"
"0441.945.064","001","2025","68321","SECO"
"0441.945.064","001","2025","93299","SECO"
"0441.945.064","001","2025","82300","SECO"
"0441.945.064","001","2025","41001","SECO"
"0441.945.064","001","2025","70200","MAIN"
"0441.945.064","001","2025","66199","SECO"
"0441.945.064","001","2025","68310","SECO"
"0441.945.064","001","2025","68110","SECO"
"0441.945.064","001","2008","82300","SECO"
"0441.945.064","001","2008","93299","SECO"
"0441.945.064","001","2008","68311","SECO"
"0441.945.064","001","2008","41201","SECO"
"0441.945.064","001","2008","68100","SECO"
"0441.945.064","001","2008","64200","SECO"
"0441.945.064","001","2008","68321","SECO"
"0441.945.064","001","2008","70220","MAIN"
"0441.945.064","001","2008","66199","SECO"
"0444.614.841","001","2025","73200","MAIN"
"0444.614.841","001","2025","82300","SECO"
"0444.614.841","001","2025","85599","SECO"
"0444.614.841","001","2025","93199","SECO"
"0444.614.841","001","2025","85592","SECO"
"0444.614.841","001","2003","80421","SECO"
"0444.614.841","001","2003","74131","MAIN"
"0444.614.841","001","2003","80424","SECO"
"0444.614.841","001","2003","92623","SECO"
"0444.614.841","001","2003","74872","SECO"
"0444.614.841","001","2008","93199","SECO"
"0444.614.841","001","2008","85599","SECO"
"0444.614.841","001","2008","85592","SECO"
"0444.614.841","001","2008","73200","MAIN"
"0444.614.841","001","2008","82300","SECO"
"0445.481.012","001","2025","16281","MAIN"
"0445.481.012","001","2003","20510","MAIN"
"0445.481.012","001","2008","16291","MAIN"
"0445.484.574","006","2025","68201","MAIN"
"0445.998.179","001","2025","82100","SECO"
"0445.998.179","001","2025","73200","SECO"
"0445.998.179","001","2025","68203","MAIN"
"0445.998.179","001","2025","56210","SECO"
"0445.998.179","001","2003","74131","MAIN"
"0445.998.179","001","2008","68203","MAIN"
"0445.998.179","001","2008","82110","SECO"
"0445.998.179","001","2008","73200","SECO"
"0445.998.179","001","2008","56210","SECO"
"0446.886.720","006","2025","96301","MAIN"
"0446.886.720","001","2025","96301","MAIN"
"0446.886.720","001","2003","93031","MAIN"
"0446.886.720","001","2008","96031","MAIN"
"0448.365.573","001","2025","81220","MAIN"
"0448.365.573","001","2003","74700","MAIN"
"0448.365.573","001","2008","81220","MAIN"
"0448.627.077","001","2025","49410","MAIN"
"0448.627.077","001","2025","38210","SECO"
"0448.627.077","001","2003","37100","SECO"
"0448.627.077","001","2003","60242","MAIN"
"0448.627.077","001","2008","38322","SECO"
"0448.627.077","001","2008","49410","MAIN"
"0448.849.484","001","2025","41001","SECO"
"0448.849.484","001","2025","68121","SECO"
"0448.849.484","001","2025","81300","MAIN"
"0448.849.484","001","2025","43990","SECO"
"0448.849.484","001","2025","43110","SECO"
"0448.849.484","001","2003","45211","SECO"
"0448.849.484","001","2003","45111","SECO"
"0448.849.484","001","2003","70111","MAIN"
"0448.849.484","001","2003","45250","SECO"
"0448.849.484","001","2008","43999","SECO"
"0448.849.484","001","2008","43110","SECO"
"0448.849.484","001","2008","81300","MAIN"
"0448.849.484","001","2008","41101","SECO"
"0448.849.484","001","2008","41201","SECO"
"0448.914.713","001","2025","56301","MAIN"
"0448.914.713","001","2003","55401","MAIN"
"0448.914.713","001","2008","56301","MAIN"
"0449.364.574","006","2025","71209","MAIN"
"0449.364.574","001","2025","68310","MAIN"
"0449.364.574","001","2008","68311","MAIN"
"0452.371.277","001","2025","43350","SECO"
"0452.371.277","001","2025","43310","MAIN"
"0452.371.277","001","2025","43331","SECO"
"0452.371.277","001","2025","47521","SECO"
"0452.371.277","001","2003","45410","MAIN"
"0452.371.277","001","2003","52461","SECO"
"0452.371.277","001","2003","45431","SECO"
"0452.371.277","001","2003","45450","SECO"
"0452.371.277","001","2008","47521","SECO"
"0452.371.277","001","2008","43331","SECO"
"0452.371.277","001","2008","43390","SECO"
"0452.371.277","001","2008","43310","MAIN"
"0452.584.578","006","2025","01500","MAIN"
"0452.584.578","001","2025","01500","MAIN"
"0452.584.578","001","2003","01300","MAIN"
"0452.584.578","001","2008","01500","MAIN"
"0453.218.840","006","2025","95210","MAIN"
"0453.218.840","001","2025","43990","SECO"
"0453.218.840","001","2003","45250","SECO"
"0453.218.840","001","2008","43999","SECO"
"0454.668.890","006","2025","01610","MAIN"
"0454.668.890","001","2025","01610","MAIN"
"0454.668.890","001","2003","01410","MAIN"
"0454.668.890","001","2008","01610","MAIN"
"0455.988.486","001","2025","41001","MAIN"
"0455.988.486","001","2003","45211","MAIN"
"0455.988.486","001","2008","41201","MAIN"
"0460.324.485","001","2025","47820","SECO"
"0460.324.485","001","2025","95311","SECO"
"0460.324.485","001","2025","95315","MAIN"
"0460.324.485","001","2008","45320","SECO"
"0460.324.485","001","2008","45201","SECO"
"0460.324.485","001","2008","45205","MAIN"
"0461.197.485","006","2025","43320","MAIN"
"0461.197.485","001","2025","43320","MAIN"
"0461.197.485","001","2003","45422","SECO"
"0461.197.485","001","2003","45421","MAIN"
"0461.197.485","001","2008","43320","MAIN"
"0461.620.228","006","2025","49410","MAIN"
"0461.620.228","001","2025","52250","SECO"
"0461.620.228","001","2025","52249","SECO"
"0461.620.228","001","2025","52241","MAIN"
"0461.620.228","001","2003","63402","SECO"
"0461.620.228","001","2003","63111","MAIN"
"0461.620.228","001","2003","63112","SECO"
"0461.620.228","001","2008","52241","MAIN"
"0461.620.228","001","2008","52290","SECO"
"0461.620.228","001","2008","52249","SECO"
"0463.665.344","001","2025","46180","SECO"
"0463.665.344","001","2025","47120","SECO"
"0463.665.344","001","2025","47761","SECO"
"0463.665.344","001","2025","62900","MAIN"
"0463.665.344","001","2025","46220","SECO"
"0463.665.344","001","2003","52122","SECO"
"0463.665.344","001","2003","30020","MAIN"
"0463.665.344","001","2003","52483","SECO"
"0463.665.344","001","2003","51180","SECO"
"0463.665.344","001","2003","51220","SECO"
"0463.665.344","001","2008","47191","SECO"
"0463.665.344","001","2008","46220","SECO"
"0463.665.344","001","2008","47761","SECO"
"0463.665.344","001","2008","62090","MAIN"
"0463.665.344","001","2008","46180","SECO"
"0464.606.541","001","2025","16110","SECO"
"0464.606.541","001","2025","46130","SECO"
"0464.606.541","001","2025","16230","SECO"
"0464.606.541","001","2025","46648","MAIN"
"0464.606.541","001","2025","16220","SECO"
"0464.606.541","001","2003","51830","MAIN"
"0464.606.541","001","2008","46640","MAIN"
"0464.606.541","001","2008","16220","SECO"
"0464.606.541","001","2008","46130","SECO"
"0464.606.541","001","2008","16100","SECO"
"0464.606.541","001","2008","16230","SECO"
"0465.667.504","001","2025","46480","SECO"
"0465.667.504","001","2025","32123","MAIN"
"0465.667.504","001","2003","36223","MAIN"
"0465.667.504","001","2003","51474","SECO"
"0465.667.504","001","2008","46480","SECO"
"0465.667.504","001","2008","32123","MAIN"
"0465.938.708","001","2025","18130","MAIN"
"0465.938.708","001","2003","22250","MAIN"
"0465.938.708","001","2008","18130","MAIN"
"0466.875.351","006","2025","46494","MAIN"
"0466.875.351","001","2025","46900","MAIN"
"0466.875.351","001","2025","47789","SECO"
"0466.875.351","001","2025","66199","SECO"
"0466.875.351","001","2003","52498","SECO"
"0466.875.351","001","2003","51900","MAIN"
"0466.875.351","001","2008","47789","SECO"
"0466.875.351","001","2008","66199","SECO"
"0466.875.351","001","2008","46900","MAIN"
"0469.474.654","001","2025","70200","SECO"
"0469.474.654","001","2025","62200","MAIN"
"0469.474.654","001","2003","74142","MAIN"
"0469.474.654","001","2008","70220","SECO"
"0469.474.654","001","2008","62020","MAIN"
"0473.232.019","001","2025","70200","MAIN"
"0473.232.019","001","2003","74142","MAIN"
"0473.232.019","001","2008","70220","MAIN"
"0473.256.466","001","2025","43120","SECO"
"0473.256.466","001","2025","46130","SECO"
"0473.256.466","001","2025","42220","SECO"
"0473.256.466","001","2025","25110","MAIN"
"0473.256.466","001","2025","43222","SECO"
"0473.256.466","001","2003","45112","SECO"
"0473.256.466","001","2003","51130","SECO"
"0473.256.466","001","2003","28110","MAIN"
"0473.256.466","001","2003","45215","SECO"
"0473.256.466","001","2003","45331","SECO"
"0473.256.466","001","2008","25110","MAIN"
"0473.256.466","001","2008","43222","SECO"
"0473.256.466","001","2008","43120","SECO"
"0473.256.466","001","2008","46130","SECO"
"0473.256.466","001","2008","42220","SECO"
"0473.359.802","001","2025","16230","MAIN"
"0473.359.802","001","2003","20300","MAIN"
"0473.359.802","001","2008","16230","MAIN"
"0475.348.993","001","2025","56111","MAIN"
"0475.348.993","001","2025","56210","SECO"
"0475.348.993","001","2003","55522","SECO"
"0475.348.993","001","2003","55301","MAIN"
"0475.348.993","001","2008","56101","MAIN"
"0475.348.993","001","2008","56210","SECO"
"0476.875.160","001","2025","56111","MAIN"
"0476.875.160","001","2003","55301","MAIN"
"0476.875.160","001","2008","56101","MAIN"
"0476.947.515","006","2025","69201","MAIN"
"0476.947.515","001","2025","64210","MAIN"
"0476.947.515","001","2008","64200","MAIN"
"0478.696.483","006","2025","73300","MAIN"
"0478.696.483","001","2025","70200","SECO"
"0478.696.483","001","2025","73300","MAIN"
"0478.696.483","001","2025","59111","SECO"
"0478.696.483","001","2025","73120","SECO"
"0478.696.483","001","2025","73110","SECO"
"0478.696.483","001","2003","74402","SECO"
"0478.696.483","001","2003","74142","SECO"
"0478.696.483","001","2003","74401","SECO"
"0478.696.483","001","2003","92111","SECO"
"0478.696.483","001","2003","74141","MAIN"
"0478.696.483","001","2008","70210","MAIN"
"0478.696.483","001","2008","59111","SECO"
"0478.696.483","001","2008","73110","SECO"
"0478.696.483","001","2008","70220","SECO"
"0478.696.483","001","2008","73120","SECO"
"0479.051.227","001","2025","56301","MAIN"
"0479.051.227","001","2003","55401","MAIN"
"0479.051.227","001","2008","56301","MAIN"
"0480.053.790","001","2025","71111","MAIN"
"0480.053.790","001","2003","74201","MAIN"
"0480.053.790","001","2008","71111","MAIN"
"0480.377.949","001","2025","29202","MAIN"
"0480.377.949","001","2025","25110","SECO"
"0480.377.949","001","2025","33110","SECO"
"0480.377.949","001","2003","34201","SECO"
"0480.377.949","001","2003","28110","MAIN"
"0480.377.949","001","2008","25110","SECO"
"0480.377.949","001","2008","29202","MAIN"
"0480.377.949","001","2008","33110","SECO"
"0500.613.337","006","2025","43410","MAIN"
"0500.613.337","001","2025","43410","MAIN"
"0500.613.337","001","2025","81220","SECO"
"0500.613.337","001","2025","43320","SECO"
"0500.613.337","001","2025","43421","SECO"
"0500.613.337","001","2008","43992","SECO"
"0500.613.337","001","2008","43991","SECO"
"0500.613.337","001","2008","43910","MAIN"
"0500.613.337","001","2008","43320","SECO"
"0500.613.337","001","2008","81220","SECO"
"0501.504.747","006","2025","82990","MAIN"
"0501.504.747","001","2025","94993","SECO"
"0501.504.747","001","2025","70200","MAIN"
"0501.504.747","001","2008","70220","MAIN"
"0501.504.747","001","2008","94993","SECO"
"0501.717.058","006","2025","43211","MAIN"
"0501.717.058","001","2025","43240","MAIN"
"0501.717.058","001","2025","43211","SECO"
"0501.717.058","001","2025","46643","SECO"
"0501.717.058","001","2025","71121","SECO"
"0501.717.058","001","2025","33140","SECO"
"0501.717.058","001","2025","47521","SECO"
"0501.717.058","001","2008","43299","MAIN"
"0501.717.058","001","2008","46693","SECO"
"0501.717.058","001","2008","47521","SECO"
"0501.717.058","001","2008","43211","SECO"
"0501.717.058","001","2008","33140","SECO"
"0501.717.058","001","2008","71121","SECO"
"0502.481.972","001","2025","41001","SECO"
"0502.481.972","001","2025","33140","SECO"
"0502.481.972","001","2025","33120","MAIN"
"0502.481.972","001","2025","33110","SECO"
"0502.481.972","001","2008","33120","MAIN"
"0502.481.972","001","2008","33140","SECO"
"0502.481.972","001","2008","33110","SECO"
"0502.481.972","001","2008","41201","SECO"
"0505.691.583","006","2025","81210","MAIN"
"0505.691.583","001","2025","43211","SECO"
"0505.691.583","001","2025","73110","SECO"
"0505.691.583","001","2025","43222","SECO"
"0505.691.583","001","2025","41001","MAIN"
"0505.691.583","001","2025","43221","SECO"
"0505.691.583","001","2008","43221","SECO"
"0505.691.583","001","2008","43222","SECO"
"0505.691.583","001","2008","41201","MAIN"
"0505.691.583","001","2008","73110","SECO"
"0505.691.583","001","2008","43211","SECO"
"0521.673.027","001","2025","47540","SECO"
"0521.673.027","001","2025","43211","MAIN"
"0521.673.027","001","2025","46140","SECO"
"0521.673.027","001","2008","47540","SECO"
"0521.673.027","001","2008","46140","SECO"
"0521.673.027","001","2008","43211","MAIN"
"0521.673.522","001","2025","56112","SECO"
"0521.673.522","001","2025","93299","SECO"
"0521.673.522","001","2025","82300","SECO"
"0521.673.522","001","2025","56210","SECO"
"0521.673.522","001","2025","55100","MAIN"
"0521.673.522","001","2008","55100","MAIN"
"0521.673.522","001","2008","56102","SECO"
"0521.673.522","001","2008","56210","SECO"
"0521.673.522","001","2008","82300","SECO"
"0521.673.522","001","2008","93299","SECO"
"0524.741.591","001","2025","69201","MAIN"
"0524.741.591","001","2008","69202","MAIN"
"0527.926.260","001","2025","56111","MAIN"
"0527.926.260","001","2008","56101","MAIN"
"0535.597.772","006","2025","41001","MAIN"
"0535.597.772","001","2025","41002","SECO"
"0535.597.772","001","2025","41001","SECO"
"0535.597.772","001","2025","41003","SECO"
"0535.597.772","001","2025","43910","MAIN"
"0535.597.772","001","2025","43990","SECO"
"0535.597.772","001","2025","71121","SECO"
"0535.597.772","001","2008","43995","SECO"
"0535.597.772","001","2008","43999","SECO"
"0535.597.772","001","2008","71121","SECO"
"0535.597.772","001","2008","43994","MAIN"
"0535.597.772","001","2008","41201","SECO"
"0535.597.772","001","2008","41202","SECO"
"0535.597.772","001","2008","41203","SECO"
"0536.214.119","001","2025","46500","MAIN"
"0536.214.119","001","2008","46510","MAIN"
"0536.754.745","001","2025","81300","SECO"
"0536.754.745","001","2025","81230","SECO"
"0536.754.745","001","2025","43990","MAIN"
"0536.754.745","001","2008","81300","SECO"
"0536.754.745","001","2008","43999","MAIN"
"0536.754.745","001","2008","81290","SECO"
"0541.653.938","001","2025","68321","MAIN"
"0541.653.938","001","2025","68310","SECO"
"0541.653.938","001","2008","68311","SECO"
"0541.653.938","001","2008","68321","MAIN"
"0542.570.488","001","2025","47789","MAIN"
"0542.570.488","001","2008","47789","MAIN"
"0547.657.050","006","2025","56111","MAIN"
"0547.657.050","001","2025","56301","MAIN"
"0547.657.050","001","2008","56301","MAIN"
"0548.892.811","001","2025","82400","SECO"
"0548.892.811","001","2025","74999","SECO"
"0548.892.811","001","2025","52250","MAIN"
"0548.892.811","001","2025","82990","SECO"
"0548.892.811","001","2025","52260","SECO"
"0548.892.811","001","2008","79909","SECO"
"0548.892.811","001","2008","74909","SECO"
"0548.892.811","001","2008","52290","MAIN"
"0548.892.811","001","2008","82990","SECO"
"0552.524.866","001","2025","56111","MAIN"
"0552.524.866","001","2025","56112","SECO"
"0552.524.866","001","2008","56101","MAIN"
"0552.524.866","001","2008","56102","SECO"
"0552.764.396","001","2025","43120","SECO"
"0552.764.396","001","2025","49420","SECO"
"0552.764.396","001","2025","17120","MAIN"
"0552.764.396","001","2008","49420","SECO"
"0552.764.396","001","2008","43120","SECO"
"0552.764.396","001","2008","17120","MAIN"
"0553.791.311","006","2025","62200","MAIN"
"0553.791.311","001","2025","70200","SECO"
"0553.791.311","001","2025","73300","MAIN"
"0553.791.311","001","2025","85599","SECO"
"0553.791.311","001","2025","63920","SECO"
"0553.791.311","001","2025","82990","SECO"
"0553.791.311","001","2008","70220","SECO"
"0553.791.311","001","2008","85599","SECO"
"0553.791.311","001","2008","70210","MAIN"
"0553.791.311","001","2008","63990","SECO"
"0553.791.311","001","2008","82990","SECO"
"0557.931.033","001","2025","95240","SECO"
"0557.931.033","001","2025","31001","MAIN"
"0557.931.033","001","2008","31010","MAIN"
"0557.931.033","001","2008","95240","SECO"
"0559.998.915","006","2025","46474","MAIN"
"0559.998.915","001","2025","46643","MAIN"
"0559.998.915","001","2025","77221","SECO"
"0559.998.915","001","2025","43212","SECO"
"0559.998.915","001","2025","47552","SECO"
"0559.998.915","001","2025","43211","SECO"
"0559.998.915","001","2025","71121","SECO"
"0559.998.915","001","2008","77291","SECO"
"0559.998.915","001","2008","46693","MAIN"
"0559.998.915","001","2008","71121","SECO"
"0559.998.915","001","2008","47592","SECO"
"0559.998.915","001","2008","43212","SECO"
"0559.998.915","001","2008","43211","SECO"
"0568.562.728","001","2025","49410","MAIN"
"0568.562.728","001","2025","47784","SECO"
"0568.562.728","001","2008","47786","SECO"
"0568.562.728","001","2008","49410","MAIN"
"0588.948.564","006","2025","97000","MAIN"
"0598.960.944","006","2025","53200","MAIN"
"0598.960.944","001","2025","53200","MAIN"
"0598.960.944","001","2008","53200","MAIN"
"0599.770.893","001","2025","46130","SECO"
"0599.770.893","001","2025","43211","MAIN"
"0599.770.893","001","2025","81300","SECO"
"0599.770.893","001","2025","41001","SECO"
"0599.770.893","001","2025","46831","SECO"
"0599.770.893","001","2025","53200","SECO"
"0599.770.893","001","2025","22240","SECO"
"0599.770.893","001","2025","43331","SECO"
"0599.770.893","001","2008","53200","SECO"
"0599.770.893","001","2008","46130","SECO"
"0599.770.893","001","2008","46731","SECO"
"0599.770.893","001","2008","41201","SECO"
"0599.770.893","001","2008","22230","SECO"
"0599.770.893","001","2008","43331","SECO"
"0599.770.893","001","2008","81300","SECO"
"0599.770.893","001","2008","43211","MAIN"
"0631.862.948","001","2025","93123","SECO"
"0631.862.948","001","2025","56112","MAIN"
"0631.862.948","001","2008","93123","SECO"
"0631.862.948","001","2008","56102","MAIN"
"0633.604.691","001","2025","43120","SECO"
"0633.604.691","001","2025","43211","MAIN"
"0633.604.691","001","2008","43120","SECO"
"0633.604.691","001","2008","43211","MAIN"
"0633.854.517","006","2025","47241","MAIN"
"0633.854.517","001","2025","46190","MAIN"
"0633.854.517","001","2008","46190","MAIN"
"0635.646.839","006","2025","43320","MAIN"
"0635.646.839","001","2025","70200","MAIN"
"0635.646.839","001","2008","70220","MAIN"
"0637.057.002","001","2025","01130","MAIN"
"0637.057.002","001","2003","01121","MAIN"
"0637.057.002","001","2008","01130","MAIN"
"0639.725.787","006","2025","43341","MAIN"
"0639.725.787","001","2025","43341","MAIN"
"0639.725.787","001","2025","47526","SECO"
"0639.725.787","001","2008","43341","MAIN"
"0639.725.787","001","2008","47526","SECO"
"0644.576.381","006","2025","52241","MAIN"
"0644.576.381","001","2025","52241","SECO"
"0644.576.381","001","2025","58190","MAIN"
"0644.576.381","001","2008","58190","MAIN"
"0644.576.381","001","2008","52241","SECO"
"0647.680.480","001","2025","56111","MAIN"
"0647.680.480","001","2008","56101","MAIN"
"0647.978.806","001","2025","46474","MAIN"
"0647.978.806","001","2025","46643","SECO"
"0647.978.806","001","2008","46693","SECO"
"0647.978.806","001","2008","46473","MAIN"
"0651.772.890","001","2025","82990","MAIN"
"0651.772.890","001","2008","82990","MAIN"
"0656.391.179","001","2025","56111","MAIN"
"0656.391.179","001","2025","56210","SECO"
"0656.391.179","001","2003","55301","MAIN"
"0656.391.179","001","2003","55522","SECO"
"0656.391.179","001","2008","56101","MAIN"
"0656.391.179","001","2008","56210","SECO"
"0657.802.728","001","2025","43350","SECO"
"0657.802.728","001","2025","41001","MAIN"
"0657.802.728","001","2008","41201","MAIN"
"0657.802.728","001","2008","43390","SECO"
"0657.973.863","006","2025","56112","MAIN"
"0657.973.863","001","2025","56112","MAIN"
"0659.969.192","001","2025","81230","SECO"
"0659.969.192","001","2025","46499","SECO"
"0659.969.192","001","2025","85599","SECO"
"0659.969.192","001","2025","47559","SECO"
"0659.969.192","001","2025","52210","MAIN"
"0659.969.192","001","2008","52210","MAIN"
"0659.969.192","001","2008","47599","SECO"
"0659.969.192","001","2008","46499","SECO"
"0659.969.192","001","2008","85599","SECO"
"0659.969.192","001","2008","81290","SECO"
"0660.832.096","006","2025","49410","MAIN"
"0660.832.096","001","2025","70200","SECO"
"0660.832.096","001","2025","90111","SECO"
"0660.832.096","001","2025","85599","MAIN"
"0660.832.096","001","2025","96999","SECO"
"0660.832.096","001","2008","96099","SECO"
"0660.832.096","001","2008","70220","SECO"
"0660.832.096","001","2008","90031","SECO"
"0660.832.096","001","2008","85599","MAIN"
"0661.552.470","001","2025","01309","SECO"
"0661.552.470","001","2025","01610","SECO"
"0661.552.470","001","2025","01290","SECO"
"0661.552.470","001","2025","81300","MAIN"
"0661.552.470","001","2025","01110","SECO"
"0661.552.470","001","2025","01130","SECO"
"0661.552.470","001","2025","01500","SECO"
"0661.552.470","001","2003","01410","MAIN"
"0661.552.470","001","2008","01130","SECO"
"0661.552.470","001","2008","01290","SECO"
"0661.552.470","001","2008","01500","SECO"
"0661.552.470","001","2008","01309","SECO"
"0661.552.470","001","2008","81300","MAIN"
"0661.552.470","001","2008","01110","SECO"
"0661.552.470","001","2008","01610","SECO"
"0661.826.644","001","2025","47789","MAIN"
"0661.826.644","001","2008","47789","MAIN"
"0661.956.803","006","2025","85510","MAIN"
"0662.684.994","006","2025","96210","MAIN"
"0662.684.994","001","2025","96210","MAIN"
"0662.684.994","001","2008","96021","MAIN"
"0662.938.679","001","2025","56112","MAIN"
"0662.938.679","001","2025","82300","SECO"
"0662.938.679","001","2025","85599","SECO"
"0662.938.679","001","2008","82300","SECO"
"0662.938.679","001","2008","56102","MAIN"
"0662.938.679","001","2008","85599","SECO"
"0663.855.132","001","2025","11050","SECO"
"0663.855.132","001","2025","47252","MAIN"
"0663.855.132","001","2008","47252","MAIN"
"0663.855.132","001","2008","11050","SECO"
"0664.281.041","001","2025","46180","SECO"
"0664.281.041","001","2025","47811","MAIN"
"0664.281.041","001","2025","95311","SECO"
"0664.281.041","001","2003","50103","MAIN"
"0664.281.041","001","2003","50200","SECO"
"0664.281.041","001","2008","45112","SECO"
"0664.281.041","001","2008","45201","SECO"
"0664.281.041","001","2008","45113","MAIN"
"0665.881.244","006","2025","46869","MAIN"
"0665.881.244","001","2025","70100","SECO"
"0665.881.244","001","2025","73110","SECO"
"0665.881.244","001","2025","46869","MAIN"
"0665.881.244","001","2008","73110","SECO"
"0665.881.244","001","2008","70100","SECO"
"0665.881.244","001","2008","46769","MAIN"
"0667.669.410","001","2025","47110","MAIN"
"0667.669.410","001","2008","47113","MAIN"
"0667.860.440","006","2025","41001","MAIN"
"0667.860.440","001","2025","43211","MAIN"
"0667.860.440","001","2025","43410","SECO"
"0667.860.440","001","2025","62200","SECO"
"0667.860.440","001","2025","43222","SECO"
"0667.860.440","001","2008","43910","SECO"
"0667.860.440","001","2008","43211","MAIN"
"0667.860.440","001","2008","43222","SECO"
"0667.860.440","001","2008","62020","SECO"
"0670.177.156","001","2025","66220","SECO"
"0670.177.156","001","2008","66220","MAIN"
"0673.801.788","001","2025","56111","MAIN"
"0673.801.788","001","2008","56101","MAIN"
"0674.742.094","006","2025","56301","MAIN"
"0674.742.094","001","2025","56301","MAIN"
"0674.940.450","006","2025","69201","MAIN"
"0674.940.450","001","2025","69201","MAIN"
"0674.940.450","001","2008","69202","MAIN"
"0675.184.435","001","2025","10712","MAIN"
"0675.184.435","001","2003","15812","MAIN"
"0675.184.435","001","2008","10712","MAIN"
"0675.536.605","001","2025","70200","SECO"
"0675.536.605","001","2025","56111","MAIN"
"0675.536.605","001","2025","56210","SECO"
"0675.536.605","001","2008","70220","SECO"
"0675.536.605","001","2008","56210","SECO"
"0675.536.605","001","2008","56101","MAIN"
"0677.729.496","001","2025","10711","MAIN"
"0677.729.496","001","2025","47241","SECO"
"0677.729.496","001","2008","47241","SECO"
"0677.729.496","001","2008","10711","MAIN"
"0677.909.937","006","2025","43211","MAIN"
"0677.909.937","001","2025","61200","SECO"
"0677.909.937","001","2025","61100","MAIN"
"0677.909.937","001","2008","61300","SECO"
"0677.909.937","001","2008","61900","SECO"
"0677.909.937","001","2008","61200","SECO"
"0677.909.937","001","2008","61100","MAIN"
"0678.577.950","001","2025","63100","SECO"
"0678.577.950","001","2025","62100","SECO"
"0678.577.950","001","2025","62200","MAIN"
"0678.577.950","001","2025","47400","SECO"
"0678.577.950","001","2025","46500","SECO"
"0678.577.950","001","2008","62010","SECO"
"0678.577.950","001","2008","63110","SECO"
"0678.577.950","001","2008","46510","SECO"
"0678.577.950","001","2008","62030","SECO"
"0678.577.950","001","2008","62020","MAIN"
"0678.577.950","001","2008","47410","SECO"
"0678.604.278","001","2025","56111","MAIN"
"0678.604.278","001","2025","56220","SECO"
"0678.604.278","001","2008","56290","SECO"
"0678.604.278","001","2008","56101","MAIN"
"0679.677.713","006","2025","47721","MAIN"
"0679.677.713","001","2025","47120","SECO"
"0679.677.713","001","2025","47721","MAIN"
"0680.587.335","001","2025","43350","SECO"
"0680.587.335","001","2025","81210","SECO"
"0680.587.335","001","2025","43120","MAIN"
"0680.587.335","001","2008","43390","SECO"
"0680.587.335","001","2008","43120","MAIN"
"0680.587.335","001","2008","81210","SECO"
"0683.496.939","006","2025","69201","MAIN"
"0683.496.939","001","2025","69201","MAIN"
"0683.496.939","001","2008","69202","MAIN"
"0684.677.072","006","2025","43211","MAIN"
"0684.677.072","001","2025","43120","SECO"
"0684.677.072","001","2025","33200","MAIN"
"0684.677.072","001","2008","43120","SECO"
"0684.677.072","001","2008","33200","MAIN"
"0685.381.610","001","2025","43310","MAIN"
"0685.381.610","001","2008","43310","MAIN"
"0686.307.761","001","2025","47512","MAIN"
"0686.307.761","001","2025","82990","SECO"
"0686.307.761","001","2003","52410","MAIN"
"0686.307.761","001","2008","82990","SECO"
"0686.307.761","001","2008","47512","MAIN"
"0686.574.710","001","2025","56301","MAIN"
"0686.574.710","001","2025","90311","SECO"
"0686.574.710","001","2008","56301","MAIN"
"0686.574.710","001","2008","90041","SECO"
"0689.618.332","001","2025","43230","SECO"
"0689.618.332","001","2025","43410","MAIN"
"0689.618.332","001","2025","43421","SECO"
"0689.618.332","001","2008","43291","SECO"
"0689.618.332","001","2008","43910","MAIN"
"0689.618.332","001","2008","43991","SECO"
"0694.557.711","001","2025","93291","MAIN"
"0694.557.711","001","2008","93211","MAIN"
"0695.560.274","006","2025","47716","MAIN"
"0695.560.274","001","2025","47716","MAIN"
"0695.560.274","001","2025","74111","SECO"
"0695.560.274","001","2025","14220","SECO"
"0695.560.274","001","2025","14240","SECO"
"0695.560.274","001","2025","14210","SECO"
"0695.560.274","001","2008","14130","SECO"
"0695.560.274","001","2008","47716","MAIN"
"0695.560.274","001","2008","14110","SECO"
"0695.560.274","001","2008","74101","SECO"
"0695.560.274","001","2008","14140","SECO"
"0698.889.057","006","2025","52100","MAIN"
"0698.889.057","001","2025","43320","SECO"
"0698.889.057","001","2025","43990","SECO"
"0698.889.057","001","2008","43999","SECO"
"0698.889.057","001","2008","43320","SECO"
"0700.659.506","006","2025","85531","MAIN"
"0700.659.506","001","2025","85531","MAIN"
"0700.659.506","001","2008","85531","MAIN"
"0701.887.446","001","2025","96220","MAIN"
"0701.887.446","001","2025","47750","SECO"
"0701.887.446","001","2025","47716","SECO"
"0701.887.446","001","2025","47715","SECO"
"0701.887.446","001","2025","47784","SECO"
"0701.887.446","001","2025","47722","SECO"
"0701.887.446","001","2008","47786","SECO"
"0701.887.446","001","2008","47722","SECO"
"0701.887.446","001","2008","47716","SECO"
"0701.887.446","001","2008","47715","SECO"
"0701.887.446","001","2008","47750","SECO"
"0701.887.446","001","2008","96022","MAIN"
"0704.581.076","001","2025","96220","MAIN"
"0704.581.076","001","2008","96022","MAIN"
"0704.780.620","001","2025","47632","MAIN"
"0704.780.620","001","2008","47785","MAIN"
"0704.809.522","006","2025","47552","MAIN"
"0704.809.522","001","2025","46140","SECO"
"0704.809.522","001","2025","47552","MAIN"
"0704.809.522","001","2008","46140","SECO"
"0704.809.522","001","2008","47592","MAIN"
"0704.830.110","001","2025","56111","MAIN"
"0704.830.110","001","2025","56112","SECO"
"0704.830.110","001","2008","56102","SECO"
"0704.830.110","001","2008","56101","MAIN"
"0705.782.490","001","2025","70200","SECO"
"0705.782.490","001","2025","79901","SECO"
"0705.782.490","001","2025","96210","MAIN"
"0705.782.490","001","2025","47791","SECO"
"0705.782.490","001","2008","47791","SECO"
"0705.782.490","001","2008","70220","SECO"
"0705.782.490","001","2008","79901","SECO"
"0705.782.490","001","2008","96021","MAIN"
"0705.997.870","006","2025","81210","MAIN"
"0705.997.870","001","2025","82300","SECO"
"0705.997.870","001","2025","56210","SECO"
"0705.997.870","001","2025","93299","SECO"
"0705.997.870","001","2025","81210","MAIN"
"0705.997.870","001","2025","85599","SECO"
"0707.938.266","006","2025","86940","MAIN"
"0707.938.266","001","2025","86995","SECO"
"0707.938.266","001","2025","86940","MAIN"
"0707.938.266","001","2008","86906","MAIN"
"0707.938.266","001","2008","86909","SECO"
"0712.588.229","006","2025","43222","MAIN"
"0712.588.229","001","2025","43222","MAIN"
"0712.588.229","001","2025","43221","SECO"
"0712.588.229","001","2008","43222","MAIN"
"0712.588.229","001","2008","43221","SECO"
"0712.957.225","006","2025","47721","MAIN"
"0712.957.225","001","2025","47721","MAIN"
"0712.957.225","001","2025","47715","SECO"
"0712.957.225","001","2025","47722","SECO"
"0712.957.225","001","2008","47722","SECO"
"0712.957.225","001","2008","47721","MAIN"
"0712.957.225","001","2008","47715","SECO"
"0713.670.273","001","2025","81220","MAIN"
"0713.670.273","001","2008","81220","MAIN"
"0714.935.035","001","2025","43230","MAIN"
"0714.935.035","001","2008","43291","MAIN"
"0715.405.880","001","2025","81300","MAIN"
"0715.405.880","001","2008","81300","MAIN"
"0715.789.229","001","2025","47110","MAIN"
"0715.789.229","001","2008","47112","MAIN"
"0717.587.489","001","2025","95290","MAIN"
"0717.587.489","001","2025","47530","SECO"
"0717.587.489","001","2025","47512","SECO"
"0717.587.489","001","2025","47716","SECO"
"0717.587.489","001","2025","42110","SECO"
"0717.587.489","001","2025","13990","SECO"
"0717.587.489","001","2008","47530","SECO"
"0717.587.489","001","2008","47716","SECO"
"0717.587.489","001","2008","47512","SECO"
"0717.587.489","001","2008","95290","MAIN"
"0717.587.489","001","2008","42110","SECO"
"0717.587.489","001","2008","13990","SECO"
"0719.566.784","001","2025","56112","MAIN"
"0719.566.784","001","2008","56102","MAIN"
"0719.782.560","001","2025","68121","MAIN"
"0719.782.560","001","2025","49410","SECO"
"0719.782.560","001","2025","52250","SECO"
"0719.782.560","001","2025","68122","SECO"
"0719.782.560","001","2025","49320","SECO"
"0719.782.560","001","2025","52100","SECO"
"0719.782.560","001","2025","52210","SECO"
"0719.782.560","001","2008","41102","SECO"
"0719.782.560","001","2008","52100","SECO"
"0719.782.560","001","2008","52210","SECO"
"0719.782.560","001","2008","41101","MAIN"
"0719.782.560","001","2008","49390","SECO"
"0719.782.560","001","2008","52290","SECO"
"0719.782.560","001","2008","49410","SECO"
"0724.849.722","006","2025","41001","MAIN"
"0724.849.722","001","2025","71111","MAIN"
"0724.849.722","001","2008","71111","MAIN"
"0726.979.465","001","2025","56301","MAIN"
"0726.979.465","001","2025","47251","SECO"
"0726.979.465","001","2008","56301","MAIN"
"0726.979.465","001","2008","47251","SECO"
"0726.982.237","001","2025","64210","MAIN"
"0726.982.237","001","2025","11020","SECO"
"0726.982.237","001","2008","11020","SECO"
"0726.982.237","001","2008","64200","MAIN"
"0727.559.980","006","2025","49410","MAIN"
"0727.559.980","001","2025","49330","MAIN"
"0727.559.980","001","2025","49320","SECO"
"0727.559.980","001","2008","49320","MAIN"
"0727.559.980","001","2008","49390","SECO"
"0729.948.457","001","2025","62900","SECO"
"0729.948.457","001","2025","73300","MAIN"
"0729.948.457","001","2008","62090","SECO"
"0729.948.457","001","2008","70210","MAIN"
"0731.661.102","001","2025","22260","SECO"
"0731.661.102","001","2025","46831","SECO"
"0731.661.102","001","2025","16281","MAIN"
"0731.661.102","001","2025","31009","SECO"
"0731.661.102","001","2025","13990","SECO"
"0731.661.102","001","2025","47521","SECO"
"0731.661.102","001","2008","13990","SECO"
"0731.661.102","001","2008","16291","MAIN"
"0731.661.102","001","2008","46731","SECO"
"0731.661.102","001","2008","47521","SECO"
"0731.661.102","001","2008","22290","SECO"
"0731.661.102","001","2008","31092","SECO"
"0732.645.651","006","2025","81210","MAIN"
"0732.645.651","001","2025","81210","SECO"
"0732.645.651","001","2025","47811","MAIN"
"0732.645.651","001","2025","46712","SECO"
"0732.645.651","001","2025","95316","SECO"
"0732.645.651","001","2025","47820","SECO"
"0732.645.651","001","2025","81220","SECO"
"0732.645.651","001","2008","45113","MAIN"
"0732.645.651","001","2008","45320","SECO"
"0732.645.651","001","2008","45191","SECO"
"0732.753.341","001","2025","81220","MAIN"
"0732.753.341","001","2025","81210","SECO"
"0732.753.341","001","2008","81220","MAIN"
"0732.753.341","001","2008","81210","SECO"
"0732.873.503","001","2025","95220","SECO"
"0732.873.503","001","2025","81100","MAIN"
"0732.873.503","001","2025","95240","SECO"
"0732.873.503","001","2025","31002","SECO"
"0732.873.503","001","2025","47559","SECO"
"0732.873.503","001","2025","31009","SECO"
"0732.873.503","001","2025","82990","SECO"
"0732.873.503","001","2008","31092","SECO"
"0732.873.503","001","2008","31020","SECO"
"0732.873.503","001","2008","47599","SECO"
"0732.873.503","001","2008","95240","SECO"
"0732.873.503","001","2008","82990","SECO"
"0732.873.503","001","2008","81100","MAIN"
"0732.873.503","001","2008","95220","SECO"
"0733.734.328","006","2025","56301","MAIN"
"0733.734.328","001","2025","63100","SECO"
"0733.734.328","001","2025","71209","SECO"
"0733.734.328","001","2025","73120","SECO"
"0733.734.328","001","2025","56112","MAIN"
"0733.734.328","001","2025","62200","SECO"
"0733.734.328","001","2008","62020","SECO"
"0733.734.328","001","2008","71209","SECO"
"0733.734.328","001","2008","73120","SECO"
"0733.734.328","001","2008","63110","SECO"
"0733.784.610","006","2025","81300","MAIN"
"0733.784.610","001","2025","43910","SECO"
"0733.784.610","001","2025","25110","SECO"
"0733.784.610","001","2025","81300","MAIN"
"0733.784.610","001","2025","43331","SECO"
"0733.784.610","001","2008","43994","SECO"
"0733.784.610","001","2008","81300","MAIN"
"0733.784.610","001","2008","25110","SECO"
"0733.784.610","001","2008","43331","SECO"
"0734.505.477","001","2025","69201","MAIN"
"0734.505.477","001","2008","69202","MAIN"
"0734.533.488","001","2025","74999","SECO"
"0734.533.488","001","2025","71209","SECO"
"0734.533.488","001","2025","71121","SECO"
"0734.533.488","001","2025","71122","SECO"
"0734.533.488","001","2025","71111","MAIN"
"0734.533.488","001","2008","71209","SECO"
"0734.533.488","001","2008","71111","MAIN"
"0734.533.488","001","2008","71121","SECO"
"0734.533.488","001","2008","71122","SECO"
"0734.533.488","001","2008","74909","SECO"
"0735.817.947","006","2025","49410","MAIN"
"0735.817.947","001","2025","43120","SECO"
"0735.817.947","001","2025","49410","MAIN"
"0735.817.947","001","2025","43211","SECO"
"0735.817.947","001","2008","49410","MAIN"
"0735.817.947","001","2008","43120","SECO"
"0735.817.947","001","2008","43211","SECO"
"0736.533.371","006","2025","86230","MAIN"
"0738.903.636","006","2025","49410","MAIN"
"0738.903.636","001","2025","43310","SECO"
"0738.903.636","001","2025","49410","SECO"
"0738.903.636","001","2025","43410","SECO"
"0738.903.636","001","2025","43320","SECO"
"0738.903.636","001","2025","43910","MAIN"
"0738.903.636","001","2025","43331","SECO"
"0738.903.636","001","2008","43331","SECO"
"0738.903.636","001","2008","43994","MAIN"
"0738.903.636","001","2008","43310","SECO"
"0738.903.636","001","2008","49410","SECO"
"0738.903.636","001","2008","43910","SECO"
"0738.903.636","001","2008","43320","SECO"
"0738.971.734","006","2025","69201","MAIN"
"0738.971.734","001","2025","69201","MAIN"
"0738.971.734","001","2008","69201","MAIN"
"0740.511.460","001","2025","46423","SECO"
"0740.511.460","001","2025","47279","SECO"
"0740.511.460","001","2025","96220","SECO"
"0740.511.460","001","2025","56112","MAIN"
"0740.511.460","001","2025","77224","SECO"
"0740.511.460","001","2025","85599","SECO"
"0740.511.460","001","2008","47299","SECO"
"0740.511.460","001","2008","77294","SECO"
"0740.511.460","001","2008","85599","SECO"
"0740.511.460","001","2008","56102","MAIN"
"0740.511.460","001","2008","46423","SECO"
"0740.511.460","001","2008","96022","SECO"
"0740.606.282","001","2025","52250","MAIN"
"0740.606.282","001","2008","52290","MAIN"
"0740.948.554","006","2025","86210","MAIN"
"0742.619.924","001","2025","68321","SECO"
"0742.619.924","001","2025","81230","SECO"
"0742.619.924","001","2025","74999","SECO"
"0742.619.924","001","2025","81220","SECO"
"0742.619.924","001","2025","82990","MAIN"
"0742.619.924","001","2008","82990","MAIN"
"0742.619.924","001","2008","81290","SECO"
"0742.619.924","001","2008","74909","SECO"
"0742.619.924","001","2008","68321","SECO"
"0742.619.924","001","2008","81220","SECO"
"0742.619.924","001","2008","68322","SECO"
"0742.816.003","006","2025","69201","MAIN"
"0742.816.003","001","2025","69201","MAIN"
"0742.816.003","001","2008","69202","MAIN"
"0743.469.861","006","2025","43990","MAIN"
"0743.469.861","001","2025","41001","SECO"
"0743.469.861","001","2025","16230","MAIN"
"0743.469.861","001","2008","41201","SECO"
"0743.469.861","001","2008","16230","MAIN"
"0744.738.878","001","2025","94999","SECO"
"0744.738.878","001","2025","56309","SECO"
"0744.738.878","001","2025","85599","SECO"
"0744.738.878","001","2025","90201","MAIN"
"0744.738.878","001","2025","47210","SECO"
"0744.738.878","001","2008","85599","SECO"
"0744.738.878","001","2008","47810","SECO"
"0744.738.878","001","2008","94999","SECO"
"0744.738.878","001","2008","56309","SECO"
"0744.738.878","001","2008","90011","MAIN"
"0745.782.223","001","2025","35150","SECO"
"0745.782.223","001","2025","61100","SECO"
"0745.782.223","001","2025","61200","MAIN"
"0745.782.223","001","2025","35230","SECO"
"0745.782.223","001","2008","35140","SECO"
"0745.782.223","001","2008","61100","SECO"
"0745.782.223","001","2008","61900","MAIN"
"0745.782.223","001","2008","35230","SECO"
"0745.782.223","001","2008","61200","SECO"
"0745.881.696","001","2025","43211","MAIN"
"0745.881.696","001","2008","43211","MAIN"
"0745.942.371","006","2025","33190","MAIN"
"0745.942.371","001","2025","46180","SECO"
"0745.942.371","001","2025","68322","SECO"
"0745.942.371","001","2025","68321","SECO"
"0745.942.371","001","2025","68203","SECO"
"0745.942.371","001","2025","68310","MAIN"
"0745.942.371","001","2008","68311","MAIN"
"0745.942.371","001","2008","68203","SECO"
"0745.942.371","001","2008","68321","SECO"
"0745.942.371","001","2008","46180","SECO"
"0745.942.371","001","2008","68312","SECO"
"0747.823.181","001","2025","56112","SECO"
"0747.823.181","001","2025","56301","MAIN"
"0747.823.181","001","2008","56301","MAIN"
"0747.823.181","001","2008","56102","SECO"
"0749.924.024","001","2025","43120","SECO"
"0749.924.024","001","2025","43341","MAIN"
"0749.924.024","001","2025","43211","SECO"
"0749.924.024","001","2025","43222","SECO"
"0749.924.024","001","2025","43221","SECO"
"0749.924.024","001","2025","43310","SECO"
"0749.924.024","001","2025","43230","SECO"
"0749.924.024","001","2025","41001","SECO"
"0749.924.024","001","2025","81220","SECO"
"0749.924.024","001","2025","43320","SECO"
"0749.924.024","001","2025","42212","SECO"
"0749.924.024","001","2025","42219","SECO"
"0749.924.024","001","2025","81210","SECO"
"0749.924.024","001","2025","43110","SECO"
"0749.924.024","001","2025","43331","SECO"
"0749.924.024","001","2008","42219","SECO"
"0749.924.024","001","2008","43222","SECO"
"0749.924.024","001","2008","43110","SECO"
"0749.924.024","001","2008","43221","SECO"
"0749.924.024","001","2008","43320","SECO"
"0749.924.024","001","2008","43120","SECO"
"0749.924.024","001","2008","81220","SECO"
"0749.924.024","001","2008","43310","SECO"
"0749.924.024","001","2008","43211","SECO"
"0749.924.024","001","2008","43291","SECO"
"0749.924.024","001","2008","41201","SECO"
"0749.924.024","001","2008","42212","SECO"
"0749.924.024","001","2008","81210","SECO"
"0749.924.024","001","2008","43331","SECO"
"0749.924.024","001","2008","43341","MAIN"
"0750.505.529","006","2025","56112","MAIN"
"0751.371.896","001","2025","47761","SECO"
"0751.371.896","001","2025","47552","MAIN"
"0751.371.896","001","2025","47690","SECO"
"0751.371.896","001","2025","47784","SECO"
"0751.371.896","001","2025","47553","SECO"
"0751.371.896","001","2025","47722","SECO"
"0751.371.896","001","2025","47551","SECO"
"0751.371.896","001","2003","52442","MAIN"
"0751.371.896","001","2003","52441","SECO"
"0751.371.896","001","2008","47722","SECO"
"0751.371.896","001","2008","47787","SECO"
"0751.371.896","001","2008","47592","MAIN"
"0751.371.896","001","2008","47786","SECO"
"0751.371.896","001","2008","47761","SECO"
"0751.371.896","001","2008","47593","SECO"
"0751.371.896","001","2008","47591","SECO"
"0752.536.292","006","2025","56111","MAIN"
"0752.536.292","001","2025","56112","SECO"
"0752.536.292","001","2025","56301","MAIN"
"0755.495.287","006","2025","49330","MAIN"
"0755.495.287","001","2025","43221","MAIN"
"0755.495.287","001","2025","43222","SECO"
"0755.495.287","001","2008","43221","MAIN"
"0755.495.287","001","2008","43222","SECO"
"0755.505.581","006","2025","62200","MAIN"
"0755.505.581","001","2025","62200","MAIN"
"0755.505.581","001","2008","62020","MAIN"
"0756.465.881","006","2025","56301","MAIN"
"0756.465.881","001","2025","56112","MAIN"
"0756.465.881","001","2025","10830","SECO"
"0756.465.881","001","2025","55204","SECO"
"0756.465.881","001","2025","47279","SECO"
"0756.465.881","001","2025","47553","SECO"
"0756.465.881","001","2025","56309","SECO"
"0757.735.492","006","2025","68203","MAIN"
"0757.735.492","001","2025","49330","SECO"
"0757.735.492","001","2025","52210","MAIN"
"0757.754.496","001","2025","62100","MAIN"
"0757.754.496","001","2025","58290","SECO"
"0757.754.496","001","2025","62200","SECO"
"0757.754.496","001","2008","58290","SECO"
"0757.754.496","001","2008","62010","MAIN"
"0757.754.496","001","2008","62020","SECO"
"0757.785.378","001","2025","56111","MAIN"
"0757.785.378","001","2025","56220","SECO"
"0757.785.378","001","2025","56210","SECO"
"0757.785.378","001","2025","82990","SECO"
"0757.785.378","001","2008","56101","MAIN"
"0757.785.378","001","2008","56210","SECO"
"0757.785.378","001","2008","82990","SECO"
"0757.785.378","001","2008","56290","SECO"
"0757.825.762","001","2025","73110","SECO"
"0757.825.762","001","2025","53200","MAIN"
"0757.825.762","001","2008","73110","SECO"
"0757.825.762","001","2008","53200","MAIN"
"0757.931.967","006","2025","47551","MAIN"
"0757.931.967","001","2025","47551","MAIN"
"0757.931.967","001","2008","47591","MAIN"
"0759.602.545","001","2025","47750","SECO"
"0759.602.545","001","2025","96220","MAIN"
"0759.602.545","001","2008","47750","SECO"
"0759.602.545","001","2008","96022","MAIN"
"0759.672.128","006","2025","43320","MAIN"
"0759.672.128","001","2025","46180","SECO"
"0759.672.128","001","2025","46130","SECO"
"0759.672.128","001","2025","41001","SECO"
"0759.672.128","001","2025","46190","MAIN"
"0759.672.128","001","2025","68121","SECO"
"0759.672.128","001","2008","46190","MAIN"
"0759.672.128","001","2008","46180","SECO"
"0759.672.128","001","2008","41201","SECO"
"0759.672.128","001","2008","46130","SECO"
"0759.672.128","001","2008","41101","SECO"
"0760.605.011","001","2025","27110","SECO"
"0760.605.011","001","2025","73110","MAIN"
"0760.605.011","001","2008","73110","MAIN"
"0760.605.011","001","2008","27110","SECO"
"0760.860.773","006","2025","86940","MAIN"
"0760.860.773","001","2025","82100","SECO"
"0760.860.773","001","2025","86940","MAIN"
"0762.775.831","001","2025","43120","SECO"
"0762.775.831","001","2025","43350","SECO"
"0762.775.831","001","2025","43230","SECO"
"0762.775.831","001","2025","43240","MAIN"
"0762.775.831","001","2008","43390","SECO"
"0762.775.831","001","2008","43299","MAIN"
"0762.775.831","001","2008","43291","SECO"
"0762.775.831","001","2008","43120","SECO"
"0763.751.076","001","2025","53200","MAIN"
"0763.751.076","001","2008","53200","MAIN"
"0765.376.520","001","2025","49410","SECO"
"0765.376.520","001","2025","53200","MAIN"
"0765.376.520","001","2025","53100","SECO"
"0765.376.520","001","2008","53100","SECO"
"0765.376.520","001","2008","53200","MAIN"
"0765.376.520","001","2008","49410","SECO"
"0766.696.017","001","2025","68201","SECO"
"0766.696.017","001","2025","68203","SECO"
"0766.696.017","001","2025","56111","MAIN"
"0766.696.017","001","2025","68204","SECO"
"0766.696.017","001","2025","82990","SECO"
"0766.696.017","001","2025","66300","SECO"
"0766.696.017","001","2008","66300","SECO"
"0766.696.017","001","2008","68201","SECO"
"0766.696.017","001","2008","68204","SECO"
"0766.696.017","001","2008","68203","SECO"
"0766.696.017","001","2008","56101","MAIN"
"0766.696.017","001","2008","82990","SECO"
"0769.309.077","006","2025","56111","MAIN"
"0769.309.077","001","2025","56112","SECO"
"0769.309.077","001","2025","56301","MAIN"
"0769.309.077","001","2008","56102","SECO"
"0769.309.077","001","2008","56301","MAIN"
"0769.353.421","006","2025","69201","MAIN"
"0769.353.421","001","2025","69201","MAIN"
"0769.353.421","001","2008","69201","MAIN"
"0769.827.137","006","2025","56112","MAIN"
"0769.827.137","001","2025","56112","MAIN"
"0769.827.137","001","2008","56102","MAIN"
"0770.230.874","006","2025","56112","MAIN"
"0770.230.874","001","2025","56112","MAIN"
"0770.230.874","001","2008","56102","MAIN"
"0770.405.771","006","2025","62100","MAIN"
"0770.405.771","001","2025","95100","SECO"
"0770.405.771","001","2025","43211","SECO"
"0770.405.771","001","2025","63100","SECO"
"0770.405.771","001","2025","62100","SECO"
"0770.405.771","001","2025","58290","SECO"
"0770.405.771","001","2008","62010","SECO"
"0771.002.124","001","2025","47512","MAIN"
"0771.002.124","001","2003","52410","MAIN"
"0771.002.124","001","2008","47512","MAIN"
"0772.301.033","006","2025","43120","MAIN"
"0772.301.033","001","2025","43120","SECO"
"0772.301.033","001","2025","01610","SECO"
"0772.301.033","001","2025","81100","MAIN"
"0772.301.033","001","2025","37000","SECO"
"0772.301.033","001","2025","42212","SECO"
"0772.301.033","001","2025","82990","SECO"
"0772.301.033","001","2008","42212","SECO"
"0772.301.033","001","2008","37000","SECO"
"0772.301.033","001","2008","43120","SECO"
"0772.301.033","001","2008","01610","SECO"
"0772.301.033","001","2008","81100","MAIN"
"0772.301.033","001","2008","82990","SECO"
"0772.619.549","006","2025","43213","MAIN"
"0772.619.549","001","2025","43211","MAIN"
"0772.619.549","001","2025","43212","SECO"
"0772.619.549","001","2025","41003","SECO"
"0772.619.549","001","2025","43221","SECO"
"0772.619.549","001","2025","43222","SECO"
"0772.619.549","001","2008","41203","SECO"
"0772.619.549","001","2008","43222","SECO"
"0772.619.549","001","2008","43211","MAIN"
"0772.619.549","001","2008","43212","SECO"
"0772.619.549","001","2008","43221","SECO"
"0772.911.044","001","2025","70200","SECO"
"0772.911.044","001","2025","73300","MAIN"
"0772.911.044","001","2025","73200","SECO"
"0772.911.044","001","2025","63920","SECO"
"0772.911.044","001","2025","73110","SECO"
"0772.911.044","001","2008","70210","MAIN"
"0772.911.044","001","2008","73110","SECO"
"0772.911.044","001","2008","73200","SECO"
"0772.911.044","001","2008","63990","SECO"
"0772.911.044","001","2008","70220","SECO"
"0773.462.756","006","2025","70200","MAIN"
"0773.462.756","001","2025","68201","SECO"
"0773.462.756","001","2025","70200","MAIN"
"0773.462.756","001","2008","70220","MAIN"
"0773.667.347","001","2025","52250","SECO"
"0773.667.347","001","2025","47621","SECO"
"0773.667.347","001","2025","47241","SECO"
"0773.667.347","001","2025","47110","MAIN"
"0773.667.347","001","2008","47113","MAIN"
"0773.667.347","001","2008","52290","SECO"
"0773.667.347","001","2008","47241","SECO"
"0773.667.347","001","2008","47620","SECO"
"0773.836.801","006","2025","96210","MAIN"
"0773.836.801","001","2025","96210","MAIN"
"0773.836.801","001","2008","96021","MAIN"
"0774.612.504","001","2025","25999","SECO"
"0774.612.504","001","2025","33200","SECO"
"0774.612.504","001","2025","33120","SECO"
"0774.612.504","001","2025","28150","SECO"
"0774.612.504","001","2025","25110","MAIN"
"0774.612.504","001","2025","33110","SECO"
"0774.612.504","001","2008","33120","SECO"
"0774.612.504","001","2008","25999","SECO"
"0774.612.504","001","2008","33200","SECO"
"0774.612.504","001","2008","33110","SECO"
"0774.612.504","001","2008","25110","MAIN"
"0774.612.504","001","2008","28150","SECO"
"0775.823.123","001","2025","56111","SECO"
"0775.823.123","001","2025","56112","MAIN"
"0775.823.123","001","2008","56101","SECO"
"0775.823.123","001","2008","56102","MAIN"
"0776.392.057","001","2025","70200","SECO"
"0776.392.057","001","2025","73300","MAIN"
"0776.392.057","001","2025","66199","SECO"
"0776.392.057","001","2025","82990","SECO"
"0776.392.057","001","2008","66199","SECO"
"0776.392.057","001","2008","82990","SECO"
"0776.392.057","001","2008","70220","SECO"
"0776.392.057","001","2008","70210","MAIN"
"0777.533.885","001","2025","43350","SECO"
"0777.533.885","001","2025","43910","SECO"
"0777.533.885","001","2025","43310","SECO"
"0777.533.885","001","2025","43320","SECO"
"0777.533.885","001","2025","43230","MAIN"
"0777.533.885","001","2008","43291","MAIN"
"0777.533.885","001","2008","43310","SECO"
"0777.533.885","001","2008","43994","SECO"
"0777.533.885","001","2008","43390","SECO"
"0777.533.885","001","2008","43320","SECO"
"0777.772.823","006","2025","96210","MAIN"
"0777.772.823","001","2025","96210","MAIN"
"0778.318.102","001","2025","81300","MAIN"
"0778.318.102","001","2008","81300","MAIN"
"0779.732.322","001","2025","70200","SECO"
"0779.732.322","001","2025","49410","SECO"
"0779.732.322","001","2025","52249","SECO"
"0779.732.322","001","2025","85592","SECO"
"0779.732.322","001","2025","52100","MAIN"
"0779.732.322","001","2025","73300","SECO"
"0779.732.322","001","2008","70210","SECO"
"0779.732.322","001","2008","85592","SECO"
"0779.732.322","001","2008","49410","SECO"
"0779.732.322","001","2008","70220","SECO"
"0779.732.322","001","2008","52100","MAIN"
"0779.732.322","001","2008","52249","SECO"
"0781.021.729","001","2025","95311","MAIN"
"0781.021.729","001","2025","47820","SECO"
"0781.021.729","001","2025","47811","SECO"
"0781.021.729","001","2003","50302","SECO"
"0781.021.729","001","2003","50103","SECO"
"0781.021.729","001","2003","50200","MAIN"
"0781.021.729","001","2008","45113","SECO"
"0781.021.729","001","2008","45320","SECO"
"0781.021.729","001","2008","45201","MAIN"
"0781.633.324","006","2025","43990","MAIN"
"0781.633.324","001","2025","23660","SECO"
"0781.633.324","001","2025","43211","SECO"
"0781.633.324","001","2025","43990","SECO"
"0781.633.324","001","2025","43120","MAIN"
"0781.633.324","001","2025","43221","SECO"
"0781.633.324","001","2008","43221","SECO"
"0781.633.324","001","2008","43211","SECO"
"0781.633.324","001","2008","43999","SECO"
"0781.633.324","001","2008","23690","SECO"
"0781.633.324","001","2008","43120","MAIN"
"0781.721.614","001","2025","96993","MAIN"
"0781.721.614","001","2025","85510","SECO"
"0781.721.614","001","2025","82990","SECO"
"0781.721.614","001","2008","85510","SECO"
"0781.721.614","001","2008","96093","MAIN"
"0781.721.614","001","2008","82990","SECO"
"0781.747.447","006","2025","47716","MAIN"
"0781.747.447","001","2025","73200","MAIN"
"0781.747.447","001","2025","56210","SECO"
"0781.747.447","001","2025","82990","SECO"
"0781.747.447","001","2008","73200","MAIN"
"0781.747.447","001","2008","82990","SECO"
"0781.747.447","001","2008","56210","SECO"
"0782.410.809","001","2025","95311","MAIN"
"0782.417.143","006","2025","43320","MAIN"
"0782.417.143","001","2025","16240","MAIN"
"0782.417.143","001","2008","16240","MAIN"
"0783.439.702","001","2025","71113","SECO"
"0783.439.702","001","2025","81300","MAIN"
"0783.439.702","001","2008","81300","MAIN"
"0783.439.702","001","2008","71113","SECO"
"0784.657.645","001","2025","56112","MAIN"
"0784.657.645","001","2008","56102","MAIN"
"0784.862.632","006","2025","56301","MAIN"
"0784.862.632","001","2025","56301","MAIN"
"0784.904.501","006","2025","47110","MAIN"
"0784.904.501","001","2025","56112","MAIN"
"0784.904.501","001","2025","47110","SECO"
"0784.904.501","001","2025","77229","SECO"
"0784.904.501","001","2025","47400","SECO"
"0784.904.501","001","2025","47750","SECO"
"0784.904.501","001","2025","61100","SECO"
"0784.904.501","001","2008","61200","SECO"
"0784.904.501","001","2008","47430","SECO"
"0784.904.501","001","2008","56102","MAIN"
"0784.904.501","001","2008","47112","SECO"
"0784.904.501","001","2008","77220","SECO"
"0784.904.501","001","2008","47750","SECO"
"0786.624.765","006","2025","56301","MAIN"
"0786.624.765","001","2025","56301","MAIN"
"0786.624.765","001","2008","56301","MAIN"
"0787.204.488","006","2025","56301","MAIN"
"0787.204.488","001","2025","56112","SECO"
"0787.204.488","001","2025","56301","MAIN"
"0787.373.348","001","2025","49410","MAIN"
"0787.373.348","001","2008","49410","MAIN"
"0787.396.312","001","2025","49410","MAIN"
"0787.396.312","001","2008","49410","MAIN"
"0787.609.811","001","2025","43211","MAIN"
"0787.609.811","001","2008","43211","MAIN"
"0787.799.752","006","2025","56112","MAIN"
"0787.799.752","001","2025","47120","SECO"
"0787.799.752","001","2025","56112","MAIN"
"0787.799.752","001","2025","56210","SECO"
"0787.799.752","001","2025","47781","SECO"
"0787.799.752","001","2008","56102","MAIN"
"0787.799.752","001","2008","47990","SECO"
"0787.799.752","001","2008","47910","SECO"
"0787.799.752","001","2008","56210","SECO"
"0787.934.463","006","2025","43213","MAIN"
"0787.934.463","001","2025","71111","SECO"
"0787.934.463","001","2025","81230","SECO"
"0787.934.463","001","2025","43320","SECO"
"0787.934.463","001","2025","43120","SECO"
"0787.934.463","001","2025","43211","MAIN"
"0787.934.463","001","2008","71111","SECO"
"0787.934.463","001","2008","43320","SECO"
"0787.934.463","001","2008","81290","SECO"
"0788.152.318","001","2025","96210","MAIN"
"0788.152.318","001","2025","47750","SECO"
"0788.152.318","001","2003","93021","MAIN"
"0788.152.318","001","2003","52330","SECO"
"0788.152.318","001","2008","47750","SECO"
"0788.152.318","001","2008","96021","MAIN"
"0788.389.670","001","2025","39000","SECO"
"0788.389.670","001","2025","43990","MAIN"
"0788.389.670","001","2025","43110","SECO"
"0788.389.670","001","2008","43999","MAIN"
"0788.389.670","001","2008","43110","SECO"
"0788.389.670","001","2008","39000","SECO"
"0789.751.432","001","2025","43240","SECO"
"0789.751.432","001","2025","71201","MAIN"
"0789.751.432","001","2025","43222","SECO"
"0789.751.432","001","2025","43221","SECO"
"0789.751.432","001","2008","43222","SECO"
"0789.751.432","001","2008","43299","SECO"
"0789.751.432","001","2008","71201","MAIN"
"0789.751.432","001","2008","43221","SECO"
"0789.876.839","001","2025","95316","MAIN"
"0789.876.839","001","2008","45206","MAIN"
"0791.978.769","006","2025","43310","MAIN"
"0791.978.769","001","2025","43990","MAIN"
"0791.978.769","001","2025","43320","SECO"
"0791.978.769","001","2025","43422","SECO"
"0791.978.769","001","2025","43421","SECO"
"0791.978.769","001","2008","43991","SECO"
"0791.978.769","001","2008","43320","SECO"
"0791.978.769","001","2008","43996","SECO"
"0791.978.769","001","2008","43999","MAIN"
"0792.249.577","006","2025","86951","MAIN"
"0792.249.577","001","2025","86951","MAIN"
"0792.249.577","001","2008","86905","MAIN"
"0792.287.387","001","2025","43211","MAIN"
"0792.287.387","001","2008","43211","MAIN"
"0792.738.537","006","2025","71121","MAIN"
"0792.738.537","001","2025","70200","SECO"
"0792.738.537","001","2025","85599","SECO"
"0792.738.537","001","2025","71121","MAIN"
"0792.738.537","001","2025","82990","SECO"
"0792.738.537","001","2025","68110","SECO"
"0792.738.537","001","2008","68100","SECO"
"0792.738.537","001","2008","82990","SECO"
"0792.738.537","001","2008","70220","SECO"
"0792.738.537","001","2008","71121","MAIN"
"0792.738.537","001","2008","85599","SECO"
"0792.923.629","001","2025","49410","MAIN"
"0792.923.629","001","2008","49410","MAIN"
"0792.923.827","006","2025","82990","MAIN"
"0792.923.827","001","2025","49410","SECO"
"0792.923.827","001","2025","10130","MAIN"
"0792.923.827","001","2025","53200","SECO"
"0792.923.827","001","2025","81210","SECO"
"0792.923.827","001","2025","82990","SECO"
"0792.923.827","006","2008","82990","MAIN"
"0792.923.827","001","2008","53200","SECO"
"0792.923.827","001","2008","49410","SECO"
"0792.923.827","001","2008","81210","SECO"
"0793.294.308","001","2025","49410","MAIN"
"0793.294.308","001","2008","49410","MAIN"
"0793.659.146","001","2025","49410","MAIN"
"0793.659.146","001","2025","53200","SECO"
"0793.659.146","001","2008","49410","MAIN"
"0793.659.146","001","2008","53200","SECO"
"0793.868.883","006","2025","47110","MAIN"
"0793.868.883","001","2025","47251","SECO"
"0793.868.883","001","2025","47260","SECO"
"0793.868.883","001","2025","47110","MAIN"
"0793.868.883","001","2008","47251","SECO"
"0793.868.883","001","2008","47260","SECO"
"0793.868.883","001","2008","47112","MAIN"
"0793.965.784","006","2025","53200","MAIN"
"0793.965.784","001","2025","49410","SECO"
"0793.965.784","001","2025","53200","MAIN"
"0793.965.784","001","2008","53200","MAIN"
"0793.965.784","001","2008","49410","SECO"
"0794.200.267","006","2025","49410","MAIN"
"0794.200.267","001","2025","47521","MAIN"
"0794.200.267","001","2025","47527","SECO"
"0794.200.267","001","2025","47524","SECO"
"0794.200.267","001","2025","47523","SECO"
"0794.200.267","001","2025","47522","SECO"
"0794.200.267","001","2008","47521","MAIN"
"0794.200.267","001","2008","47523","SECO"
"0794.200.267","001","2008","47524","SECO"
"0794.200.267","001","2008","47522","SECO"
"0794.200.267","001","2008","47527","SECO"
"0794.848.484","006","2025","70200","MAIN"
"0794.848.484","001","2025","70200","MAIN"
"0794.848.484","001","2008","70220","MAIN"
"0795.293.694","006","2025","42220","MAIN"
"0795.293.694","001","2025","70200","SECO"
"0795.293.694","001","2025","61100","MAIN"
"0795.293.694","001","2025","74999","SECO"
"0795.293.694","001","2008","74909","SECO"
"0795.293.694","001","2008","61100","SECO"
"0795.293.694","001","2008","70220","SECO"
"0795.293.694","001","2008","61200","MAIN"
"0795.299.733","006","2025","81210","MAIN"
"0795.299.733","001","2025","81210","MAIN"
"0795.299.733","001","2008","81210","MAIN"
"0797.171.635","001","2025","49410","MAIN"
"0797.171.635","001","2008","49410","MAIN"
"0797.721.763","006","2025","82300","MAIN"
"0797.721.763","001","2025","73300","MAIN"
"0797.721.763","001","2008","70210","MAIN"
"0797.788.079","001","2025","49410","MAIN"
"0797.788.079","001","2025","53200","SECO"
"0797.788.079","001","2008","49410","MAIN"
"0797.788.079","001","2008","53200","SECO"
"0798.372.059","006","2025","47110","MAIN"
"0798.372.059","001","2025","47110","MAIN"
"0798.372.059","001","2008","47113","MAIN"
"0798.712.549","006","2025","68201","MAIN"
"0798.712.549","001","2025","43120","SECO"
"0798.712.549","001","2025","43240","SECO"
"0798.712.549","001","2025","68122","SECO"
"0798.712.549","001","2025","68121","SECO"
"0798.712.549","001","2025","68110","SECO"
"0798.712.549","001","2025","41001","MAIN"
"0798.712.549","001","2008","43299","SECO"
"0798.712.549","001","2008","43120","SECO"
"0798.712.549","001","2008","41201","MAIN"
"0798.843.401","006","2025","86210","MAIN"
"0799.244.069","006","2025","70200","MAIN"
"0799.244.069","001","2025","73300","MAIN"
"0799.244.069","001","2025","85592","SECO"
"0799.244.069","001","2025","82990","SECO"
"0799.244.069","001","2008","82990","SECO"
"0799.244.069","001","2008","85592","SECO"
"0799.244.069","001","2008","70210","MAIN"
"0799.308.209","006","2025","47621","MAIN"
"0799.308.209","001","2025","47610","SECO"
"0799.308.209","001","2025","56112","SECO"
"0799.308.209","001","2025","92000","SECO"
"0799.308.209","001","2025","47640","SECO"
"0799.308.209","001","2025","47621","MAIN"
"0799.308.209","001","2025","46392","SECO"
"0799.308.209","001","2008","47620","MAIN"
"0799.308.209","001","2008","56102","SECO"
"0799.308.209","001","2008","46392","SECO"
"0799.308.209","001","2008","47650","SECO"
"0799.308.209","001","2008","92000","SECO"
"0799.308.209","001","2008","47610","SECO"
"0799.413.622","006","2025","02200","MAIN"
"0799.413.622","001","2025","02100","SECO"
"0799.413.622","001","2025","02200","MAIN"
"0799.413.622","001","2008","02200","MAIN"
"0799.413.622","001","2008","02100","SECO"
"0800.533.674","001","2025","68203","SECO"
"0800.533.674","001","2025","56111","SECO"
"0800.533.674","001","2025","93299","SECO"
"0800.533.674","001","2025","47110","SECO"
"0800.533.674","001","2025","47251","SECO"
"0800.533.674","001","2025","56210","MAIN"
"0800.533.674","001","2008","47251","SECO"
"0800.533.674","001","2008","93299","SECO"
"0800.533.674","001","2008","56101","SECO"
"0800.533.674","001","2008","47112","SECO"
"0800.533.674","001","2008","56210","MAIN"
"0800.533.674","001","2008","68203","SECO"
"0801.153.583","001","2025","62200","MAIN"
"0801.153.583","001","2008","62020","MAIN"
"0801.166.352","001","2025","69101","MAIN"
"0801.166.352","001","2008","69101","MAIN"
"0801.486.353","001","2025","71111","SECO"
"0801.486.353","001","2025","41001","SECO"
"0801.486.353","001","2025","43990","MAIN"
"0801.486.353","001","2025","82990","SECO"
"0801.486.353","001","2008","43999","MAIN"
"0801.486.353","001","2008","82990","SECO"
"0801.486.353","001","2008","71111","SECO"
"0801.486.353","001","2008","41201","SECO"
"0801.897.317","006","2025","47540","MAIN"
"0801.897.317","001","2025","73110","MAIN"
"0801.897.317","001","2008","73110","MAIN"
"0802.352.227","001","2025","81210","SECO"
"0802.352.227","001","2025","43341","SECO"
"0802.352.227","001","2025","81220","SECO"
"0802.352.227","001","2025","47721","MAIN"
"0802.352.227","001","2025","43211","SECO"
"0802.352.227","001","2025","46160","SECO"
"0802.352.227","001","2008","43341","SECO"
"0802.352.227","001","2008","81220","SECO"
"0802.352.227","001","2008","43211","SECO"
"0803.506.428","006","2025","59114","MAIN"
"0803.506.428","001","2025","59114","SECO"
"0803.506.428","001","2025","59113","MAIN"
"0803.506.428","001","2025","62100","SECO"
"0803.506.428","001","2025","59111","SECO"
"0803.506.428","001","2025","59120","SECO"
"0803.506.428","001","2025","59112","SECO"
"0803.506.428","001","2025","82990","SECO"
"0803.506.428","001","2008","59114","SECO"
"0803.506.428","001","2008","59111","SECO"
"0803.506.428","001","2008","59120","SECO"
"0803.506.428","001","2008","59112","SECO"
"0803.506.428","001","2008","62010","SECO"
"0803.506.428","001","2008","82990","SECO"
"0803.506.428","001","2008","59113","MAIN"
"0804.287.970","006","2025","74111","MAIN"
"0804.287.970","001","2025","74111","MAIN"
"0804.287.970","001","2025","47120","SECO"
"0804.287.970","001","2025","14240","SECO"
"0804.287.970","001","2008","47910","SECO"
"0804.287.970","001","2008","74101","MAIN"
"0804.287.970","001","2008","14110","SECO"
"0804.335.579","001","2025","56210","SECO"
"0804.335.579","001","2025","95290","SECO"
"0804.335.579","001","2025","85510","MAIN"
"0804.335.579","001","2025","82990","SECO"
"0804.335.579","001","2008","85510","MAIN"
"0805.022.596","006","2025","70200","MAIN"
"0805.022.596","001","2025","73300","SECO"
"0805.022.596","001","2025","82990","SECO"
"0805.022.596","001","2025","70200","MAIN"
"0805.022.596","001","2025","82100","SECO"
"0805.504.529","006","2025","81300","MAIN"
"0805.504.529","001","2025","43910","SECO"
"0805.504.529","001","2025","81300","SECO"
"0805.504.529","001","2025","42212","SECO"
"0805.504.529","001","2025","43331","SECO"
"0805.504.529","001","2025","71113","MAIN"
"0805.504.529","001","2025","43221","SECO"
"0805.504.529","001","2008","43331","SECO"
"0805.504.529","001","2008","43221","SECO"
"0805.504.529","001","2008","71113","MAIN"
"0805.504.529","001","2008","81300","SECO"
"0805.504.529","001","2008","43994","SECO"
"0805.504.529","001","2008","42212","SECO"
"0805.541.844","001","2025","68201","SECO"
"0805.541.844","001","2025","64999","SECO"
"0805.541.844","001","2025","85592","SECO"
"0805.541.844","001","2025","70200","MAIN"
"0805.541.844","001","2025","82990","SECO"
"0805.541.844","001","2008","64999","SECO"
"0805.541.844","001","2008","85592","SECO"
"0805.541.844","001","2008","70220","MAIN"
"0805.541.844","001","2008","82990","SECO"
"0805.541.844","001","2008","68201","SECO"
"0805.663.984","001","2025","56112","MAIN"
"0805.663.984","001","2025","82990","SECO"
"0805.663.984","001","2025","47210","SECO"
"0805.663.984","001","2008","56102","MAIN"
"0805.663.984","001","2008","82990","SECO"
"0805.663.984","001","2008","47810","SECO"
"0807.372.570","001","2025","43211","MAIN"
"0807.372.570","001","2008","43211","MAIN"
"0807.535.094","001","2025","43211","MAIN"
"0807.535.094","001","2025","41001","SECO"
"0807.535.094","001","2025","47552","SECO"
"0807.535.094","001","2025","68201","SECO"
"0807.535.094","001","2025","68203","SECO"
"0807.535.094","001","2025","43110","SECO"
"0807.535.094","001","2025","43221","SECO"
"0807.535.094","001","2025","43222","SECO"
"0807.535.094","001","2008","43110","SECO"
"0807.535.094","001","2008","41201","SECO"
"0807.535.094","001","2008","47592","SECO"
"0807.535.094","001","2008","43222","SECO"
"0807.535.094","001","2008","43211","MAIN"
"0807.535.094","001","2008","43221","SECO"
"0807.736.816","001","2025","95311","MAIN"
"0807.736.816","001","2025","47811","SECO"
"0807.736.816","001","2008","45113","SECO"
"0807.736.816","001","2008","45201","MAIN"
"0807.754.533","001","2025","56111","SECO"
"0807.754.533","001","2025","86995","SECO"
"0807.754.533","001","2025","85599","SECO"
"0807.754.533","001","2025","96230","MAIN"
"0807.754.533","001","2008","56101","SECO"
"0807.754.533","001","2008","96040","MAIN"
"0807.754.533","001","2008","85599","SECO"
"0807.754.533","001","2008","86909","SECO"
"0809.489.744","001","2025","69201","MAIN"
"0809.489.744","001","2008","69202","SECO"
"0809.489.744","001","2008","69201","MAIN"
"0810.583.765","006","2025","43310","MAIN"
"0810.583.765","001","2025","43910","SECO"
"0810.583.765","001","2025","43310","MAIN"
"0810.583.765","001","2025","43422","SECO"
"0810.583.765","001","2008","43996","SECO"
"0810.583.765","001","2008","43994","SECO"
"0810.583.765","001","2008","43310","MAIN"
"0811.587.320","006","2025","49330","MAIN"
"0811.587.320","001","2025","49320","SECO"
"0811.587.320","001","2025","49330","MAIN"
"0811.587.320","001","2025","82990","SECO"
"0811.587.320","001","2025","52210","SECO"
"0811.587.320","001","2008","82990","SECO"
"0814.237.695","006","2025","97000","MAIN"
"0814.237.695","003","2008","86220","MAIN"
"0814.237.695","003","2025","86220","MAIN"
"0814.237.695","003","2003","85120","MAIN"
"0817.278.745","001","2025","96995","SECO"
"0817.278.745","001","2025","93127","MAIN"
"0817.278.745","001","2025","01430","SECO"
"0817.278.745","001","2008","01430","SECO"
"0817.278.745","001","2008","93127","MAIN"
"0817.278.745","001","2008","96095","SECO"
"0818.391.770","001","2025","70200","MAIN"
"0818.391.770","001","2008","70220","MAIN"
"0818.868.357","001","2025","47260","SECO"
"0818.868.357","001","2025","82100","MAIN"
"0818.868.357","001","2025","47621","MAIN"
"0818.868.357","001","2008","47260","SECO"
"0818.868.357","001","2008","47620","MAIN"
"0821.449.250","001","2025","47120","SECO"
"0821.449.250","001","2025","01480","SECO"
"0821.449.250","001","2025","47279","SECO"
"0821.449.250","001","2025","46232","SECO"
"0821.449.250","001","2025","47730","MAIN"
"0821.449.250","001","2025","46389","SECO"
"0821.449.250","001","2008","47730","MAIN"
"0821.449.250","001","2008","46232","SECO"
"0821.449.250","001","2008","01490","SECO"
"0821.449.250","001","2008","47910","SECO"
"0821.449.250","001","2008","46389","SECO"
"0821.449.250","001","2008","47299","SECO"
"0821.466.769","001","2025","46140","SECO"
"0821.466.769","001","2025","01610","MAIN"
"0821.466.769","001","2025","47789","SECO"
"0821.466.769","001","2025","46610","SECO"
"0821.466.769","001","2025","47830","SECO"
"0821.466.769","001","2025","46190","SECO"
"0821.466.769","001","2008","46190","SECO"
"0821.466.769","001","2008","01610","MAIN"
"0821.466.769","001","2008","45402","SECO"
"0821.466.769","001","2008","47789","SECO"
"0821.466.769","001","2008","46140","SECO"
"0821.466.769","001","2008","46610","SECO"
"0821.637.411","006","2025","62100","MAIN"
"0821.637.411","001","2025","62900","SECO"
"0821.637.411","001","2025","46500","MAIN"
"0821.637.411","001","2025","47400","SECO"
"0821.637.411","001","2025","47789","SECO"
"0821.637.411","001","2025","46643","SECO"
"0821.637.411","001","2025","62200","SECO"
"0821.637.411","001","2008","46693","SECO"
"0821.637.411","001","2008","47410","SECO"
"0821.637.411","001","2008","47789","SECO"
"0821.637.411","001","2008","62020","SECO"
"0821.637.411","001","2008","62090","SECO"
"0821.637.411","001","2008","46510","MAIN"
"0822.113.503","006","2025","56301","MAIN"
"0822.113.503","001","2025","43320","MAIN"
"0822.113.503","001","2008","43320","MAIN"
"0822.978.781","001","2025","41001","MAIN"
"0822.978.781","001","2008","41201","MAIN"
"0822.987.491","001","2025","43410","MAIN"
"0822.987.491","001","2025","31004","SECO"
"0822.987.491","001","2025","31002","SECO"
"0822.987.491","001","2025","43320","SECO"
"0822.987.491","001","2025","31001","SECO"
"0822.987.491","001","2025","43332","SECO"
"0822.987.491","001","2008","31020","SECO"
"0822.987.491","001","2008","43320","SECO"
"0822.987.491","001","2008","31091","SECO"
"0822.987.491","001","2008","43332","SECO"
"0822.987.491","001","2008","31010","SECO"
"0822.987.491","001","2008","43910","MAIN"
"0827.844.916","006","2025","88911","MAIN"
"0827.844.916","001","2025","47713","MAIN"
"0827.844.916","001","2025","47554","SECO"
"0827.844.916","001","2008","47713","MAIN"
"0827.844.916","001","2008","47788","SECO"
"0827.852.735","006","2025","71122","MAIN"
"0827.852.735","001","2025","43120","SECO"
"0827.852.735","001","2025","01309","SECO"
"0827.852.735","001","2025","70200","SECO"
"0827.852.735","001","2025","68321","SECO"
"0827.852.735","001","2025","81300","SECO"
"0827.852.735","001","2025","71122","MAIN"
"0827.852.735","001","2008","70220","SECO"
"0827.852.735","001","2008","71122","MAIN"
"0827.852.735","001","2008","81300","SECO"
"0827.852.735","001","2008","43120","SECO"
"0827.852.735","001","2008","68321","SECO"
"0827.852.735","001","2008","01309","SECO"
"0828.128.590","006","2025","56120","MAIN"
"0828.128.590","001","2025","16110","MAIN"
"0828.128.590","001","2025","46211","SECO"
"0828.128.590","001","2008","16100","MAIN"
"0828.128.590","001","2008","46211","SECO"
"0828.997.038","006","2025","81210","MAIN"
"0828.997.038","001","2025","81220","MAIN"
"0829.257.552","001","2025","49330","MAIN"
"0829.257.552","001","2008","49320","MAIN"
"0830.834.494","006","2025","41001","MAIN"
"0830.834.494","001","2025","43212","SECO"
"0830.834.494","001","2025","41001","SECO"
"0830.834.494","001","2025","81220","SECO"
"0830.834.494","001","2025","43990","MAIN"
"0830.834.494","001","2025","43332","SECO"
"0830.834.494","001","2008","43332","SECO"
"0830.834.494","001","2008","81220","SECO"
"0830.834.494","001","2008","43212","SECO"
"0830.834.494","001","2008","41201","SECO"
"0830.834.494","001","2008","43995","MAIN"
"0831.683.938","006","2025","46170","MAIN"
"0831.683.938","001","2025","70200","SECO"
"0831.683.938","001","2025","46170","MAIN"
"0831.683.938","001","2025","46190","SECO"
"0831.683.938","001","2008","46190","SECO"
"0831.683.938","001","2008","46170","MAIN"
"0831.683.938","001","2008","70220","SECO"
"0831.903.969","006","2025","81210","MAIN"
"0831.903.969","001","2025","64210","SECO"
"0831.903.969","001","2025","70200","SECO"
"0831.903.969","001","2025","56301","SECO"
"0831.903.969","001","2025","81220","SECO"
"0831.903.969","001","2025","82990","MAIN"
"0831.903.969","001","2025","73300","SECO"
"0831.903.969","001","2008","82990","MAIN"
"0831.903.969","001","2008","81220","SECO"
"0831.903.969","001","2008","70220","SECO"
"0831.903.969","001","2008","70210","SECO"
"0831.903.969","001","2008","64200","SECO"
"0833.207.729","001","2025","56112","MAIN"
"0833.207.729","001","2008","56102","MAIN"
"0836.180.382","001","2025","70200","SECO"
"0836.180.382","001","2025","46832","SECO"
"0836.180.382","001","2025","47530","SECO"
"0836.180.382","001","2025","46833","MAIN"
"0836.180.382","001","2025","47524","SECO"
"0836.180.382","001","2025","47523","SECO"
"0836.180.382","001","2008","47530","SECO"
"0836.180.382","001","2008","47523","SECO"
"0836.180.382","001","2008","46732","SECO"
"0836.180.382","001","2008","47524","SECO"
"0836.180.382","001","2008","70220","SECO"
"0836.180.382","001","2008","46733","MAIN"
"0837.054.966","006","2025","49410","MAIN"
"0839.106.220","006","2025","81210","MAIN"
"0839.106.220","001","2025","47120","SECO"
"0839.106.220","001","2025","86931","SECO"
"0839.106.220","001","2025","86951","MAIN"
"0839.106.220","001","2025","86995","SECO"
"0839.106.220","001","2025","96999","SECO"
"0839.106.220","001","2025","58110","SECO"
"0839.106.220","001","2008","47910","SECO"
"0839.106.220","001","2008","86905","MAIN"
"0839.106.220","001","2008","86904","SECO"
"0839.106.220","001","2008","86909","SECO"
"0839.106.220","001","2008","96099","SECO"
"0839.106.220","001","2008","58110","SECO"
"0839.119.878","006","2025","70200","MAIN"
"0839.119.878","001","2025","47120","MAIN"
"0839.119.878","001","2008","47910","MAIN"
"0839.864.602","006","2025","43350","MAIN"
"0839.864.602","001","2025","46423","MAIN"
"0839.864.602","001","2008","46423","MAIN"
"0840.362.963","001","2025","70200","MAIN"
"0840.362.963","001","2008","70220","MAIN"
"0841.905.461","001","2025","74201","SECO"
"0841.905.461","001","2025","68122","SECO"
"0841.905.461","001","2025","70200","MAIN"
"0841.905.461","001","2025","68121","SECO"
"0841.905.461","001","2008","41102","SECO"
"0841.905.461","001","2008","70220","MAIN"
"0841.905.461","001","2008","74201","SECO"
"0841.905.461","001","2008","41101","SECO"
"0843.328.589","006","2025","43320","MAIN"
"0843.328.589","001","2025","16110","SECO"
"0843.328.589","001","2025","68203","SECO"
"0843.328.589","001","2025","68201","SECO"
"0843.328.589","001","2025","16230","SECO"
"0843.328.589","001","2025","16210","SECO"
"0843.328.589","001","2025","31004","SECO"
"0843.328.589","001","2025","43332","SECO"
"0843.328.589","001","2025","43320","MAIN"
"0843.328.589","001","2008","68203","SECO"
"0843.328.589","001","2008","68201","SECO"
"0843.328.589","001","2008","43332","SECO"
"0843.328.589","001","2008","16210","SECO"
"0843.328.589","001","2008","16100","SECO"
"0843.328.589","001","2008","31091","SECO"
"0843.328.589","001","2008","43320","MAIN"
"0843.328.589","001","2008","16230","SECO"
"0845.028.465","001","2025","82300","SECO"
"0845.028.465","001","2025","91110","SECO"
"0845.028.465","001","2025","72200","SECO"
"0845.028.465","001","2025","85599","SECO"
"0845.028.465","001","2025","91220","MAIN"
"0845.028.465","001","2025","91120","SECO"
"0845.028.465","001","2008","72200","SECO"
"0845.028.465","001","2008","85599","SECO"
"0845.028.465","001","2008","91030","MAIN"
"0845.028.465","001","2008","91012","SECO"
"0845.028.465","001","2008","91011","SECO"
"0845.028.465","001","2008","82300","SECO"
"0845.416.762","006","2025","14210","MAIN"
"0845.416.762","001","2025","47120","SECO"
"0845.416.762","001","2025","46423","MAIN"
"0845.416.762","001","2025","47716","SECO"
"0845.416.762","001","2025","14210","SECO"
"0845.416.762","001","2008","47716","SECO"
"0845.416.762","001","2008","14130","SECO"
"0845.416.762","001","2008","46423","MAIN"
"0845.416.762","001","2008","47910","SECO"
"0845.711.722","006","2025","81300","MAIN"
"0845.711.722","001","2025","43910","SECO"
"0845.711.722","001","2025","71113","SECO"
"0845.711.722","001","2025","81300","MAIN"
"0845.711.722","001","2025","02100","SECO"
"0845.711.722","001","2025","82990","SECO"
"0845.711.722","001","2008","82990","SECO"
"0845.711.722","001","2008","71113","SECO"
"0845.711.722","001","2008","81300","MAIN"
"0845.711.722","001","2008","02100","SECO"
"0845.711.722","001","2008","43994","SECO"
"0846.276.203","001","2025","87202","MAIN"
"0846.276.203","001","2008","87202","MAIN"
"0846.303.125","001","2025","87202","MAIN"
"0846.303.125","001","2008","87202","MAIN"
"0846.471.884","006","2025","96220","MAIN"
"0846.471.884","001","2025","96220","SECO"
"0846.471.884","001","2025","96230","MAIN"
"0846.471.884","001","2008","96022","SECO"
"0846.471.884","001","2008","96040","MAIN"
"0846.671.725","001","2025","56210","SECO"
"0846.671.725","001","2025","47110","MAIN"
"0846.671.725","001","2008","56210","SECO"
"0846.671.725","001","2008","47113","MAIN"
"0849.177.689","001","2025","56301","MAIN"
"0849.177.689","001","2008","56301","MAIN"
"0849.634.579","001","2025","96220","SECO"
"0849.634.579","001","2025","86994","MAIN"
"0849.634.579","001","2008","96022","SECO"
"0851.567.453","001","2025","69101","MAIN"
"0851.567.453","001","2008","69101","MAIN"
"0855.119.336","001","2025","46160","MAIN"
"0855.119.336","001","2025","46190","SECO"
"0855.119.336","001","2025","82990","SECO"
"0864.011.068","001","2025","69201","MAIN"
"0864.011.068","001","2003","74122","MAIN"
"0864.011.068","003","2008","69201","MAIN"
"0864.011.068","001","2008","69201","MAIN"
"0864.011.068","003","2025","69201","MAIN"
"0864.011.068","003","2003","74122","MAIN"
"0865.763.404","001","2025","47793","SECO"
"0865.763.404","001","2025","49420","MAIN"
"0865.763.404","001","2025","82990","SECO"
"0865.763.404","001","2008","82990","SECO"
"0865.763.404","001","2008","47793","SECO"
"0865.763.404","001","2008","49420","MAIN"
"0865.808.835","001","2025","93130","MAIN"
"0865.808.835","001","2008","93130","MAIN"
"0866.041.536","001","2025","43120","SECO"
"0866.041.536","001","2025","43110","MAIN"
"0866.041.536","001","2025","42220","SECO"
"0866.041.536","001","2025","42110","SECO"
"0866.041.536","001","2025","43990","SECO"
"0866.041.536","001","2025","43130","SECO"
"0866.041.536","001","2003","45230","SECO"
"0866.041.536","001","2003","45112","SECO"
"0866.041.536","001","2003","45215","SECO"
"0866.041.536","001","2003","45250","SECO"
"0866.041.536","001","2003","45111","MAIN"
"0866.041.536","001","2003","45120","SECO"
"0866.041.536","001","2008","42110","SECO"
"0866.041.536","001","2008","43999","SECO"
"0866.041.536","001","2008","43120","SECO"
"0866.041.536","001","2008","43130","SECO"
"0866.041.536","001","2008","43110","MAIN"
"0866.041.536","001","2008","42220","SECO"
"0867.499.902","006","2025","62100","MAIN"
"0867.499.902","001","2025","62100","MAIN"
"0867.499.902","001","2003","72220","MAIN"
"0867.499.902","001","2008","62010","MAIN"
"0869.643.206","001","2025","41001","MAIN"
"0869.643.206","001","2003","45211","MAIN"
"0869.643.206","001","2008","41201","MAIN"
"0872.371.379","001","2025","47120","SECO"
"0872.371.379","001","2025","47221","SECO"
"0872.371.379","001","2025","46321","SECO"
"0872.371.379","001","2025","47222","SECO"
"0872.371.379","001","2025","01462","MAIN"
"0872.371.379","001","2025","01500","SECO"
"0872.371.379","001","2003","01232","MAIN"
"0872.371.379","001","2003","01300","SECO"
"0872.371.379","001","2008","46321","SECO"
"0872.371.379","001","2008","01462","MAIN"
"0872.371.379","001","2008","47221","SECO"
"0872.371.379","001","2008","01500","SECO"
"0872.371.379","001","2008","47222","SECO"
"0872.371.379","001","2008","47910","SECO"
"0872.393.155","001","2025","43410","SECO"
"0872.393.155","001","2025","43230","MAIN"
"0872.393.155","001","2025","43221","SECO"
"0872.393.155","001","2003","45332","SECO"
"0872.393.155","001","2003","45220","MAIN"
"0872.393.155","001","2008","43291","MAIN"
"0872.393.155","001","2008","43221","SECO"
"0872.393.155","001","2008","43910","SECO"
"0876.037.187","006","2025","62200","MAIN"
"0876.037.187","001","2025","62200","MAIN"
"0876.037.187","001","2025","26200","SECO"
"0876.037.187","001","2025","46500","SECO"
"0876.037.187","001","2025","26700","SECO"
"0876.037.187","001","2003","51840","SECO"
"0876.037.187","001","2003","30020","SECO"
"0876.037.187","001","2003","72100","MAIN"
"0876.037.187","001","2003","24650","SECO"
"0876.037.187","001","2008","26200","SECO"
"0876.037.187","001","2008","26800","SECO"
"0876.037.187","001","2008","62020","MAIN"
"0876.037.187","001","2008","46510","SECO"
"0876.451.220","001","2025","52250","MAIN"
"0876.451.220","001","2003","63401","MAIN"
"0876.451.220","001","2008","52290","MAIN"
"0877.428.841","006","2025","56301","MAIN"
"0877.428.841","001","2025","56301","MAIN"
"0878.481.587","006","2025","47716","MAIN"
"0878.481.587","001","2025","46431","SECO"
"0878.481.587","001","2025","46160","SECO"
"0878.481.587","001","2025","47512","SECO"
"0878.481.587","001","2025","47716","SECO"
"0878.481.587","001","2025","47519","SECO"
"0878.481.587","001","2025","47540","MAIN"
"0878.481.587","001","2003","52450","SECO"
"0878.481.587","001","2003","51430","MAIN"
"0878.481.587","001","2008","47519","SECO"
"0878.481.587","001","2008","47716","SECO"
"0878.481.587","001","2008","47512","SECO"
"0878.481.587","001","2008","47540","MAIN"
"0878.481.587","001","2008","46431","SECO"
"0878.481.587","001","2008","46160","SECO"
"0879.548.389","001","2025","43320","SECO"
"0879.548.389","001","2025","43211","SECO"
"0879.548.389","001","2025","43990","SECO"
"0879.548.389","001","2025","25530","MAIN"
"0879.548.389","001","2003","45310","SECO"
"0879.548.389","001","2003","45422","SECO"
"0879.548.389","001","2003","45250","SECO"
"0879.548.389","001","2003","28520","MAIN"
"0879.548.389","001","2008","43211","SECO"
"0879.548.389","001","2008","25620","MAIN"
"0879.548.389","001","2008","43999","SECO"
"0879.548.389","001","2008","43320","SECO"
"0880.053.779","006","2003","51441","MAIN"
"0880.053.779","006","2025","46494","MAIN"
"0880.053.779","001","2025","46900","MAIN"
"0880.053.779","001","2003","51900","MAIN"
"0880.053.779","006","2008","46494","MAIN"
"0880.053.779","001","2008","46900","MAIN"
"0881.512.838","006","2025","70200","MAIN"
"0881.512.838","001","2025","68121","MAIN"
"0881.512.838","001","2025","70100","SECO"
"0881.512.838","001","2025","68110","SECO"
"0881.512.838","001","2003","70111","MAIN"
"0881.512.838","001","2008","41101","MAIN"
"0881.512.838","001","2008","70100","SECO"
"0881.512.838","001","2008","68100","SECO"
"0882.234.202","001","2025","47811","MAIN"
"0882.234.202","001","2025","47820","SECO"
"0882.234.202","001","2025","95311","SECO"
"0882.234.202","001","2003","50103","MAIN"
"0882.234.202","001","2003","50200","SECO"
"0882.234.202","001","2003","50302","SECO"
"0882.234.202","001","2008","45201","SECO"
"0882.234.202","001","2008","45320","SECO"
"0882.234.202","001","2008","45113","MAIN"
"0883.209.546","001","2025","81220","SECO"
"0883.209.546","001","2025","43990","SECO"
"0883.209.546","001","2025","43422","SECO"
"0883.209.546","001","2025","43331","SECO"
"0883.209.546","001","2025","41001","MAIN"
"0883.209.546","001","2003","45211","MAIN"
"0883.209.546","001","2008","41201","MAIN"
"0883.209.546","001","2008","43331","SECO"
"0883.209.546","001","2008","43996","SECO"
"0883.209.546","001","2008","43995","SECO"
"0883.209.546","001","2008","43992","SECO"
"0884.129.264","001","2025","25110","SECO"
"0884.129.264","001","2025","25530","MAIN"
"0884.129.264","001","2003","28110","SECO"
"0884.129.264","001","2003","28520","MAIN"
"0884.129.264","001","2008","25620","MAIN"
"0884.129.264","001","2008","25110","SECO"
"0884.374.833","001","2025","96301","MAIN"
"0884.374.833","001","2025","47761","SECO"
"0884.374.833","001","2025","47789","SECO"
"0884.374.833","001","2025","18120","SECO"
"0884.374.833","001","2003","22220","SECO"
"0884.374.833","001","2003","52483","SECO"
"0884.374.833","001","2003","52498","SECO"
"0884.374.833","001","2003","93031","MAIN"
"0884.374.833","001","2008","96031","MAIN"
"0884.374.833","001","2008","47789","SECO"
"0884.374.833","001","2008","18120","SECO"
"0884.374.833","001","2008","47761","SECO"
"0885.635.734","001","2025","41001","MAIN"
"0885.635.734","001","2003","45211","MAIN"
"0885.635.734","001","2003","45212","SECO"
"0885.635.734","001","2008","41201","MAIN"
"0886.808.741","006","2025","73110","MAIN"
"0886.808.741","001","2025","64210","SECO"
"0886.808.741","001","2025","73110","SECO"
"0886.808.741","001","2025","46190","SECO"
"0886.808.741","001","2025","73300","SECO"
"0886.808.741","001","2025","73120","MAIN"
"0886.808.741","001","2003","51190","SECO"
"0886.808.741","001","2003","74401","SECO"
"0886.808.741","001","2003","74151","SECO"
"0886.808.741","001","2003","74141","SECO"
"0886.808.741","001","2003","74402","MAIN"
"0886.808.741","001","2008","73120","MAIN"
"0886.808.741","001","2008","73110","SECO"
"0886.808.741","001","2008","46190","SECO"
"0886.808.741","001","2008","64200","SECO"
"0886.808.741","001","2008","70210","SECO"
"0887.333.630","001","2025","62100","SECO"
"0887.333.630","001","2025","62200","MAIN"
"0887.333.630","001","2025","47400","SECO"
"0887.333.630","001","2025","46500","SECO"
"0887.333.630","001","2003","72100","MAIN"
"0887.333.630","001","2003","52487","SECO"
"0887.333.630","001","2003","72220","SECO"
"0887.333.630","001","2003","51850","SECO"
"0887.333.630","001","2008","47410","SECO"
"0887.333.630","001","2008","62020","MAIN"
"0887.333.630","001","2008","62010","SECO"
"0887.333.630","001","2008","46660","SECO"
"0889.562.650","001","2025","70200","SECO"
"0889.562.650","001","2025","61100","MAIN"
"0889.562.650","001","2025","47781","SECO"
"0889.562.650","001","2025","62200","SECO"
"0889.562.650","001","2003","52630","SECO"
"0889.562.650","001","2003","74142","SECO"
"0889.562.650","001","2003","64200","MAIN"
"0889.562.650","001","2008","47990","SECO"
"0889.562.650","001","2008","70220","SECO"
"0889.562.650","001","2008","61200","MAIN"
"0889.562.650","001","2008","62020","SECO"
"0890.130.990","001","2025","22240","MAIN"
"0890.130.990","001","2025","43320","SECO"
"0890.130.990","001","2003","45421","SECO"
"0890.130.990","001","2003","25230","SECO"
"0890.130.990","001","2008","22230","MAIN"
"0890.130.990","001","2008","43320","SECO"
"0893.190.351","006","2025","43222","MAIN"
"0893.190.351","001","2025","49410","SECO"
"0893.190.351","001","2025","95311","SECO"
"0893.190.351","001","2025","43211","SECO"
"0893.190.351","001","2025","33120","MAIN"
"0893.190.351","001","2025","43222","SECO"
"0893.190.351","001","2025","43221","SECO"
"0893.190.351","001","2003","45332","SECO"
"0893.190.351","001","2003","45310","SECO"
"0893.190.351","001","2003","50200","MAIN"
"0893.190.351","001","2003","45331","SECO"
"0893.190.351","001","2003","60242","SECO"
"0893.190.351","006","2008","43222","MAIN"
"0893.190.351","001","2008","43211","SECO"
"0893.190.351","001","2008","43221","SECO"
"0893.190.351","001","2008","43222","SECO"
"0893.190.351","001","2008","49410","SECO"
"0893.190.351","001","2008","33120","MAIN"
"0893.190.351","001","2008","45201","SECO"
"0893.292.596","001","2025","46450","MAIN"
"0893.292.596","001","2008","46450","MAIN"
"0894.001.587","001","2025","47279","SECO"
"0894.001.587","001","2025","47120","MAIN"
"0894.001.587","001","2025","47110","SECO"
"0894.001.587","001","2025","47252","SECO"
"0894.001.587","001","2008","47299","SECO"
"0894.001.587","001","2008","47112","SECO"
"0894.001.587","001","2008","47252","SECO"
"0894.001.587","001","2008","47910","MAIN"
"0895.226.856","006","2025","96210","MAIN"
"0895.226.856","001","2025","96210","MAIN"
"0895.226.856","001","2008","96021","MAIN"
"0895.430.655","001","2025","56111","SECO"
"0895.430.655","001","2025","56301","MAIN"
"0895.430.655","001","2008","56101","SECO"
"0895.430.655","001","2008","56301","MAIN"
"0895.527.655","006","2025","43320","MAIN"
"0895.527.655","001","2025","43320","MAIN"
"0895.527.655","001","2008","43320","MAIN"
"0895.793.515","001","2025","43343","SECO"
"0895.793.515","001","2025","43320","MAIN"
"0895.793.515","001","2008","43320","MAIN"
"0895.793.515","001","2008","43343","SECO"
"0897.364.519","001","2025","68201","SECO"
"0897.364.519","001","2025","56111","SECO"
"0897.364.519","001","2025","56210","MAIN"
"0897.364.519","001","2008","68201","SECO"
"0897.364.519","001","2008","56101","SECO"
"0897.364.519","001","2008","56210","MAIN"
"0897.735.889","001","2025","43120","SECO"
"0897.735.889","001","2025","42219","SECO"
"0897.735.889","001","2025","43910","MAIN"
"0897.735.889","001","2025","42110","SECO"
"0897.735.889","001","2025","43110","SECO"
"0897.735.889","001","2025","25401","SECO"
"0897.735.889","001","2008","25501","SECO"
"0897.735.889","001","2008","42219","SECO"
"0897.735.889","001","2008","43994","MAIN"
"0897.735.889","001","2008","42110","SECO"
"0897.735.889","001","2008","43120","SECO"
"0897.735.889","001","2008","43110","SECO"
"1000.935.773","006","2025","81300","MAIN"
"1000.935.773","001","2025","43120","SECO"
"1000.935.773","001","2025","81300","SECO"
"1000.935.773","001","2025","93293","SECO"
"1000.935.773","001","2025","71113","MAIN"
"1000.935.773","001","2025","01301","SECO"
"1000.935.773","001","2025","01191","SECO"
"1000.935.773","001","2008","43120","SECO"
"1000.935.773","001","2008","81300","SECO"
"1000.935.773","001","2008","01301","SECO"
"1000.935.773","001","2008","71113","MAIN"
"1000.935.773","001","2008","01191","SECO"
"1000.935.773","001","2008","93292","SECO"
"1002.079.086","001","2025","70200","SECO"
"1002.079.086","001","2025","90120","SECO"
"1002.079.086","001","2025","96210","MAIN"
"1002.079.086","001","2025","73300","SECO"
"1002.079.086","001","2025","90391","SECO"
"1002.079.086","001","2008","90032","SECO"
"1002.079.086","001","2008","70220","SECO"
"1002.079.086","001","2008","90021","SECO"
"1002.079.086","001","2008","96021","MAIN"
"1002.079.086","001","2008","70210","SECO"
"1002.908.041","001","2025","43350","SECO"
"1002.908.041","001","2025","52250","SECO"
"1002.908.041","001","2025","53200","MAIN"
"1002.908.041","001","2008","52290","SECO"
"1002.908.041","001","2008","53200","MAIN"
"1002.908.041","001","2008","43390","SECO"
"1002.913.880","001","2025","10890","SECO"
"1002.913.880","001","2025","46170","SECO"
"1002.913.880","001","2025","10392","SECO"
"1002.913.880","001","2025","10391","SECO"
"1002.913.880","001","2025","10850","MAIN"
"1002.913.880","001","2025","46389","SECO"
"1002.913.880","001","2008","10850","MAIN"
"1002.913.880","001","2008","46170","SECO"
"1002.913.880","001","2008","10391","SECO"
"1002.913.880","001","2008","10890","SECO"
"1002.913.880","001","2008","46389","SECO"
"1002.913.880","001","2008","10392","SECO"
"1003.082.641","001","2025","47110","MAIN"
"1003.082.641","001","2008","47112","MAIN"
"1003.170.139","001","2025","52250","SECO"
"1003.170.139","001","2025","49410","MAIN"
"1003.170.139","001","2025","82990","SECO"
"1003.170.139","001","2008","52290","SECO"
"1003.170.139","001","2008","82990","SECO"
"1003.170.139","001","2008","49410","MAIN"
"1004.017.801","001","2025","43343","SECO"
"1004.017.801","001","2025","95290","SECO"
"1004.017.801","001","2025","43211","SECO"
"1004.017.801","001","2025","81220","MAIN"
"1004.017.801","001","2025","43221","SECO"
"1004.017.801","001","2008","43343","SECO"
"1004.017.801","001","2008","43221","SECO"
"1004.017.801","001","2008","81220","MAIN"
"1004.017.801","001","2008","43211","SECO"
"1004.017.801","001","2008","95290","SECO"
"1004.100.151","006","2025","53200","MAIN"
"1004.100.151","001","2025","47210","MAIN"
"1004.100.151","001","2025","53200","SECO"
"1004.100.151","001","2025","43211","SECO"
"1004.100.151","001","2025","42220","SECO"
"1004.100.151","001","2025","62100","SECO"
"1004.100.151","001","2025","47789","SECO"
"1004.100.151","001","2025","47716","SECO"
"1004.100.151","001","2025","95100","SECO"
"1004.100.151","001","2025","62900","SECO"
"1004.100.151","001","2025","96210","SECO"
"1004.100.151","001","2025","43221","SECO"
"1004.100.151","001","2008","43221","SECO"
"1004.100.151","001","2008","47210","MAIN"
"1004.100.151","001","2008","42220","SECO"
"1004.100.151","001","2008","47716","SECO"
"1004.100.151","001","2008","47789","SECO"
"1004.369.375","001","2025","82100","SECO"
"1004.369.375","001","2025","70200","SECO"
"1004.369.375","001","2025","53200","SECO"
"1004.369.375","001","2025","85592","SECO"
"1004.369.375","001","2025","82990","SECO"
"1004.369.375","001","2025","52100","MAIN"
"1004.369.375","001","2008","53200","SECO"
"1004.369.375","001","2008","70220","SECO"
"1004.369.375","001","2008","52100","MAIN"
"1004.369.375","001","2008","82990","SECO"
"1004.369.375","001","2008","82110","SECO"
"1004.369.375","001","2008","85592","SECO"
"1004.713.132","001","2025","56112","MAIN"
"1004.713.132","001","2008","56102","MAIN"
"1005.480.818","006","2025","81300","MAIN"
"1005.480.818","001","2025","68201","SECO"
"1005.480.818","001","2025","81100","SECO"
"1005.480.818","001","2025","82990","MAIN"
"1005.480.818","001","2025","63920","SECO"
"1005.480.818","001","2025","66300","SECO"
"1005.480.818","001","2008","63990","SECO"
"1005.480.818","001","2008","66300","SECO"
"1005.480.818","001","2008","81100","SECO"
"1005.480.818","001","2008","68201","SECO"
"1005.480.818","001","2008","82990","MAIN"
"1006.088.453","006","2025","95316","MAIN"
"1006.088.453","001","2025","81230","SECO"
"1006.088.453","001","2025","95316","MAIN"
"1006.088.453","001","2025","96101","SECO"
"1006.088.453","001","2008","45206","MAIN"
"1006.088.453","001","2008","81290","SECO"
"1006.088.453","001","2008","96011","SECO"
"1006.297.695","006","2025","96210","MAIN"
"1006.297.695","001","2025","47120","SECO"
"1006.297.695","001","2025","96220","SECO"
"1006.297.695","001","2025","96210","MAIN"
"1006.297.695","001","2008","47910","SECO"
"1006.297.695","001","2008","96021","MAIN"
"1006.297.695","001","2008","96022","SECO"
"1006.846.241","001","2025","56112","MAIN"
"1006.846.241","001","2025","56301","SECO"
"1006.846.241","001","2008","56102","MAIN"
"1006.846.241","001","2008","56301","SECO"
"1006.945.122","006","2025","53200","MAIN"
"1006.945.122","001","2025","43350","SECO"
"1006.945.122","001","2025","52250","SECO"
"1006.945.122","001","2025","46713","SECO"
"1006.945.122","001","2025","49320","SECO"
"1006.945.122","001","2025","46831","SECO"
"1006.945.122","001","2025","47781","MAIN"
"1006.945.122","001","2025","49310","SECO"
"1006.945.122","001","2025","53200","SECO"
"1006.945.122","001","2025","85510","SECO"
"1006.945.122","001","2025","47811","SECO"
"1006.945.122","001","2025","47812","SECO"
"1006.945.122","001","2008","53200","SECO"
"1006.945.122","001","2008","85510","SECO"
"1006.945.122","001","2008","52290","SECO"
"1006.945.122","001","2008","46731","SECO"
"1006.945.122","001","2008","47990","MAIN"
"1006.945.122","001","2008","43390","SECO"
"1007.627.684","001","2025","68203","MAIN"
"1007.627.684","001","2008","68203","MAIN"
"1007.648.272","006","2025","56112","MAIN"
"1007.648.272","001","2025","56112","MAIN"
"1007.648.272","001","2008","56102","MAIN"
"1007.955.209","006","2025","86940","MAIN"
"1008.017.466","001","2025","62100","MAIN"
"1008.017.466","001","2025","70200","SECO"
"1008.017.466","001","2025","62900","SECO"
"1008.017.466","001","2025","58290","SECO"
"1008.017.466","001","2025","62200","SECO"
"1008.017.466","001","2025","68110","SECO"
"1008.017.466","001","2008","62010","MAIN"
"1008.017.466","001","2008","70220","SECO"
"1008.017.466","001","2008","58290","SECO"
"1008.017.466","001","2008","68100","SECO"
"1008.017.466","001","2008","62090","SECO"
"1008.017.466","001","2008","62020","SECO"
"1008.214.535","001","2025","56111","MAIN"
"1008.214.535","001","2025","56112","SECO"
"1008.214.535","001","2008","56101","MAIN"
"1008.214.535","001","2008","56102","SECO"
"1008.308.169","001","2025","56112","MAIN"
"1008.308.169","001","2025","10520","SECO"
"1008.308.169","001","2008","56102","MAIN"
"1008.308.169","001","2008","10520","SECO"
"1008.405.367","001","2025","56111","SECO"
"1008.405.367","001","2025","56301","MAIN"
"1008.405.367","001","2008","56301","MAIN"
"1008.405.367","001","2008","56101","SECO"
"1008.431.992","006","2025","47110","MAIN"
"1008.431.992","001","2025","46349","SECO"
"1008.431.992","001","2025","46190","MAIN"
"1008.431.992","001","2025","46389","SECO"
"1008.431.992","001","2025","46392","SECO"
"1008.431.992","001","2008","46190","MAIN"
"1008.431.992","001","2008","46349","SECO"
"1008.431.992","001","2008","46389","SECO"
"1008.431.992","001","2008","46392","SECO"
"1008.794.852","006","2025","81210","MAIN"
"1008.794.852","001","2025","81210","MAIN"
"1008.794.852","001","2008","81210","MAIN"
"1009.151.475","001","2025","96220","SECO"
"1009.151.475","001","2025","96210","MAIN"
"1009.151.475","001","2025","96999","SECO"
"1009.151.475","001","2025","47750","SECO"
"1009.151.475","001","2008","47750","SECO"
"1009.151.475","001","2008","96099","SECO"
"1009.151.475","001","2008","96022","SECO"
"1009.151.475","001","2008","96021","MAIN"
"1009.185.525","006","2025","68110","MAIN"
"1009.336.567","006","2025","70200","MAIN"
"1009.336.567","001","2025","70200","MAIN"
"1009.336.567","001","2008","70220","MAIN"
"1011.963.782","006","2025","66191","MAIN"
"1012.552.613","006","2025","47120","MAIN"
"1012.644.168","006","2025","96210","MAIN"
"1012.644.168","001","2025","56120","SECO"
"1012.644.168","001","2025","56111","SECO"
"1012.644.168","001","2025","56112","SECO"
"1012.644.168","001","2025","47716","SECO"
"1012.644.168","001","2025","47110","MAIN"
"1012.644.168","001","2008","47716","SECO"
"1012.644.168","001","2008","47112","MAIN"
"1012.758.192","006","2025","59112","MAIN"
"1012.758.192","001","2025","59111","MAIN"
"1012.758.192","001","2025","59113","SECO"
"1012.758.192","001","2025","59112","SECO"
"1012.758.192","001","2008","59111","MAIN"
"1012.758.192","001","2008","59113","SECO"
"1012.758.192","001","2008","59112","SECO"
"1013.483.120","006","2025","56301","MAIN"
"1013.483.120","001","2025","56309","SECO"
"1013.483.120","001","2025","81230","SECO"
"1013.483.120","001","2025","47793","SECO"
"1013.483.120","001","2025","47792","SECO"
"1013.483.120","001","2025","47791","MAIN"
"1013.483.120","001","2025","56301","SECO"
"1013.483.120","001","2008","47792","SECO"
"1013.483.120","001","2008","47793","SECO"
"1013.483.120","001","2008","56309","SECO"
"1013.483.120","001","2008","56301","SECO"
"1013.483.120","001","2008","81290","SECO"
"1013.483.120","001","2008","47791","MAIN"
"1013.636.736","001","2025","43230","SECO"
"1013.636.736","001","2025","41001","MAIN"
"1013.636.736","001","2025","81210","SECO"
"1013.734.033","006","2025","47110","MAIN"
"1013.755.710","006","2025","49410","MAIN"
"1013.755.710","001","2025","52250","SECO"
"1013.755.710","001","2025","49410","MAIN"
"1013.755.710","001","2025","53200","SECO"
"1013.755.710","001","2008","52290","SECO"
"1013.755.710","001","2008","53200","SECO"
"1013.755.710","001","2008","49410","MAIN"
"1013.924.073","006","2025","62200","MAIN"
"1013.924.073","001","2025","62200","MAIN"
"1013.924.073","001","2008","62020","MAIN"
"1014.014.838","006","2025","49410","MAIN"
"1014.014.838","001","2025","52250","SECO"
"1014.014.838","001","2025","49410","SECO"
"1014.014.838","001","2025","70200","MAIN"
"1014.014.838","001","2008","70220","MAIN"
"1014.222.991","006","2025","97000","MAIN"
"1014.280.597","006","2025","62100","MAIN"
"1014.280.597","001","2025","62100","MAIN"
"1014.280.597","001","2008","62010","MAIN"
"1014.864.676","006","2025","47716","MAIN"
"1014.864.676","001","2025","47120","MAIN"
"1015.358.089","006","2025","43331","MAIN"
"1015.358.089","001","2025","43910","SECO"
"1015.358.089","001","2025","43230","SECO"
"1015.358.089","001","2025","81300","SECO"
"1015.358.089","001","2025","81220","SECO"
"1015.358.089","001","2025","43331","SECO"
"1015.358.089","001","2025","43120","MAIN"
"1015.358.089","001","2008","43992","SECO"
"1015.358.089","001","2008","43331","SECO"
"1015.358.089","001","2008","43291","SECO"
"1015.358.089","001","2008","43120","MAIN"
"1015.358.089","001","2008","43994","SECO"
"1015.358.089","001","2008","81300","SECO"
"1015.766.578","006","2025","43990","MAIN"
"1015.766.578","001","2025","43350","SECO"
"1015.766.578","001","2025","43240","SECO"
"1015.766.578","001","2025","47761","SECO"
"1015.766.578","001","2025","42110","SECO"
"1015.766.578","001","2025","81300","MAIN"
"1015.766.578","001","2025","43990","SECO"
"1015.766.578","001","2008","81300","MAIN"
"1015.766.578","001","2008","43299","SECO"
"1015.766.578","001","2008","47761","SECO"
"1015.766.578","001","2008","43390","SECO"
"1015.766.578","001","2008","43999","SECO"
"1015.766.578","001","2008","42110","SECO"
"1016.246.630","001","2025","95312","MAIN"
"1016.246.630","001","2008","45202","MAIN"
"1016.764.886","006","2025","96210","MAIN"
"1016.764.886","001","2025","96210","MAIN"
"1017.032.726","006","2025","49410","MAIN"
"1017.032.726","001","2025","53200","MAIN"
"1017.032.726","001","2025","49330","SECO"
"1017.032.726","001","2008","53200","MAIN"
"1017.032.726","001","2008","49320","SECO"
"1017.343.621","006","2025","93130","MAIN"
"1017.470.711","001","2025","69101","MAIN"
"1017.668.075","001","2025","52250","SECO"
"1017.668.075","001","2025","49410","MAIN"
"1017.668.075","001","2025","53200","SECO"
"1017.668.075","001","2025","49420","SECO"
"1017.668.075","001","2025","49330","SECO"
"1017.807.241","001","2025","43230","SECO"
"1017.807.241","001","2025","46832","SECO"
"1017.807.241","001","2025","43410","SECO"
"1017.807.241","001","2025","43320","SECO"
"1017.807.241","001","2025","16110","MAIN"
"1017.807.241","001","2008","43320","SECO"
"1017.807.241","001","2008","43291","SECO"
"1017.807.241","001","2008","46732","SECO"
"1017.807.241","001","2008","16100","MAIN"
"1017.807.241","001","2008","43910","SECO"
"1018.472.779","001","2025","68310","MAIN"
"1018.472.779","001","2025","68322","SECO"
"1018.472.779","001","2025","68321","SECO"
"1018.472.779","001","2025","68122","SECO"
"1018.472.779","001","2025","68121","SECO"
"1018.806.935","006","2025","53200","MAIN"
"1018.806.935","001","2025","47811","SECO"
"1018.806.935","001","2025","53200","MAIN"
"1019.058.046","001","2025","81230","SECO"
"1019.058.046","001","2025","81220","SECO"
"1019.058.046","001","2025","81210","MAIN"
"1019.058.046","001","2025","95290","SECO"
"1019.058.046","001","2025","96102","SECO"
"1019.250.759","006","2025","56112","MAIN"
"1019.250.759","001","2025","56112","MAIN"
"1019.363.991","001","2025","56111","MAIN"
"1019.531.267","006","2025","49410","MAIN"
"1019.531.267","001","2025","66300","SECO"
"1019.531.267","001","2025","49410","MAIN"
"1019.531.267","001","2025","52100","SECO"
"1019.531.267","001","2025","52250","SECO"
"1019.531.267","001","2025","91420","SECO"
"1019.683.794","006","2025","47110","MAIN"
"1019.683.794","001","2025","47110","MAIN"
"1020.265.004","006","2025","47750","MAIN"
"1020.265.004","001","2025","46450","SECO"
"1020.265.004","001","2025","82990","SECO"
"1020.265.004","001","2025","85599","SECO"
"1020.265.004","001","2025","47120","SECO"
"1020.265.004","001","2025","20420","MAIN"
"1020.265.004","001","2025","96220","SECO"
"1020.325.677","006","2025","96210","MAIN"
"1020.325.677","001","2025","96210","MAIN"
"1020.477.216","006","2025","47640","MAIN"
"1020.477.216","001","2025","47120","MAIN"
"1020.988.346","006","2025","86951","MAIN"
"1020.988.346","001","2025","85510","SECO"
"1020.988.346","001","2025","82990","SECO"
"1020.988.346","001","2025","82100","SECO"
"1020.988.346","001","2025","77225","SECO"
"1020.988.346","001","2025","93130","SECO"
"1020.988.346","001","2025","86951","MAIN"
"1020.988.346","001","2025","93199","SECO"
"1021.272.715","006","2025","47110","MAIN"
"1021.272.715","001","2025","46190","SECO"
"1021.272.715","001","2025","47110","MAIN"
"1021.272.715","001","2025","52320","SECO"
"1021.584.994","006","2025","43990","MAIN"
"1021.584.994","001","2025","68110","SECO"
"1021.584.994","001","2025","43331","SECO"
"1021.584.994","001","2025","41001","MAIN"
"1021.584.994","001","2025","43990","SECO"
"1021.923.902","006","2025","49330","MAIN"
"1021.923.902","001","2025","43910","MAIN"
"1021.923.902","001","2025","53200","SECO"
"1021.923.902","001","2025","49410","SECO"
"1021.923.902","001","2025","49330","SECO"
"1021.923.902","001","2025","43990","SECO"
"1021.923.902","001","2025","49320","SECO"
"1021.923.902","001","2025","49310","SECO"
"1021.923.902","001","2025","47811","SECO"
"1021.928.454","006","2025","46460","MAIN"
"1021.928.454","001","2025","46460","MAIN"
"1021.928.454","001","2025","47730","SECO"
"1022.065.244","001","2025","71121","MAIN"
"1022.065.244","001","2025","56210","SECO"
"1022.065.244","001","2025","74140","SECO"
"1022.065.244","001","2025","56120","SECO"
"1022.065.244","001","2025","74120","SECO"
"1023.433.835","001","2025","43331","MAIN"
"1023.433.835","001","2025","43310","SECO"
"1023.477.583","006","2025","53200","MAIN"
"1023.477.583","001","2025","52260","SECO"
"1023.477.583","001","2025","49410","SECO"
"1023.477.583","001","2025","53200","MAIN"
"1023.661.586","001","2025","77394","MAIN"
"1023.892.309","001","2025","68203","SECO"
"1023.892.309","001","2025","96230","SECO"
"1023.892.309","001","2025","47252","SECO"
"1023.892.309","001","2025","47750","SECO"
"1023.892.309","001","2025","96220","MAIN"
"1024.070.570","006","2025","01500","MAIN"
"1024.070.570","001","2025","10510","SECO"
"1024.070.570","001","2025","01500","MAIN"
"1024.070.570","001","2025","01110","SECO"
"1024.070.570","001","2025","01130","SECO"
"1024.070.570","001","2025","01410","SECO"
"1024.551.810","006","2025","86940","MAIN"
"1024.551.810","001","2025","86940","MAIN"
"1024.560.916","006","2025","47110","MAIN"
"1024.560.916","001","2025","47110","MAIN"
"1025.106.490","006","2025","56112","MAIN"
"1025.106.490","001","2025","56111","MAIN"
"1025.696.905","006","2025","56112","MAIN"
"1025.712.345","006","2025","53200","MAIN"
"1025.712.345","001","2025","53200","SECO"
"1025.712.345","001","2025","49410","MAIN"
"1025.712.345","001","2025","52250","SECO"
"1025.712.345","001","2025","52260","SECO"
"1026.093.813","006","2025","70200","MAIN"
"1026.093.813","001","2025","78100","SECO"
"1026.093.813","001","2025","70200","MAIN"
"1026.165.275","006","2025","43341","MAIN"
"1026.165.275","001","2025","43341","MAIN"
"1026.165.275","001","2025","43333","SECO"
"1026.165.275","001","2025","43342","SECO"
"1026.165.275","001","2025","43350","SECO"
"1026.502.993","006","2025","73200","MAIN"
"1027.978.185","001","2025","42990","SECO"
"1027.978.185","001","2025","43350","SECO"
"1027.978.185","001","2025","41001","MAIN"
"1028.186.934","001","2025","56301","MAIN"
"1028.431.414","006","2025","43221","MAIN"
"1028.431.414","001","2025","43222","SECO"
"1028.431.414","001","2025","43910","SECO"
"1028.431.414","001","2025","43221","MAIN"
"1028.431.414","001","2025","43422","SECO"
"1028.431.414","001","2025","43223","SECO"
"1028.780.812","006","2025","81210","MAIN"
"1028.780.812","001","2025","43990","SECO"
"1028.780.812","001","2025","81230","SECO"
"1028.780.812","001","2025","81220","SECO"
"1028.780.812","001","2025","41001","MAIN"
"1028.780.812","001","2025","81210","SECO"
"1029.044.393","006","2025","56301","MAIN"
"1029.044.393","001","2025","56120","MAIN"
"1029.158.221","001","2025","47110","MAIN"
"1029.200.583","006","2025","62100","MAIN"
"1029.200.583","001","2025","63910","SECO"
"1029.200.583","001","2025","62100","SECO"
"1029.200.583","001","2025","62200","MAIN"
"1029.200.583","001","2025","63100","SECO"
"1029.200.583","001","2025","62900","SECO"
"1029.667.866","001","2025","10720","MAIN"
"1029.667.866","001","2025","10711","SECO"
"1029.729.333","006","2025","96210","MAIN"
"1029.729.333","001","2025","96210","MAIN"
"1029.789.810","006","2025","90391","MAIN"
"1029.894.431","006","2025","49410","MAIN"
"1029.894.431","001","2025","79110","SECO"
"1029.894.431","001","2025","53200","MAIN"
"1029.894.431","001","2025","49410","SECO"
"1029.894.431","001","2025","82400","SECO"
"1030.544.133","006","2025","56301","MAIN"
"1030.544.133","001","2025","56301","MAIN"
"1031.567.680","006","2025","56112","MAIN"
"1031.567.680","001","2025","56112","MAIN"
"1031.696.453","006","2025","56112","MAIN"
"1031.696.453","001","2025","10712","SECO"
"1031.696.453","001","2025","56112","MAIN"
"1031.696.453","001","2025","47242","SECO"
"1031.696.453","001","2025","47241","SECO"
"1031.898.371","006","2025","90393","MAIN"
"1031.898.371","001","2025","90393","MAIN"
"1033.186.788","006","2025","62100","MAIN"
"1033.186.788","001","2025","62900","SECO"
"1033.186.788","001","2025","62100","SECO"
"1033.186.788","001","2025","62200","MAIN"
"1033.186.788","001","2025","58290","SECO"
"1033.328.726","006","2025","01610","MAIN"
"1033.328.726","001","2025","43120","MAIN"
"1033.328.726","001","2025","01610","SECO"
"1033.328.924","001","2025","43120","MAIN"
"1033.328.924","001","2025","43110","SECO"
"1033.634.176","006","2025","47110","MAIN"
"1033.634.176","001","2025","47110","MAIN"
"1033.797.690","006","2025","85510","MAIN"
"1034.017.228","006","2025","93122","MAIN"
"1034.074.735","006","2025","56111","MAIN"
"1034.074.735","001","2025","56112","MAIN"
"1034.074.735","001","2025","95316","SECO"
"1034.102.746","006","2025","81210","MAIN"
"1034.102.746","001","2025","81210","MAIN"
"1034.191.135","006","2025","64210","MAIN"
"1034.191.135","001","2025","70200","SECO"
"1034.191.135","001","2025","64210","MAIN"
"1034.191.135","001","2025","82990","SECO"
"1034.411.760","006","2025","56111","MAIN"
"1034.411.760","001","2025","56301","SECO"
"1034.411.760","001","2025","49420","SECO"
"1034.411.760","001","2025","56112","SECO"
"1034.411.760","001","2025","56111","MAIN"
"1034.651.191","006","2025","70200","MAIN"
"1034.651.191","001","2025","70200","MAIN"
"1034.651.191","001","2025","70100","SECO"
"1034.860.138","006","2025","49330","MAIN"
"1034.860.138","001","2025","49310","SECO"
"1034.860.138","001","2025","49330","MAIN"
"1034.860.138","001","2025","49320","SECO"
"1034.892.505","006","2025","56111","MAIN"
"1034.892.505","001","2025","82990","SECO"
"1034.892.505","001","2025","56301","SECO"
"1034.892.505","001","2025","56309","SECO"
"1034.892.505","001","2025","56111","MAIN"
"1034.892.505","001","2025","47251","SECO"
"1034.922.395","006","2025","49330","MAIN"
"1034.922.395","001","2025","49330","MAIN"
"1034.998.908","006","2025","43341","MAIN"
"1034.998.908","001","2025","43341","MAIN"
"1034.998.908","001","2025","81210","SECO"
"1034.998.908","001","2025","42110","SECO"
"1034.998.908","001","2025","43333","SECO"
"1034.998.908","001","2025","43350","SECO"
"1034.998.908","001","2025","47530","SECO"
"1035.127.085","006","2025","49410","MAIN"
"1035.127.085","001","2025","49410","MAIN"
"1035.385.126","001","2025","94110","MAIN"
"1035.385.126","001","2025","94120","SECO"
"1035.532.606","006","2025","86940","MAIN"
"1035.666.624","006","2025","49330","MAIN"
"1035.666.624","001","2025","49330","MAIN"
"1035.666.624","001","2025","95311","SECO"
"1036.397.587","006","2025","70200","MAIN"
"1036.397.587","001","2025","70200","MAIN"
"1036.397.587","001","2025","68201","SECO"
"1036.397.587","001","2025","68110","SECO"
"1036.516.066","006","2025","56301","MAIN"
"1036.591.389","006","2025","49330","MAIN"
"1036.591.389","001","2025","49320","SECO"
"1036.591.389","001","2025","49310","MAIN"
"1036.591.389","001","2025","49390","SECO"
"1036.591.389","001","2025","49330","SECO"
"1036.829.931","006","2025","33120","MAIN"
"1036.829.931","001","2025","47820","SECO"
"1036.829.931","001","2025","77120","SECO"
"1036.829.931","001","2025","49410","SECO"
"1036.829.931","001","2025","46649","SECO"
"1036.829.931","001","2025","33120","MAIN"
"1036.829.931","001","2025","77310","SECO"
"1036.832.010","006","2025","56301","MAIN"
"1036.832.010","001","2025","62200","SECO"
"1036.832.010","001","2025","82990","SECO"
"1036.832.010","001","2025","56112","MAIN"
"1036.870.216","001","2025","10850","SECO"
"1036.870.216","001","2025","56120","MAIN"
"1036.901.393","006","2025","56112","MAIN"
"1036.901.393","001","2025","56112","MAIN"
"1037.208.924","006","2025","49330","MAIN"
"1037.208.924","001","2025","49320","SECO"
"1037.208.924","001","2025","49410","SECO"
"1037.208.924","001","2025","49330","MAIN"
"1037.208.924","001","2025","53200","SECO"
"1037.242.675","006","2025","47639","MAIN"
"1037.242.675","001","2025","46496","MAIN"
"1037.330.173","006","2025","64210","MAIN"
"1037.330.173","001","2025","70100","SECO"
"1037.330.173","001","2025","70200","SECO"
"1037.330.173","001","2025","64210","MAIN"
"1037.479.336","006","2025","56301","MAIN"
"1037.479.336","001","2025","56301","MAIN"
"1037.526.549","006","2025","56301","MAIN"
"1037.526.549","001","2025","56112","MAIN"
"1037.526.549","001","2025","47251","SECO"
"1037.526.549","001","2025","47252","SECO"
"1037.526.549","001","2025","56301","SECO"
"1037.532.982","006","2025","56220","MAIN"
"1037.532.982","001","2025","56220","MAIN"
"1037.592.667","006","2025","70200","MAIN"
"1037.592.667","001","2025","68122","SECO"
"1037.592.667","001","2025","68121","SECO"
"1037.592.667","001","2025","68110","SECO"
"1037.592.667","001","2025","70200","MAIN"
"1037.741.929","006","2025","78200","MAIN"
"1037.741.929","001","2025","78200","MAIN"
"1037.741.929","001","2025","78100","SECO"
"1037.801.020","006","2025","56301","MAIN"
"1037.801.020","001","2025","56309","SECO"
"1037.801.020","001","2025","56301","MAIN"
"1037.808.146","006","2025","85209","MAIN"
"1037.819.826","006","2025","56111","MAIN"
"1037.819.826","001","2025","56301","MAIN"
"1038.052.725","006","2025","46711","MAIN"
"1038.052.725","001","2025","46720","SECO"
"1038.052.725","001","2025","46711","MAIN"
"1038.311.853","006","2025","46869","MAIN"
"1038.322.741","006","2025","47742","MAIN"
"1038.322.741","001","2025","47782","SECO"
"1038.322.741","001","2025","68110","SECO"
"1038.322.741","001","2025","85599","SECO"
"1038.322.741","001","2025","82990","SECO"
"1038.322.741","001","2025","47742","MAIN"
"1038.322.741","001","2025","96999","SECO"
"1038.345.705","006","2025","47110","MAIN"
"1038.345.705","001","2025","47110","MAIN"
"1038.345.705","001","2025","47252","SECO"
"1038.345.705","001","2025","66199","SECO"
"1038.345.705","001","2025","47120","SECO"
"1038.345.705","001","2025","47260","SECO"
"1038.524.758","006","2025","56112","MAIN"
"1038.524.758","001","2025","56112","MAIN"
"1038.527.233","006","2025","96210","MAIN"
"1038.552.868","006","2025","47210","MAIN"
"1038.552.868","001","2025","47110","MAIN"
"1038.552.868","001","2025","46170","SECO"
"1038.552.868","001","2025","47210","SECO"
"1038.578.010","006","2025","88109","MAIN"
"1038.578.010","001","2025","88109","MAIN"
"1038.578.010","001","2025","85699","SECO"
"1038.578.010","001","2025","79110","SECO"
"1038.578.010","001","2025","96999","SECO"
"1038.578.010","001","2025","79120","SECO"
"1038.638.881","006","2025","56112","MAIN"
"1038.638.881","001","2025","56112","MAIN"
"1038.638.881","001","2025","47252","SECO"
"1038.638.881","001","2025","56120","SECO"
"1038.638.881","001","2025","56301","SECO"
"1038.721.926","006","2025","10890","MAIN"
"1038.721.926","001","2025","10850","MAIN"
"1038.721.926","001","2025","46389","SECO"
"1038.770.624","006","2025","56111","MAIN"
"1038.770.624","001","2025","56111","MAIN"
"1038.771.218","006","2025","77320","MAIN"
"1038.825.557","006","2025","56112","MAIN"
"1038.826.151","006","2025","56111","MAIN"
"1038.826.151","001","2025","70200","SECO"
"1038.826.151","001","2025","56112","MAIN"
"1038.913.946","006","2025","10712","MAIN"
"1038.913.946","001","2025","10712","MAIN"
"1038.913.946","001","2025","47279","SECO"
"1038.943.739","006","2025","95315","MAIN"
"1038.943.739","001","2025","95311","SECO"
"1038.943.739","001","2025","47820","SECO"
"1038.943.739","001","2025","95315","MAIN"
"1038.971.156","006","2025","10712","MAIN"
"1038.971.156","001","2025","56112","SECO"
"1038.971.156","001","2025","47242","SECO"
"1038.971.156","001","2025","47241","MAIN"
"1038.971.156","001","2025","47252","SECO"
"1038.971.156","001","2025","47110","SECO"
"1039.058.159","006","2025","56111","MAIN"
"1039.070.928","006","2025","56301","MAIN"
"1039.070.928","001","2025","56301","SECO"
"1039.070.928","001","2025","56111","MAIN"
"1039.076.866","006","2025","56111","MAIN"
"1039.076.866","001","2025","56112","SECO"
"1039.076.866","001","2025","56111","MAIN"
"1039.089.635","006","2025","56301","MAIN"
"1039.114.379","006","2025","56210","MAIN"
"1039.114.379","001","2025","56210","SECO"
"1039.114.379","001","2025","47230","SECO"
"1039.114.379","001","2025","10850","SECO"
"1039.114.379","001","2025","47110","MAIN"
"1039.114.379","001","2025","47222","SECO"
"1039.114.379","001","2025","47221","SECO"
"1039.206.233","001","2025","43120","SECO"
"1039.206.233","001","2025","42911","SECO"
"1039.206.233","001","2025","81230","SECO"
"1039.206.233","001","2025","37000","MAIN"
"1039.206.233","001","2025","38210","SECO"
"1039.278.091","006","2025","62100","MAIN"
"1039.278.091","001","2025","58290","SECO"
"1039.278.091","001","2025","85599","SECO"
"1039.278.091","001","2025","74999","SECO"
"1039.278.091","001","2025","70100","SECO"
"1039.278.091","001","2025","47400","SECO"
"1039.278.091","001","2025","62100","MAIN"
"1039.334.115","006","2025","10890","MAIN"
"1039.360.443","006","2025","41001","MAIN"
"1039.360.443","001","2025","43310","SECO"
"1039.360.443","001","2025","43341","SECO"
"1039.360.443","001","2025","43320","MAIN"
"1039.360.443","001","2025","43331","SECO"
"1039.421.811","006","2025","10712","MAIN"
"1039.421.811","001","2025","10712","MAIN"
"1039.431.313","006","2025","43320","MAIN"
"1039.431.313","001","2025","43350","SECO"
"1039.431.313","001","2025","25110","SECO"
"1039.431.313","001","2025","43320","SECO"
"1039.431.313","001","2025","31004","SECO"
"1039.431.313","001","2025","43429","MAIN"
"1039.432.006","006","2025","10850","MAIN"
"1039.432.006","001","2025","10890","SECO"
"1039.432.006","001","2025","10850","SECO"
"1039.432.006","001","2025","10200","MAIN"
"1039.457.839","006","2025","59113","MAIN"
"1039.457.839","001","2025","59113","MAIN"
"1039.457.839","001","2025","74201","SECO"
"1039.457.839","001","2025","74209","SECO"
"1039.457.839","001","2025","68203","SECO"
"1039.457.839","001","2025","47400","SECO"
"1039.457.839","001","2025","58290","SECO"
"1039.512.277","006","2025","96210","MAIN"
"1039.512.277","001","2025","96220","SECO"
"1039.512.277","001","2025","47784","SECO"
"1039.512.277","001","2025","47750","MAIN"
"1039.587.404","001","2025","73300","SECO"
"1039.587.404","001","2025","85592","SECO"
"1039.587.404","001","2025","70200","MAIN"
"1039.615.217","006","2025","69201","MAIN"
"1039.615.217","001","2025","69201","MAIN"
"1039.631.152","006","2025","47300","MAIN"
"1039.631.152","001","2025","47300","SECO"
"1039.631.152","001","2025","49500","SECO"
"1039.631.152","001","2025","47252","SECO"
"1039.631.152","001","2025","47260","SECO"
"1039.631.152","001","2025","47781","MAIN"
"1039.677.771","006","2025","56111","MAIN"
"1039.677.771","001","2025","56111","MAIN"
"1039.699.547","006","2025","38110","MAIN"
"1039.913.541","001","2025","75000","MAIN"
"1039.943.037","006","2025","47300","MAIN"
"1039.943.037","001","2025","47241","SECO"
"1039.943.037","001","2025","49500","MAIN"
"1039.943.037","001","2025","47300","SECO"
"1039.943.037","001","2025","47252","SECO"
"1039.943.037","001","2025","47820","SECO"
"1039.943.037","001","2025","47120","SECO"
"1039.964.318","006","2025","82200","MAIN"
"1039.981.540","006","2025","47730","MAIN"
"1040.014.105","006","2025","56111","MAIN"
"1040.040.433","006","2025","56112","MAIN"
"1040.061.615","006","2025","69209","MAIN"
"1040.061.615","001","2025","69201","MAIN"
"1040.101.603","006","2025","56111","MAIN"
"1040.101.603","001","2025","81100","SECO"
"1040.101.603","001","2025","71121","SECO"
"1040.101.603","001","2025","85599","SECO"
"1040.101.603","001","2025","55100","SECO"
"1040.101.603","001","2025","56111","MAIN"
"1040.101.603","001","2025","70200","SECO"
"1040.164.157","006","2025","95316","MAIN"
"1040.164.157","001","2025","95316","MAIN"
"1040.193.158","006","2025","81210","MAIN"
"1040.193.158","001","2025","96102","SECO"
"1040.193.158","001","2025","81210","MAIN"
"1040.193.158","001","2025","81220","SECO"
"1040.193.158","001","2025","81230","SECO"
"1040.193.158","001","2025","82990","SECO"
"1040.210.974","006","2025","62200","MAIN"
"1040.210.974","001","2025","62100","MAIN"
"1040.210.974","001","2025","62200","SECO"
"1040.233.839","001","2025","56112","MAIN"
"1040.233.839","001","2025","46389","SECO"
"1040.233.839","001","2025","56210","SECO"
"1040.233.839","001","2025","59113","SECO"
"1040.233.839","001","2025","10850","SECO"
"1040.240.074","006","2025","49410","MAIN"
"1040.335.391","006","2025","96210","MAIN"
"1040.335.391","001","2025","47750","SECO"
"1040.335.391","001","2025","96220","SECO"
"1040.335.391","001","2025","96210","MAIN"
"1040.362.711","001","2025","63910","SECO"
"1040.362.711","001","2025","90201","SECO"
"1040.362.711","001","2025","63100","SECO"
"1040.362.711","001","2025","74120","SECO"
"1040.362.711","001","2025","62900","MAIN"
"1040.362.711","001","2025","62200","SECO"
"1040.397.551","006","2025","01130","MAIN"
"1040.454.365","006","2025","64210","MAIN"
"1040.515.733","006","2025","97000","MAIN"
"1040.516.327","006","2025","97000","MAIN"
"1040.520.087","006","2025","97000","MAIN"
"1040.520.879","006","2025","46160","MAIN"
"1040.537.905","006","2025","43211","MAIN"
"1040.538.103","006","2025","46170","MAIN"
"1040.553.048","006","2025","93210","MAIN"
"1040.566.609","006","2025","97000","MAIN"
"2.240.812.638","003","2025","93299","MAIN"
"2.240.812.638","003","2025","85599","MAIN"
"2.279.301.743","003","2025","81300","MAIN"
"2.279.301.743","003","2025","43221","MAIN"
"2.279.301.743","003","2025","43320","MAIN"
"2.279.301.743","003","2025","4335002","MAIN"
"2.279.301.743","003","2025","43341","MAIN"
"2.341.717.580","003","2025","95319","SECO"
"2.341.717.580","003","2025","33120","SECO"
"2.341.717.580","003","2025","77310","SECO"
"2.341.717.580","003","2025","25530","SECO"
"2.341.717.580","003","2025","68110","SECO"
"2.341.717.580","003","2025","68201","SECO"
"2.341.717.580","003","2025","77399","SECO"
"2.341.717.580","003","2025","46720","SECO"
"2.341.717.580","003","2025","95315","SECO"
"2.341.717.580","003","2025","82990","SECO"
"2.341.717.580","003","2025","46190","MAIN"
"2.341.717.580","003","2025","46110","MAIN"
"2.341.717.580","003","2025","68204","SECO"
"2.341.717.580","003","2025","47812","SECO"
"2.341.717.580","003","2025","68203","SECO"
"2.341.717.580","003","2025","95312","SECO"
"2.341.717.580","003","2025","4671201","SECO"
"2.341.717.580","003","2025","46712","SECO"
"2.341.717.580","003","2025","47820","SECO"
"2.347.583.805","003","2008","85510","MAIN"
"2.347.583.805","003","2025","82990","SECO"
"2.347.583.805","003","2025","5621001","MAIN"
"2.347.583.805","003","2025","5621002","SECO"
"2.347.583.805","003","2025","85510","MAIN"
"2.347.583.805","003","2025","9529001","SECO"
"2.347.583.805","003","2025","47632","SECO"
"2.347.583.805","003","2025","5622001","MAIN"
"2.347.583.805","003","2025","47639","SECO"
"2.347.583.805","003","2025","47640","SECO"
"2.356.320.832","003","2008","7311006","MAIN"
"2.356.320.832","003","2008","82990","MAIN"
"2.356.320.832","003","2008","82200","MAIN"
"2.356.320.832","003","2025","82200","MAIN"
"2.356.320.832","003","2025","53200","SECO"
"2.356.320.832","003","2025","7311006","MAIN"
"2.356.320.832","003","2025","82990","MAIN"
"2.361.519.636","003","2008","7022002","MAIN"
"2.361.519.636","003","2008","46190","MAIN"
"2.361.519.636","003","2008","4619001","MAIN"
"2.361.519.636","003","2008","7022001","MAIN"
"2.361.519.636","003","2008","70220","MAIN"
"2.361.519.636","003","2025","7020002","SECO"
"2.361.519.636","003","2025","69109","MAIN"
"2.361.519.636","003","2025","70200","SECO"
"2.361.519.636","003","2025","46190","SECO"
"2.361.519.636","003","2025","4619001","SECO"
"2.361.519.636","003","2025","56220","MAIN"
"2.361.519.636","003","2025","7020001","SECO"
"2.361.519.636","003","2025","4755101","MAIN"
"2.361.519.636","003","2025","56112","MAIN"
"2.361.519.636","003","2025","56111","MAIN"
"2.372.727.490","003","2025","56120","SECO"
"2.372.727.490","003","2025","71121","MAIN"
"2.372.727.490","003","2025","56210","SECO"
"2.372.727.490","003","2025","22260","SECO"
"2.372.727.490","003","2025","74140","SECO"
"2.379.231.638","003","2025","47622","SECO"
"2.379.231.638","003","2025","47784","MAIN"
"2.379.231.638","003","2025","70200","SECO"
"2.379.231.638","003","2025","47690","SECO"
"2.379.231.638","003","2025","47559","MAIN"
"2.379.231.638","003","2025","47640","MAIN"
"2.379.231.638","003","2025","47789","MAIN"
"2.379.231.638","003","2025","47770","MAIN"
"2.379.231.638","003","2025","47552","SECO"
"2.379.231.638","003","2025","16281","SECO"
"2.381.514.801","003","2025","47910","MAIN"
"2.381.514.801","003","2025","4619001","MAIN"
"2.381.514.801","003","2025","70200","MAIN"
"2.381.514.801","003","2025","82990","MAIN"
"2.389.483.053","003","2025","8699402","MAIN"
"2.389.483.053","003","2025","9622003","MAIN"
"2.389.483.053","003","2025","4778402","SECO"
"2.389.483.053","003","2025","47750","SECO"
"2.389.483.053","003","2025","96999","MAIN"
"2.389.483.053","003","2025","47722","SECO"
"2.389.483.053","003","2025","96220","MAIN"
"2.389.483.053","003","2025","47715","SECO"
"2.389.483.053","003","2025","9622002","SECO"
"2.389.483.053","003","2025","96210","MAIN"
"2.389.483.053","003","2025","9622001","SECO"
"2.390.602.018","003","2025","73300","MAIN"
"2.390.602.018","003","2025","82990","MAIN"
"2.390.602.018","003","2025","70200","MAIN"
"2.390.602.018","003","2025","85592","MAIN"
"2.390.602.018","003","2025","85599","MAIN"
"2.390.901.530","003","2025","69109","MAIN"
"2.390.902.817","003","2025","75000","MAIN"
"2.390.927.660","003","2025","86931","MAIN"
"2.391.009.022","003","2025","78100","MAIN"
"2.391.009.022","003","2025","78200","MAIN"
"2.391.032.182","003","2025","86931","MAIN"
"2.391.060.985","003","2025","86995","MAIN"
"2.391.060.985","003","2025","86940","MAIN"
"2.391.179.167","003","2025","47716","MAIN"
"2.391.179.167","003","2025","47279","MAIN"
"2.391.179.167","003","2025","85510","MAIN"
"2.391.180.850","003","2025","86940","MAIN"
"2.391.213.019","003","2025","47741","MAIN"
"2.391.213.019","003","2025","86994","MAIN"
"2.391.213.019","003","2025","47750","MAIN"
"2.391.314.175","003","2025","9621001","MAIN"
"2.391.314.175","003","2025","96210","SECO"
"2.391.324.964","003","2025","10850","MAIN"
"2.391.324.964","003","2025","46389","MAIN"
"2.391.324.964","003","2025","56210","MAIN"
"2.391.324.964","003","2025","56112","MAIN"
"2.391.324.964","003","2025","59113","MAIN"
"2.391.354.955","003","2025","86951","MAIN"
"2.391.451.262","003","2025","53200","MAIN"
"2.391.451.262","003","2025","81210","MAIN"
"2.391.451.262","003","2025","81220","MAIN"
"2.391.465.615","003","2025","63100","MAIN"
"2.391.465.615","003","2025","62200","MAIN"
"2.391.465.615","003","2025","90201","SECO"
"2.391.465.615","003","2025","63910","MAIN"
"2.391.465.615","003","2025","74120","SECO"
"2.391.465.615","003","2025","62100","MAIN"
"2.391.465.615","003","2025","62900","MAIN"
"2.391.537.473","003","2025","75000","MAIN"
"2.391.541.730","003","2025","86951","MAIN"
"2.391.550.242","003","2025","58290","MAIN"
"2.391.550.242","003","2025","47910","MAIN"
"2.391.550.242","003","2025","63910","MAIN"
"2.391.550.242","003","2025","73120","MAIN"
"2.391.550.242","003","2025","62100","MAIN"
"2.391.558.853","003","2025","86220","MAIN"
"2.391.564.692","003","2025","86951","MAIN"
"2.391.587.458","003","2025","64999","MAIN"
"2.391.595.772","003","2025","5310003","MAIN"
"2.391.598.445","003","2025","86951","MAIN"
"2.391.600.920","003","2025","4321102","MAIN"
"2.391.622.496","003","2025","81300","MAIN"
"2.391.622.496","003","2025","43310","SECO"
"2.391.622.496","003","2025","82100","MAIN"
"2.391.622.496","003","2025","43211","MAIN"
"2.391.622.496","003","2025","47632","SECO"
"2.391.622.496","003","2025","49330","SECO"
"2.391.622.496","003","2025","43320","SECO"
"2.391.622.496","003","2025","43343","SECO"
"2.391.622.496","003","2025","47830","SECO"
"2.391.622.496","003","2025","43341","SECO"
"2.391.622.496","003","2025","95320","SECO"
"2.391.622.496","003","2025","62900","MAIN"
"2.391.622.496","003","2025","43221","SECO"
"2.391.622.496","003","2025","41001","SECO"
"2.391.622.496","003","2025","95290","MAIN"
"2.391.638.433","003","2025","5611105","MAIN"
"2.391.641.896","003","2025","9622001","MAIN"
"2.391.641.896","003","2025","9622003","MAIN"
"2.391.641.896","003","2025","9622002","MAIN"
"2.391.662.583","003","2025","62100","SECO"
"2.391.662.583","003","2025","81300","MAIN"
"2.391.662.583","003","2025","63100","SECO"
"2.391.676.738","003","2025","10520","MAIN"
"2.391.676.738","003","2025","56112","MAIN"
"2.391.676.738","003","2025","1052001","MAIN"
"2.391.676.738","003","2025","56120","MAIN"
"2.391.678.223","003","2025","4312001","MAIN"
"2.391.678.223","003","2025","81300","MAIN"
"2.391.678.223","003","2025","82990","MAIN"
"2.391.688.715","003","2025","58110","SECO"
"2.391.688.715","003","2025","63920","SECO"
"2.391.688.715","003","2025","85592","SECO"
"2.391.688.715","003","2025","70200","MAIN"
"2.391.688.715","003","2025","85599","SECO"
"2.391.688.715","003","2025","73200","SECO"
"2.391.697.524","003","2025","86951","MAIN"
"2.391.698.811","003","2025","56112","MAIN"
"2.391.698.910","003","2025","4211001","SECO"
"2.391.698.910","003","2025","81300","MAIN"
"2.391.698.910","003","2025","7111301","SECO"
"2.391.698.910","003","2025","4312001","MAIN"
"2.391.698.910","003","2025","81230","SECO"
"2.391.698.910","003","2025","4324003","MAIN"
"2.391.698.910","003","2025","7111302","SECO"
"2.391.713.360","003","2025","59113","MAIN"
"2.391.713.360","003","2025","74201","MAIN"
"2.391.713.360","003","2025","85599","MAIN"
"2.391.713.360","003","2025","82990","MAIN"
"2.391.713.360","003","2025","74209","MAIN"
"2.391.715.934","003","2008","8690501","MAIN"
"2.391.715.934","003","2008","86905","MAIN"
"2.391.715.934","003","2025","86951","MAIN"
